<StartOutput><Paragraphs Count="9"><Paragraph id="0"><Sentences Count="1"><Sentence id="0" offset="0:179"><Text>This spontaneous report as received from Health Canada (000633506 and 000641862) which was initially reported by a Health Care Professional refers to a 54 year old female patient.</Text><Tokens Count="31"><Token POSTag="DT" globalID="0" id="0" offset="0:4"><Text>This</Text></Token><Token POSTag="JJ" globalID="1" id="1" offset="5:16"><Text>spontaneous</Text></Token><Token POSTag="NN" globalID="2" id="2" offset="17:23"><Text>report</Text></Token><Token POSTag="RB" globalID="3" id="3" offset="24:26"><Text>as</Text></Token><Token POSTag="VBN" globalID="4" id="4" offset="27:35"><Text>received</Text></Token><Token POSTag="IN" globalID="5" id="5" offset="36:40"><Text>from</Text></Token><Token POSTag="NN" globalID="6" id="6" offset="41:47"><Text>Health</Text></Token><Token POSTag="NNP" globalID="7" id="7" offset="48:54"><Text>Canada</Text></Token><Token POSTag="-LRB-" globalID="8" id="8" offset="55:56"><Text>(</Text></Token><Token POSTag="CD" globalID="9" id="9" offset="56:65"><Text>000633506</Text></Token><Token POSTag="CC" globalID="10" id="10" offset="66:69"><Text>and</Text></Token><Token POSTag="CD" globalID="11" id="11" offset="70:79"><Text>000641862</Text></Token><Token POSTag="-RRB-" globalID="12" id="12" offset="79:80"><Text>)</Text></Token><Token POSTag="WDT" globalID="13" id="13" offset="81:86"><Text>which</Text></Token><Token POSTag="VBD" globalID="14" id="14" offset="87:90"><Text>was</Text></Token><Token POSTag="RB" globalID="15" id="15" offset="91:100"><Text>initially</Text></Token><Token POSTag="VBN" globalID="16" id="16" offset="101:109"><Text>reported</Text></Token><Token POSTag="IN" globalID="17" id="17" offset="110:112"><Text>by</Text></Token><Token POSTag="DT" globalID="18" id="18" offset="113:114"><Text>a</Text></Token><Token POSTag="NN" globalID="19" id="19" offset="115:121"><Text>Health</Text></Token><Token POSTag="NN" globalID="20" id="20" offset="122:126"><Text>Care</Text></Token><Token POSTag="NN" globalID="21" id="21" offset="127:139"><Text>Professional</Text></Token><Token POSTag="VBZ" globalID="22" id="22" offset="140:146"><Text>refers</Text></Token><Token POSTag="TO" globalID="23" id="23" offset="147:149"><Text>to</Text></Token><Token POSTag="DT" globalID="24" id="24" offset="150:151"><Text>a</Text></Token><Token POSTag="CD" globalID="25" id="25" offset="152:154"><Text>54</Text></Token><Token POSTag="NN" globalID="26" id="26" offset="155:159"><Text>year</Text></Token><Token POSTag="JJ" globalID="27" id="27" offset="160:163"><Text>old</Text></Token><Token POSTag="JJ" globalID="28" id="28" offset="164:170"><Text>female</Text></Token><Token POSTag="NN" globalID="29" id="29" offset="171:178"><Text>patient</Text></Token><Token POSTag="." globalID="30" id="30" offset="178:179"><Text>.</Text></Token></Tokens><ParseTree>(S1 (S (S (NP (NP (DT This) (JJ spontaneous) (NN report)) (VP (RB as) (VBN received) (PP (IN from) (NP (NP (NP (NN Health) (NNP Canada)) (PRN (-LRB- -LRB-) (NP (NP (CD 000633506)) (CC and) (NP (CD 000641862))) (-RRB- -RRB-))) (SBAR (WHNP (WDT which)) (S (VP (VBD was) (ADVP (RB initially)) (VP (VBN reported) (PP (IN by) (NP (DT a) (NN Health) (NN Care) (NN Professional))))))))))) (VP (VBZ refers) (PP (TO to) (NP (DT a) (ADJP (CD 54) (NN year) (JJ old)) (JJ female) (NN patient))))) (. .)))</ParseTree></Sentence></Sentences></Paragraph><Paragraph id="1"><Sentences Count="1"><Sentence id="0" offset="180:240"><Text>Medical history and concurrent conditions were not provided.</Text><Tokens Count="9"><Token POSTag="JJ" globalID="31" id="0" offset="180:187"><Text>Medical</Text></Token><Token POSTag="NN" globalID="32" id="1" offset="188:195"><Text>history</Text></Token><Token POSTag="CC" globalID="33" id="2" offset="196:199"><Text>and</Text></Token><Token POSTag="JJ" globalID="34" id="3" offset="200:210"><Text>concurrent</Text></Token><Token POSTag="NN" globalID="35" id="4" offset="211:221"><Text>conditions</Text><METAMAP>[dsyn]</METAMAP></Token><Token POSTag="VBD" globalID="36" id="5" offset="222:226"><Text>were</Text></Token><Token POSTag="RB" globalID="37" id="6" offset="227:230"><Text>not</Text></Token><Token POSTag="VBN" globalID="38" id="7" offset="231:239"><Text>provided</Text></Token><Token POSTag="." globalID="39" id="8" offset="239:240"><Text>.</Text></Token></Tokens><ParseTree>(S1 (S (S (NP (NP (DT This) (JJ spontaneous) (NN report)) (VP (RB as) (VBN received) (PP (IN from) (NP (NP (NP (NN Health) (NNP Canada)) (PRN (-LRB- -LRB-) (NP (NP (CD 000633506)) (CC and) (NP (CD 000641862))) (-RRB- -RRB-))) (SBAR (WHNP (WDT which)) (S (VP (VBD was) (ADVP (RB initially)) (VP (VBN reported) (PP (IN by) (NP (DT a) (NN Health) (NN Care) (NN Professional))))))))))) (VP (VBZ refers) (PP (TO to) (NP (DT a) (ADJP (CD 54) (NN year) (JJ old)) (JJ female) (NN patient))))) (. .)))</ParseTree></Sentence></Sentences></Paragraph><Paragraph id="2"><Sentences Count="2"><Sentence id="0" offset="242:384"><Text>On an unknown date, the patient started therapy with desloratadine(AERIUS)tablet, oral, 5.0 mg, 1 every 1 day and used for unknown indication.</Text><Tokens Count="31"><Token POSTag="IN" globalID="40" id="0" offset="242:244"><Text>On</Text></Token><Token POSTag="DT" globalID="41" id="1" offset="245:247"><Text>an</Text></Token><Token POSTag="JJ" globalID="42" id="2" offset="248:255"><Text>unknown</Text></Token><Token POSTag="NN" globalID="43" id="3" offset="256:260"><Text>date</Text></Token><Token POSTag="," globalID="44" id="4" offset="260:261"><Text>,</Text></Token><Token POSTag="DT" globalID="45" id="5" offset="262:265"><Text>the</Text></Token><Token POSTag="NN" globalID="46" id="6" offset="266:273"><Text>patient</Text></Token><Token POSTag="VBD" globalID="47" id="7" offset="274:281"><Text>started</Text></Token><Token POSTag="NN" globalID="48" id="8" offset="282:289"><Text>therapy</Text></Token><Token POSTag="IN" globalID="49" id="9" offset="290:294"><Text>with</Text></Token><Token POSTag="NN" globalID="50" id="10" offset="295:308"><Text>desloratadine</Text><METAMAP>[orch,phsu]</METAMAP></Token><Token POSTag="-LRB-" globalID="51" id="11" offset="308:309"><Text>(</Text></Token><Token POSTag="NN" globalID="52" id="12" offset="309:315"><Text>AERIUS</Text><METAMAP>[orch,phsu]</METAMAP></Token><Token POSTag="-RRB-" globalID="53" id="13" offset="315:316"><Text>)</Text></Token><Token POSTag="NN" globalID="54" id="14" offset="316:322"><Text>tablet</Text></Token><Token POSTag="," globalID="55" id="15" offset="322:323"><Text>,</Text></Token><Token POSTag="JJ" globalID="56" id="16" offset="324:328"><Text>oral</Text></Token><Token POSTag="," globalID="57" id="17" offset="328:329"><Text>,</Text></Token><Token POSTag="CD" globalID="58" id="18" offset="330:333"><Text>5.0</Text></Token><Token POSTag="NN" globalID="59" id="19" offset="334:336"><Text>mg</Text></Token><Token POSTag="," globalID="60" id="20" offset="336:337"><Text>,</Text></Token><Token POSTag="CD" globalID="61" id="21" offset="338:339"><Text>1</Text></Token><Token POSTag="DT" globalID="62" id="22" offset="340:345"><Text>every</Text></Token><Token POSTag="CD" globalID="63" id="23" offset="346:347"><Text>1</Text></Token><Token POSTag="NN" globalID="64" id="24" offset="348:351"><Text>day</Text></Token><Token POSTag="CC" globalID="65" id="25" offset="352:355"><Text>and</Text></Token><Token POSTag="VBN" globalID="66" id="26" offset="356:360"><Text>used</Text></Token><Token POSTag="IN" globalID="67" id="27" offset="361:364"><Text>for</Text></Token><Token POSTag="JJ" globalID="68" id="28" offset="365:372"><Text>unknown</Text></Token><Token POSTag="NN" globalID="69" id="29" offset="373:383"><Text>indication</Text></Token><Token POSTag="." globalID="70" id="30" offset="383:384"><Text>.</Text></Token></Tokens><ParseTree>(S1 (S (S (NP (NP (DT This) (JJ spontaneous) (NN report)) (VP (RB as) (VBN received) (PP (IN from) (NP (NP (NP (NN Health) (NNP Canada)) (PRN (-LRB- -LRB-) (NP (NP (CD 000633506)) (CC and) (NP (CD 000641862))) (-RRB- -RRB-))) (SBAR (WHNP (WDT which)) (S (VP (VBD was) (ADVP (RB initially)) (VP (VBN reported) (PP (IN by) (NP (DT a) (NN Health) (NN Care) (NN Professional))))))))))) (VP (VBZ refers) (PP (TO to) (NP (DT a) (ADJP (CD 54) (NN year) (JJ old)) (JJ female) (NN patient))))) (. .)))</ParseTree></Sentence><Sentence id="1" offset="386:1649"><Text>Other suspect therapies included clopidogrel tablet, 75 mg 1 every 1 day  (route and indication unknown), tolterodine tartrate(DETROL LA)sustained release capsule, 40mg, 1 every 1 day (route and indication unknown), domperidone(manufacturer unknown)tablet, 10mg, 2 every 1 day (route and indication unknown), aspirin(ECOTRIN)tablet, 1DF, 1 every 1 day (route and indication unknown), imipramine tablet, 25mg, 2 every 1 day (route and indication unknown), trandolapril(MAVIK)strength: 2mg, capsule, 2.0 mg, 1 every 1 day (route and indication unknown), pantoprazole 40mg, 1 every 1 day (route and indication unknown), rosuvastatin tablet, 20mg, 1 every 1 day, (route and indication unknown), ustekinumab(STELARA)solution subcutaneous, (dose, route and indication unknown), sucralfate(SULCRATE)1000mg, 2 every 1 day (route and indication unknown), atenolol tablet, 50mg, 1 every 1 day, (route and indication unknown), clarithromycin 100mg, 1 every 1 day (route and indication unknown), ciclesonide(ALVESCO)aerosol, 4000 mcg (route and indication unknown, ezetimibe(EZETROL)tablet, 10mg, 1 every 1 day (route and indication unknown) and montelukast sodium(manufacturer unknown) dose, route, frequency and indication unknown, also reported as concomitant therapy.    </Text><Tokens Count="271"><Token POSTag="JJ" globalID="71" id="0" offset="386:391"><Text>Other</Text></Token><Token POSTag="NN" globalID="72" id="1" offset="392:399"><Text>suspect</Text></Token><Token POSTag="NNS" globalID="73" id="2" offset="400:409"><Text>therapies</Text></Token><Token POSTag="VBD" globalID="74" id="3" offset="410:418"><Text>included</Text></Token><Token POSTag="NN" globalID="75" id="4" offset="419:430"><Text>clopidogrel</Text><METAMAP>[orch,phsu]</METAMAP></Token><Token POSTag="NN" globalID="76" id="5" offset="431:437"><Text>tablet</Text></Token><Token POSTag="," globalID="77" id="6" offset="437:438"><Text>,</Text></Token><Token POSTag="CD" globalID="78" id="7" offset="439:441"><Text>75</Text></Token><Token POSTag="NN" globalID="79" id="8" offset="442:444"><Text>mg</Text></Token><Token POSTag="CD" globalID="80" id="9" offset="445:446"><Text>1</Text></Token><Token POSTag="DT" globalID="81" id="10" offset="447:452"><Text>every</Text></Token><Token POSTag="CD" globalID="82" id="11" offset="453:454"><Text>1</Text></Token><Token POSTag="NN" globalID="83" id="12" offset="455:458"><Text>day</Text></Token><Token POSTag="-LRB-" globalID="84" id="13" offset="460:461"><Text>(</Text></Token><Token POSTag="NN" globalID="85" id="14" offset="461:466"><Text>route</Text></Token><Token POSTag="CC" globalID="86" id="15" offset="467:470"><Text>and</Text></Token><Token POSTag="NN" globalID="87" id="16" offset="471:481"><Text>indication</Text></Token><Token POSTag="JJ" globalID="88" id="17" offset="482:489"><Text>unknown</Text></Token><Token POSTag="-RRB-" globalID="89" id="18" offset="489:490"><Text>)</Text></Token><Token POSTag="," globalID="90" id="19" offset="490:491"><Text>,</Text></Token><Token POSTag="NN" globalID="91" id="20" offset="492:503"><Text>tolterodine</Text><METAMAP>[orch,phsu]</METAMAP></Token><Token POSTag="NN" globalID="92" id="21" offset="504:512"><Text>tartrate</Text><METAMAP>[orch,phsu]</METAMAP></Token><Token POSTag="-LRB-" globalID="93" id="22" offset="512:513"><Text>(</Text></Token><Token POSTag="NN" globalID="94" id="23" offset="513:519"><Text>DETROL</Text><METAMAP>[orch,phsu]</METAMAP></Token><Token POSTag="NN" globalID="95" id="24" offset="520:522"><Text>LA</Text><METAMAP>[orch,phsu]</METAMAP></Token><Token POSTag="-RRB-" globalID="96" id="25" offset="522:523"><Text>)</Text></Token><Token POSTag="JJ" globalID="97" id="26" offset="523:532"><Text>sustained</Text></Token><Token POSTag="NN" globalID="98" id="27" offset="533:540"><Text>release</Text></Token><Token POSTag="NN" globalID="99" id="28" offset="541:548"><Text>capsule</Text></Token><Token POSTag="," globalID="100" id="29" offset="548:549"><Text>,</Text></Token><Token POSTag="NN" globalID="101" id="30" offset="550:554"><Text>40mg</Text></Token><Token POSTag="," globalID="102" id="31" offset="554:555"><Text>,</Text></Token><Token POSTag="CD" globalID="103" id="32" offset="556:557"><Text>1</Text></Token><Token POSTag="DT" globalID="104" id="33" offset="558:563"><Text>every</Text></Token><Token POSTag="CD" globalID="105" id="34" offset="564:565"><Text>1</Text></Token><Token POSTag="NN" globalID="106" id="35" offset="566:569"><Text>day</Text></Token><Token POSTag="-LRB-" globalID="107" id="36" offset="570:571"><Text>(</Text></Token><Token POSTag="NN" globalID="108" id="37" offset="571:576"><Text>route</Text></Token><Token POSTag="CC" globalID="109" id="38" offset="577:580"><Text>and</Text></Token><Token POSTag="NN" globalID="110" id="39" offset="581:591"><Text>indication</Text></Token><Token POSTag="JJ" globalID="111" id="40" offset="592:599"><Text>unknown</Text></Token><Token POSTag="-RRB-" globalID="112" id="41" offset="599:600"><Text>)</Text></Token><Token POSTag="," globalID="113" id="42" offset="600:601"><Text>,</Text></Token><Token POSTag="NN" globalID="114" id="43" offset="602:613"><Text>domperidone</Text><METAMAP>[orch,phsu]</METAMAP></Token><Token POSTag="-LRB-" globalID="115" id="44" offset="613:614"><Text>(</Text></Token><Token POSTag="NN" globalID="116" id="45" offset="614:626"><Text>manufacturer</Text></Token><Token POSTag="JJ" globalID="117" id="46" offset="627:634"><Text>unknown</Text></Token><Token POSTag="-RRB-" globalID="118" id="47" offset="634:635"><Text>)</Text></Token><Token POSTag="NN" globalID="119" id="48" offset="635:641"><Text>tablet</Text></Token><Token POSTag="," globalID="120" id="49" offset="641:642"><Text>,</Text></Token><Token POSTag="NN" globalID="121" id="50" offset="643:647"><Text>10mg</Text></Token><Token POSTag="," globalID="122" id="51" offset="647:648"><Text>,</Text></Token><Token POSTag="CD" globalID="123" id="52" offset="649:650"><Text>2</Text></Token><Token POSTag="DT" globalID="124" id="53" offset="651:656"><Text>every</Text></Token><Token POSTag="CD" globalID="125" id="54" offset="657:658"><Text>1</Text></Token><Token POSTag="NN" globalID="126" id="55" offset="659:662"><Text>day</Text></Token><Token POSTag="-LRB-" globalID="127" id="56" offset="663:664"><Text>(</Text></Token><Token POSTag="NN" globalID="128" id="57" offset="664:669"><Text>route</Text></Token><Token POSTag="CC" globalID="129" id="58" offset="670:673"><Text>and</Text></Token><Token POSTag="NN" globalID="130" id="59" offset="674:684"><Text>indication</Text></Token><Token POSTag="JJ" globalID="131" id="60" offset="685:692"><Text>unknown</Text></Token><Token POSTag="-RRB-" globalID="132" id="61" offset="692:693"><Text>)</Text></Token><Token POSTag="," globalID="133" id="62" offset="693:694"><Text>,</Text></Token><Token POSTag="NN" globalID="134" id="63" offset="695:702"><Text>aspirin</Text><METAMAP>[orch,phsu]</METAMAP></Token><Token POSTag="-LRB-" globalID="135" id="64" offset="702:703"><Text>(</Text></Token><Token POSTag="NN" globalID="136" id="65" offset="703:710"><Text>ECOTRIN</Text><METAMAP>[orch,phsu]</METAMAP></Token><Token POSTag="-RRB-" globalID="137" id="66" offset="710:711"><Text>)</Text></Token><Token POSTag="NN" globalID="138" id="67" offset="711:717"><Text>tablet</Text></Token><Token POSTag="," globalID="139" id="68" offset="717:718"><Text>,</Text></Token><Token POSTag="NN" globalID="140" id="69" offset="719:722"><Text>1DF</Text></Token><Token POSTag="," globalID="141" id="70" offset="722:723"><Text>,</Text></Token><Token POSTag="CD" globalID="142" id="71" offset="724:725"><Text>1</Text></Token><Token POSTag="DT" globalID="143" id="72" offset="726:731"><Text>every</Text></Token><Token POSTag="CD" globalID="144" id="73" offset="732:733"><Text>1</Text></Token><Token POSTag="NN" globalID="145" id="74" offset="734:737"><Text>day</Text></Token><Token POSTag="-LRB-" globalID="146" id="75" offset="738:739"><Text>(</Text></Token><Token POSTag="NN" globalID="147" id="76" offset="739:744"><Text>route</Text></Token><Token POSTag="CC" globalID="148" id="77" offset="745:748"><Text>and</Text></Token><Token POSTag="NN" globalID="149" id="78" offset="749:759"><Text>indication</Text></Token><Token POSTag="JJ" globalID="150" id="79" offset="760:767"><Text>unknown</Text></Token><Token POSTag="-RRB-" globalID="151" id="80" offset="767:768"><Text>)</Text></Token><Token POSTag="," globalID="152" id="81" offset="768:769"><Text>,</Text></Token><Token POSTag="NN" globalID="153" id="82" offset="770:780"><Text>imipramine</Text><METAMAP>[orch,phsu]</METAMAP></Token><Token POSTag="NN" globalID="154" id="83" offset="781:787"><Text>tablet</Text></Token><Token POSTag="," globalID="155" id="84" offset="787:788"><Text>,</Text></Token><Token POSTag="NN" globalID="156" id="85" offset="789:793"><Text>25mg</Text></Token><Token POSTag="," globalID="157" id="86" offset="793:794"><Text>,</Text></Token><Token POSTag="CD" globalID="158" id="87" offset="795:796"><Text>2</Text></Token><Token POSTag="DT" globalID="159" id="88" offset="797:802"><Text>every</Text></Token><Token POSTag="CD" globalID="160" id="89" offset="803:804"><Text>1</Text></Token><Token POSTag="NN" globalID="161" id="90" offset="805:808"><Text>day</Text></Token><Token POSTag="-LRB-" globalID="162" id="91" offset="809:810"><Text>(</Text></Token><Token POSTag="NN" globalID="163" id="92" offset="810:815"><Text>route</Text></Token><Token POSTag="CC" globalID="164" id="93" offset="816:819"><Text>and</Text></Token><Token POSTag="NN" globalID="165" id="94" offset="820:830"><Text>indication</Text></Token><Token POSTag="JJ" globalID="166" id="95" offset="831:838"><Text>unknown</Text></Token><Token POSTag="-RRB-" globalID="167" id="96" offset="838:839"><Text>)</Text></Token><Token POSTag="," globalID="168" id="97" offset="839:840"><Text>,</Text></Token><Token POSTag="NN" globalID="169" id="98" offset="841:853"><Text>trandolapril</Text><METAMAP>[orch,phsu]</METAMAP></Token><Token POSTag="-LRB-" globalID="170" id="99" offset="853:854"><Text>(</Text></Token><Token POSTag="NN" globalID="171" id="100" offset="854:859"><Text>MAVIK</Text><METAMAP>[orch,phsu]</METAMAP></Token><Token POSTag="-RRB-" globalID="172" id="101" offset="859:860"><Text>)</Text></Token><Token POSTag="NN" globalID="173" id="102" offset="860:868"><Text>strength</Text></Token><Token POSTag=":" globalID="174" id="103" offset="868:869"><Text>:</Text></Token><Token POSTag="NN" globalID="175" id="104" offset="870:873"><Text>2mg</Text></Token><Token POSTag="," globalID="176" id="105" offset="873:874"><Text>,</Text></Token><Token POSTag="NN" globalID="177" id="106" offset="875:882"><Text>capsule</Text></Token><Token POSTag="," globalID="178" id="107" offset="882:883"><Text>,</Text></Token><Token POSTag="CD" globalID="179" id="108" offset="884:887"><Text>2.0</Text></Token><Token POSTag="NN" globalID="180" id="109" offset="888:890"><Text>mg</Text></Token><Token POSTag="," globalID="181" id="110" offset="890:891"><Text>,</Text></Token><Token POSTag="CD" globalID="182" id="111" offset="892:893"><Text>1</Text></Token><Token POSTag="DT" globalID="183" id="112" offset="894:899"><Text>every</Text></Token><Token POSTag="CD" globalID="184" id="113" offset="900:901"><Text>1</Text></Token><Token POSTag="NN" globalID="185" id="114" offset="902:905"><Text>day</Text></Token><Token POSTag="-LRB-" globalID="186" id="115" offset="906:907"><Text>(</Text></Token><Token POSTag="NN" globalID="187" id="116" offset="907:912"><Text>route</Text></Token><Token POSTag="CC" globalID="188" id="117" offset="913:916"><Text>and</Text></Token><Token POSTag="NN" globalID="189" id="118" offset="917:927"><Text>indication</Text></Token><Token POSTag="JJ" globalID="190" id="119" offset="928:935"><Text>unknown</Text></Token><Token POSTag="-RRB-" globalID="191" id="120" offset="935:936"><Text>)</Text></Token><Token POSTag="," globalID="192" id="121" offset="936:937"><Text>,</Text></Token><Token POSTag="JJ" globalID="193" id="122" offset="938:950"><Text>pantoprazole</Text><METAMAP>[orch,phsu]</METAMAP></Token><Token POSTag="NN" globalID="194" id="123" offset="951:955"><Text>40mg</Text></Token><Token POSTag="," globalID="195" id="124" offset="955:956"><Text>,</Text></Token><Token POSTag="CD" globalID="196" id="125" offset="957:958"><Text>1</Text></Token><Token POSTag="DT" globalID="197" id="126" offset="959:964"><Text>every</Text></Token><Token POSTag="CD" globalID="198" id="127" offset="965:966"><Text>1</Text></Token><Token POSTag="NN" globalID="199" id="128" offset="967:970"><Text>day</Text></Token><Token POSTag="-LRB-" globalID="200" id="129" offset="971:972"><Text>(</Text></Token><Token POSTag="NN" globalID="201" id="130" offset="972:977"><Text>route</Text></Token><Token POSTag="CC" globalID="202" id="131" offset="978:981"><Text>and</Text></Token><Token POSTag="NN" globalID="203" id="132" offset="982:992"><Text>indication</Text></Token><Token POSTag="JJ" globalID="204" id="133" offset="993:1000"><Text>unknown</Text></Token><Token POSTag="-RRB-" globalID="205" id="134" offset="1000:1001"><Text>)</Text></Token><Token POSTag="," globalID="206" id="135" offset="1001:1002"><Text>,</Text></Token><Token POSTag="NN" globalID="207" id="136" offset="1003:1015"><Text>rosuvastatin</Text><METAMAP>[orch,phsu]</METAMAP></Token><Token POSTag="NN" globalID="208" id="137" offset="1016:1022"><Text>tablet</Text></Token><Token POSTag="," globalID="209" id="138" offset="1022:1023"><Text>,</Text></Token><Token POSTag="NN" globalID="210" id="139" offset="1024:1028"><Text>20mg</Text></Token><Token POSTag="," globalID="211" id="140" offset="1028:1029"><Text>,</Text></Token><Token POSTag="CD" globalID="212" id="141" offset="1030:1031"><Text>1</Text></Token><Token POSTag="DT" globalID="213" id="142" offset="1032:1037"><Text>every</Text></Token><Token POSTag="CD" globalID="214" id="143" offset="1038:1039"><Text>1</Text></Token><Token POSTag="NN" globalID="215" id="144" offset="1040:1043"><Text>day</Text></Token><Token POSTag="," globalID="216" id="145" offset="1043:1044"><Text>,</Text></Token><Token POSTag="-LRB-" globalID="217" id="146" offset="1045:1046"><Text>(</Text></Token><Token POSTag="NN" globalID="218" id="147" offset="1046:1051"><Text>route</Text></Token><Token POSTag="CC" globalID="219" id="148" offset="1052:1055"><Text>and</Text></Token><Token POSTag="NN" globalID="220" id="149" offset="1056:1066"><Text>indication</Text></Token><Token POSTag="JJ" globalID="221" id="150" offset="1067:1074"><Text>unknown</Text></Token><Token POSTag="-RRB-" globalID="222" id="151" offset="1074:1075"><Text>)</Text></Token><Token POSTag="," globalID="223" id="152" offset="1075:1076"><Text>,</Text></Token><Token POSTag="NN" globalID="224" id="153" offset="1077:1088"><Text>ustekinumab</Text></Token><Token POSTag="-LRB-" globalID="225" id="154" offset="1088:1089"><Text>(</Text></Token><Token POSTag="NN" globalID="226" id="155" offset="1089:1096"><Text>STELARA</Text></Token><Token POSTag="-RRB-" globalID="227" id="156" offset="1096:1097"><Text>)</Text></Token><Token POSTag="NN" globalID="228" id="157" offset="1097:1105"><Text>solution</Text></Token><Token POSTag="NN" globalID="229" id="158" offset="1106:1118"><Text>subcutaneous</Text></Token><Token POSTag="," globalID="230" id="159" offset="1118:1119"><Text>,</Text></Token><Token POSTag="-LRB-" globalID="231" id="160" offset="1120:1121"><Text>(</Text></Token><Token POSTag="NN" globalID="232" id="161" offset="1121:1125"><Text>dose</Text></Token><Token POSTag="," globalID="233" id="162" offset="1125:1126"><Text>,</Text></Token><Token POSTag="NN" globalID="234" id="163" offset="1127:1132"><Text>route</Text></Token><Token POSTag="CC" globalID="235" id="164" offset="1133:1136"><Text>and</Text></Token><Token POSTag="NN" globalID="236" id="165" offset="1137:1147"><Text>indication</Text></Token><Token POSTag="JJ" globalID="237" id="166" offset="1148:1155"><Text>unknown</Text></Token><Token POSTag="-RRB-" globalID="238" id="167" offset="1155:1156"><Text>)</Text></Token><Token POSTag="," globalID="239" id="168" offset="1156:1157"><Text>,</Text></Token><Token POSTag="NN" globalID="240" id="169" offset="1158:1168"><Text>sucralfate</Text></Token><Token POSTag="-LRB-" globalID="241" id="170" offset="1168:1169"><Text>(</Text></Token><Token POSTag="NN" globalID="242" id="171" offset="1169:1177"><Text>SULCRATE</Text></Token><Token POSTag="-RRB-" globalID="243" id="172" offset="1177:1178"><Text>)</Text></Token><Token POSTag="NN" globalID="244" id="173" offset="1178:1184"><Text>1000mg</Text></Token><Token POSTag="," globalID="245" id="174" offset="1184:1185"><Text>,</Text></Token><Token POSTag="CD" globalID="246" id="175" offset="1186:1187"><Text>2</Text></Token><Token POSTag="DT" globalID="247" id="176" offset="1188:1193"><Text>every</Text></Token><Token POSTag="CD" globalID="248" id="177" offset="1194:1195"><Text>1</Text></Token><Token POSTag="NN" globalID="249" id="178" offset="1196:1199"><Text>day</Text></Token><Token POSTag="-LRB-" globalID="250" id="179" offset="1200:1201"><Text>(</Text></Token><Token POSTag="NN" globalID="251" id="180" offset="1201:1206"><Text>route</Text></Token><Token POSTag="CC" globalID="252" id="181" offset="1207:1210"><Text>and</Text></Token><Token POSTag="NN" globalID="253" id="182" offset="1211:1221"><Text>indication</Text></Token><Token POSTag="JJ" globalID="254" id="183" offset="1222:1229"><Text>unknown</Text></Token><Token POSTag="-RRB-" globalID="255" id="184" offset="1229:1230"><Text>)</Text></Token><Token POSTag="," globalID="256" id="185" offset="1230:1231"><Text>,</Text></Token><Token POSTag="NN" globalID="257" id="186" offset="1232:1240"><Text>atenolol</Text><METAMAP>[orch,phsu]</METAMAP></Token><Token POSTag="NN" globalID="258" id="187" offset="1241:1247"><Text>tablet</Text></Token><Token POSTag="," globalID="259" id="188" offset="1247:1248"><Text>,</Text></Token><Token POSTag="NN" globalID="260" id="189" offset="1249:1253"><Text>50mg</Text></Token><Token POSTag="," globalID="261" id="190" offset="1253:1254"><Text>,</Text></Token><Token POSTag="CD" globalID="262" id="191" offset="1255:1256"><Text>1</Text></Token><Token POSTag="DT" globalID="263" id="192" offset="1257:1262"><Text>every</Text></Token><Token POSTag="CD" globalID="264" id="193" offset="1263:1264"><Text>1</Text></Token><Token POSTag="NN" globalID="265" id="194" offset="1265:1268"><Text>day</Text></Token><Token POSTag="," globalID="266" id="195" offset="1268:1269"><Text>,</Text></Token><Token POSTag="-LRB-" globalID="267" id="196" offset="1270:1271"><Text>(</Text></Token><Token POSTag="NN" globalID="268" id="197" offset="1271:1276"><Text>route</Text></Token><Token POSTag="CC" globalID="269" id="198" offset="1277:1280"><Text>and</Text></Token><Token POSTag="NN" globalID="270" id="199" offset="1281:1291"><Text>indication</Text></Token><Token POSTag="JJ" globalID="271" id="200" offset="1292:1299"><Text>unknown</Text></Token><Token POSTag="-RRB-" globalID="272" id="201" offset="1299:1300"><Text>)</Text></Token><Token POSTag="," globalID="273" id="202" offset="1300:1301"><Text>,</Text></Token><Token POSTag="NN" globalID="274" id="203" offset="1302:1316"><Text>clarithromycin</Text></Token><Token POSTag="NN" globalID="275" id="204" offset="1317:1322"><Text>100mg</Text></Token><Token POSTag="," globalID="276" id="205" offset="1322:1323"><Text>,</Text></Token><Token POSTag="CD" globalID="277" id="206" offset="1324:1325"><Text>1</Text></Token><Token POSTag="DT" globalID="278" id="207" offset="1326:1331"><Text>every</Text></Token><Token POSTag="CD" globalID="279" id="208" offset="1332:1333"><Text>1</Text></Token><Token POSTag="NN" globalID="280" id="209" offset="1334:1337"><Text>day</Text></Token><Token POSTag="-LRB-" globalID="281" id="210" offset="1338:1339"><Text>(</Text></Token><Token POSTag="NN" globalID="282" id="211" offset="1339:1344"><Text>route</Text></Token><Token POSTag="CC" globalID="283" id="212" offset="1345:1348"><Text>and</Text></Token><Token POSTag="NN" globalID="284" id="213" offset="1349:1359"><Text>indication</Text></Token><Token POSTag="JJ" globalID="285" id="214" offset="1360:1367"><Text>unknown</Text></Token><Token POSTag="-RRB-" globalID="286" id="215" offset="1367:1368"><Text>)</Text></Token><Token POSTag="," globalID="287" id="216" offset="1368:1369"><Text>,</Text></Token><Token POSTag="NN" globalID="288" id="217" offset="1370:1381"><Text>ciclesonide</Text></Token><Token POSTag="-LRB-" globalID="289" id="218" offset="1381:1382"><Text>(</Text></Token><Token POSTag="NN" globalID="290" id="219" offset="1382:1389"><Text>ALVESCO</Text></Token><Token POSTag="-RRB-" globalID="291" id="220" offset="1389:1390"><Text>)</Text></Token><Token POSTag="NN" globalID="292" id="221" offset="1390:1397"><Text>aerosol</Text></Token><Token POSTag="," globalID="293" id="222" offset="1397:1398"><Text>,</Text></Token><Token POSTag="CD" globalID="294" id="223" offset="1399:1403"><Text>4000</Text></Token><Token POSTag="NN" globalID="295" id="224" offset="1404:1407"><Text>mcg</Text></Token><Token POSTag="-LRB-" globalID="296" id="225" offset="1408:1409"><Text>(</Text></Token><Token POSTag="NN" globalID="297" id="226" offset="1409:1414"><Text>route</Text></Token><Token POSTag="CC" globalID="298" id="227" offset="1415:1418"><Text>and</Text></Token><Token POSTag="NN" globalID="299" id="228" offset="1419:1429"><Text>indication</Text></Token><Token POSTag="JJ" globalID="300" id="229" offset="1430:1437"><Text>unknown</Text></Token><Token POSTag="," globalID="301" id="230" offset="1437:1438"><Text>,</Text></Token><Token POSTag="NNS" globalID="302" id="231" offset="1439:1448"><Text>ezetimibe</Text><METAMAP>[orch,phsu]</METAMAP></Token><Token POSTag="-LRB-" globalID="303" id="232" offset="1448:1449"><Text>(</Text></Token><Token POSTag="NN" globalID="304" id="233" offset="1449:1456"><Text>EZETROL</Text><METAMAP>[orch,phsu]</METAMAP></Token><Token POSTag="-RRB-" globalID="305" id="234" offset="1456:1457"><Text>)</Text></Token><Token POSTag="NN" globalID="306" id="235" offset="1457:1463"><Text>tablet</Text></Token><Token POSTag="," globalID="307" id="236" offset="1463:1464"><Text>,</Text></Token><Token POSTag="NN" globalID="308" id="237" offset="1465:1469"><Text>10mg</Text></Token><Token POSTag="," globalID="309" id="238" offset="1469:1470"><Text>,</Text></Token><Token POSTag="CD" globalID="310" id="239" offset="1471:1472"><Text>1</Text></Token><Token POSTag="DT" globalID="311" id="240" offset="1473:1478"><Text>every</Text></Token><Token POSTag="CD" globalID="312" id="241" offset="1479:1480"><Text>1</Text></Token><Token POSTag="NN" globalID="313" id="242" offset="1481:1484"><Text>day</Text></Token><Token POSTag="-LRB-" globalID="314" id="243" offset="1485:1486"><Text>(</Text></Token><Token POSTag="NN" globalID="315" id="244" offset="1486:1491"><Text>route</Text></Token><Token POSTag="CC" globalID="316" id="245" offset="1492:1495"><Text>and</Text></Token><Token POSTag="NN" globalID="317" id="246" offset="1496:1506"><Text>indication</Text></Token><Token POSTag="JJ" globalID="318" id="247" offset="1507:1514"><Text>unknown</Text></Token><Token POSTag="-RRB-" globalID="319" id="248" offset="1514:1515"><Text>)</Text></Token><Token POSTag="CC" globalID="320" id="249" offset="1516:1519"><Text>and</Text></Token><Token POSTag="NN" globalID="321" id="250" offset="1520:1531"><Text>montelukast</Text><METAMAP>[orch,phsu]</METAMAP></Token><Token POSTag="NN" globalID="322" id="251" offset="1532:1538"><Text>sodium</Text><METAMAP>[orch,phsu]</METAMAP></Token><Token POSTag="-LRB-" globalID="323" id="252" offset="1538:1539"><Text>(</Text></Token><Token POSTag="NN" globalID="324" id="253" offset="1539:1551"><Text>manufacturer</Text></Token><Token POSTag="JJ" globalID="325" id="254" offset="1552:1559"><Text>unknown</Text></Token><Token POSTag="-RRB-" globalID="326" id="255" offset="1559:1560"><Text>)</Text></Token><Token POSTag="NN" globalID="327" id="256" offset="1561:1565"><Text>dose</Text></Token><Token POSTag="," globalID="328" id="257" offset="1565:1566"><Text>,</Text></Token><Token POSTag="NN" globalID="329" id="258" offset="1567:1572"><Text>route</Text></Token><Token POSTag="," globalID="330" id="259" offset="1572:1573"><Text>,</Text></Token><Token POSTag="NN" globalID="331" id="260" offset="1574:1583"><Text>frequency</Text></Token><Token POSTag="CC" globalID="332" id="261" offset="1584:1587"><Text>and</Text></Token><Token POSTag="NN" globalID="333" id="262" offset="1588:1598"><Text>indication</Text></Token><Token POSTag="JJ" globalID="334" id="263" offset="1599:1606"><Text>unknown</Text></Token><Token POSTag="," globalID="335" id="264" offset="1606:1607"><Text>,</Text></Token><Token POSTag="RB" globalID="336" id="265" offset="1608:1612"><Text>also</Text></Token><Token POSTag="VBN" globalID="337" id="266" offset="1613:1621"><Text>reported</Text></Token><Token POSTag="IN" globalID="338" id="267" offset="1622:1624"><Text>as</Text></Token><Token POSTag="JJ" globalID="339" id="268" offset="1625:1636"><Text>concomitant</Text></Token><Token POSTag="NN" globalID="340" id="269" offset="1637:1644"><Text>therapy</Text></Token><Token POSTag="." globalID="341" id="270" offset="1644:1645"><Text>.</Text></Token></Tokens><ParseTree>(S1 (S (S (NP (NP (DT This) (JJ spontaneous) (NN report)) (VP (RB as) (VBN received) (PP (IN from) (NP (NP (NP (NN Health) (NNP Canada)) (PRN (-LRB- -LRB-) (NP (NP (CD 000633506)) (CC and) (NP (CD 000641862))) (-RRB- -RRB-))) (SBAR (WHNP (WDT which)) (S (VP (VBD was) (ADVP (RB initially)) (VP (VBN reported) (PP (IN by) (NP (DT a) (NN Health) (NN Care) (NN Professional))))))))))) (VP (VBZ refers) (PP (TO to) (NP (DT a) (ADJP (CD 54) (NN year) (JJ old)) (JJ female) (NN patient))))) (. .)))</ParseTree></Sentence></Sentences></Paragraph><Paragraph id="3"><Sentences Count="1"><Sentence id="0" offset="1651:1756"><Text>On an unknown date, the patient experienced hallucination, auditory, psychotic disorder and paranoia.    </Text><Tokens Count="17"><Token POSTag="IN" globalID="342" id="0" offset="1651:1653"><Text>On</Text></Token><Token POSTag="DT" globalID="343" id="1" offset="1654:1656"><Text>an</Text></Token><Token POSTag="JJ" globalID="344" id="2" offset="1657:1664"><Text>unknown</Text></Token><Token POSTag="NN" globalID="345" id="3" offset="1665:1669"><Text>date</Text></Token><Token POSTag="," globalID="346" id="4" offset="1669:1670"><Text>,</Text></Token><Token POSTag="DT" globalID="347" id="5" offset="1671:1674"><Text>the</Text></Token><Token POSTag="NN" globalID="348" id="6" offset="1675:1682"><Text>patient</Text></Token><Token POSTag="VBN" globalID="349" id="7" offset="1683:1694"><Text>experienced</Text></Token><Token POSTag="NN" globalID="350" id="8" offset="1695:1708"><Text>hallucination</Text></Token><Token POSTag="," globalID="351" id="9" offset="1708:1709"><Text>,</Text></Token><Token POSTag="NN" globalID="352" id="10" offset="1710:1718"><Text>auditory</Text></Token><Token POSTag="," globalID="353" id="11" offset="1718:1719"><Text>,</Text></Token><Token POSTag="JJ" globalID="354" id="12" offset="1720:1729"><Text>psychotic</Text></Token><Token POSTag="NN" globalID="355" id="13" offset="1730:1738"><Text>disorder</Text></Token><Token POSTag="CC" globalID="356" id="14" offset="1739:1742"><Text>and</Text></Token><Token POSTag="NN" globalID="357" id="15" offset="1743:1751"><Text>paranoia</Text></Token><Token POSTag="." globalID="358" id="16" offset="1751:1752"><Text>.</Text></Token></Tokens><ParseTree>(S1 (S (S (NP (NP (DT This) (JJ spontaneous) (NN report)) (VP (RB as) (VBN received) (PP (IN from) (NP (NP (NP (NN Health) (NNP Canada)) (PRN (-LRB- -LRB-) (NP (NP (CD 000633506)) (CC and) (NP (CD 000641862))) (-RRB- -RRB-))) (SBAR (WHNP (WDT which)) (S (VP (VBD was) (ADVP (RB initially)) (VP (VBN reported) (PP (IN by) (NP (DT a) (NN Health) (NN Care) (NN Professional))))))))))) (VP (VBZ refers) (PP (TO to) (NP (DT a) (ADJP (CD 54) (NN year) (JJ old)) (JJ female) (NN patient))))) (. .)))</ParseTree></Sentence></Sentences></Paragraph><Paragraph id="4"><Sentences Count="1"><Sentence id="0" offset="1758:1809"><Text>The action taken with suspect products was unknown.</Text><Tokens Count="9"><Token POSTag="DT" globalID="359" id="0" offset="1758:1761"><Text>The</Text></Token><Token POSTag="NN" globalID="360" id="1" offset="1762:1768"><Text>action</Text></Token><Token POSTag="VBN" globalID="361" id="2" offset="1769:1774"><Text>taken</Text></Token><Token POSTag="IN" globalID="362" id="3" offset="1775:1779"><Text>with</Text></Token><Token POSTag="NN" globalID="363" id="4" offset="1780:1787"><Text>suspect</Text></Token><Token POSTag="NNS" globalID="364" id="5" offset="1788:1796"><Text>products</Text></Token><Token POSTag="VBD" globalID="365" id="6" offset="1797:1800"><Text>was</Text></Token><Token POSTag="JJ" globalID="366" id="7" offset="1801:1808"><Text>unknown</Text></Token><Token POSTag="." globalID="367" id="8" offset="1808:1809"><Text>.</Text></Token></Tokens><ParseTree>(S1 (S (S (NP (NP (DT This) (JJ spontaneous) (NN report)) (VP (RB as) (VBN received) (PP (IN from) (NP (NP (NP (NN Health) (NNP Canada)) (PRN (-LRB- -LRB-) (NP (NP (CD 000633506)) (CC and) (NP (CD 000641862))) (-RRB- -RRB-))) (SBAR (WHNP (WDT which)) (S (VP (VBD was) (ADVP (RB initially)) (VP (VBN reported) (PP (IN by) (NP (DT a) (NN Health) (NN Care) (NN Professional))))))))))) (VP (VBZ refers) (PP (TO to) (NP (DT a) (ADJP (CD 54) (NN year) (JJ old)) (JJ female) (NN patient))))) (. .)))</ParseTree></Sentence></Sentences></Paragraph><Paragraph id="5"><Sentences Count="1"><Sentence id="0" offset="1810:1920"><Text>The outcome of hallucination, auditory, psychotic disorder and paranoia was recovered on an unspecified date. </Text><Tokens Count="18"><Token POSTag="DT" globalID="368" id="0" offset="1810:1813"><Text>The</Text></Token><Token POSTag="NN" globalID="369" id="1" offset="1814:1821"><Text>outcome</Text></Token><Token POSTag="IN" globalID="370" id="2" offset="1822:1824"><Text>of</Text></Token><Token POSTag="NN" globalID="371" id="3" offset="1825:1838"><Text>hallucination</Text></Token><Token POSTag="," globalID="372" id="4" offset="1838:1839"><Text>,</Text></Token><Token POSTag="NN" globalID="373" id="5" offset="1840:1848"><Text>auditory</Text></Token><Token POSTag="," globalID="374" id="6" offset="1848:1849"><Text>,</Text></Token><Token POSTag="JJ" globalID="375" id="7" offset="1850:1859"><Text>psychotic</Text></Token><Token POSTag="NN" globalID="376" id="8" offset="1860:1868"><Text>disorder</Text></Token><Token POSTag="CC" globalID="377" id="9" offset="1869:1872"><Text>and</Text></Token><Token POSTag="NN" globalID="378" id="10" offset="1873:1881"><Text>paranoia</Text></Token><Token POSTag="VBD" globalID="379" id="11" offset="1882:1885"><Text>was</Text></Token><Token POSTag="VBN" globalID="380" id="12" offset="1886:1895"><Text>recovered</Text></Token><Token POSTag="IN" globalID="381" id="13" offset="1896:1898"><Text>on</Text></Token><Token POSTag="DT" globalID="382" id="14" offset="1899:1901"><Text>an</Text></Token><Token POSTag="JJ" globalID="383" id="15" offset="1902:1913"><Text>unspecified</Text></Token><Token POSTag="NN" globalID="384" id="16" offset="1914:1918"><Text>date</Text></Token><Token POSTag="." globalID="385" id="17" offset="1918:1919"><Text>.</Text></Token></Tokens><ParseTree>(S1 (S (S (NP (NP (DT This) (JJ spontaneous) (NN report)) (VP (RB as) (VBN received) (PP (IN from) (NP (NP (NP (NN Health) (NNP Canada)) (PRN (-LRB- -LRB-) (NP (NP (CD 000633506)) (CC and) (NP (CD 000641862))) (-RRB- -RRB-))) (SBAR (WHNP (WDT which)) (S (VP (VBD was) (ADVP (RB initially)) (VP (VBN reported) (PP (IN by) (NP (DT a) (NN Health) (NN Care) (NN Professional))))))))))) (VP (VBZ refers) (PP (TO to) (NP (DT a) (ADJP (CD 54) (NN year) (JJ old)) (JJ female) (NN patient))))) (. .)))</ParseTree></Sentence></Sentences></Paragraph><Paragraph id="6"><Sentences Count="1"><Sentence id="0" offset="1922:2054"><Text>Relatedness between the suspect therapies and the events: hallucination, auditory, psychotic disorder and paranoia was not reported.</Text><Tokens Count="21"><Token POSTag="NN" globalID="386" id="0" offset="1922:1933"><Text>Relatedness</Text></Token><Token POSTag="IN" globalID="387" id="1" offset="1934:1941"><Text>between</Text></Token><Token POSTag="DT" globalID="388" id="2" offset="1942:1945"><Text>the</Text></Token><Token POSTag="NN" globalID="389" id="3" offset="1946:1953"><Text>suspect</Text></Token><Token POSTag="NNS" globalID="390" id="4" offset="1954:1963"><Text>therapies</Text></Token><Token POSTag="CC" globalID="391" id="5" offset="1964:1967"><Text>and</Text></Token><Token POSTag="DT" globalID="392" id="6" offset="1968:1971"><Text>the</Text></Token><Token POSTag="NNS" globalID="393" id="7" offset="1972:1978"><Text>events</Text></Token><Token POSTag=":" globalID="394" id="8" offset="1978:1979"><Text>:</Text></Token><Token POSTag="NN" globalID="395" id="9" offset="1980:1993"><Text>hallucination</Text></Token><Token POSTag="," globalID="396" id="10" offset="1993:1994"><Text>,</Text></Token><Token POSTag="NN" globalID="397" id="11" offset="1995:2003"><Text>auditory</Text></Token><Token POSTag="," globalID="398" id="12" offset="2003:2004"><Text>,</Text></Token><Token POSTag="JJ" globalID="399" id="13" offset="2005:2014"><Text>psychotic</Text></Token><Token POSTag="NN" globalID="400" id="14" offset="2015:2023"><Text>disorder</Text></Token><Token POSTag="CC" globalID="401" id="15" offset="2024:2027"><Text>and</Text></Token><Token POSTag="NN" globalID="402" id="16" offset="2028:2036"><Text>paranoia</Text></Token><Token POSTag="VBD" globalID="403" id="17" offset="2037:2040"><Text>was</Text></Token><Token POSTag="RB" globalID="404" id="18" offset="2041:2044"><Text>not</Text></Token><Token POSTag="VBN" globalID="405" id="19" offset="2045:2053"><Text>reported</Text></Token><Token POSTag="." globalID="406" id="20" offset="2053:2054"><Text>.</Text></Token></Tokens><ParseTree>(S1 (S (S (NP (NP (DT This) (JJ spontaneous) (NN report)) (VP (RB as) (VBN received) (PP (IN from) (NP (NP (NP (NN Health) (NNP Canada)) (PRN (-LRB- -LRB-) (NP (NP (CD 000633506)) (CC and) (NP (CD 000641862))) (-RRB- -RRB-))) (SBAR (WHNP (WDT which)) (S (VP (VBD was) (ADVP (RB initially)) (VP (VBN reported) (PP (IN by) (NP (DT a) (NN Health) (NN Care) (NN Professional))))))))))) (VP (VBZ refers) (PP (TO to) (NP (DT a) (ADJP (CD 54) (NN year) (JJ old)) (JJ female) (NN patient))))) (. .)))</ParseTree></Sentence></Sentences></Paragraph><Paragraph id="7"><Sentences Count="1"><Sentence id="0" offset="2056:2122"><Text>The agency considered the events to be medically significant.     </Text><Tokens Count="10"><Token POSTag="DT" globalID="407" id="0" offset="2056:2059"><Text>The</Text></Token><Token POSTag="NN" globalID="408" id="1" offset="2060:2066"><Text>agency</Text></Token><Token POSTag="VBD" globalID="409" id="2" offset="2067:2077"><Text>considered</Text></Token><Token POSTag="DT" globalID="410" id="3" offset="2078:2081"><Text>the</Text></Token><Token POSTag="NNS" globalID="411" id="4" offset="2082:2088"><Text>events</Text></Token><Token POSTag="TO" globalID="412" id="5" offset="2089:2091"><Text>to</Text></Token><Token POSTag="VB" globalID="413" id="6" offset="2092:2094"><Text>be</Text></Token><Token POSTag="RB" globalID="414" id="7" offset="2095:2104"><Text>medically</Text></Token><Token POSTag="JJ" globalID="415" id="8" offset="2105:2116"><Text>significant</Text></Token><Token POSTag="." globalID="416" id="9" offset="2116:2117"><Text>.</Text></Token></Tokens><ParseTree>(S1 (S (S (NP (NP (DT This) (JJ spontaneous) (NN report)) (VP (RB as) (VBN received) (PP (IN from) (NP (NP (NP (NN Health) (NNP Canada)) (PRN (-LRB- -LRB-) (NP (NP (CD 000633506)) (CC and) (NP (CD 000641862))) (-RRB- -RRB-))) (SBAR (WHNP (WDT which)) (S (VP (VBD was) (ADVP (RB initially)) (VP (VBN reported) (PP (IN by) (NP (DT a) (NN Health) (NN Care) (NN Professional))))))))))) (VP (VBZ refers) (PP (TO to) (NP (DT a) (ADJP (CD 54) (NN year) (JJ old)) (JJ female) (NN patient))))) (. .)))</ParseTree></Sentence></Sentences></Paragraph><Paragraph id="8"><Sentences Count="1"><Sentence id="0" offset="2124:2200"><Text>Additional information is not expected due to agency confidentiality clause.</Text><Tokens Count="11"><Token POSTag="JJ" globalID="417" id="0" offset="2124:2134"><Text>Additional</Text></Token><Token POSTag="NN" globalID="418" id="1" offset="2135:2146"><Text>information</Text></Token><Token POSTag="VBZ" globalID="419" id="2" offset="2147:2149"><Text>is</Text></Token><Token POSTag="RB" globalID="420" id="3" offset="2150:2153"><Text>not</Text></Token><Token POSTag="VBN" globalID="421" id="4" offset="2154:2162"><Text>expected</Text></Token><Token POSTag="JJ" globalID="422" id="5" offset="2163:2166"><Text>due</Text></Token><Token POSTag="TO" globalID="423" id="6" offset="2167:2169"><Text>to</Text></Token><Token POSTag="NN" globalID="424" id="7" offset="2170:2176"><Text>agency</Text></Token><Token POSTag="NN" globalID="425" id="8" offset="2177:2192"><Text>confidentiality</Text></Token><Token POSTag="NN" globalID="426" id="9" offset="2193:2199"><Text>clause</Text></Token><Token POSTag="." globalID="427" id="10" offset="2199:2200"><Text>.</Text></Token></Tokens><ParseTree>(S1 (S (S (NP (NP (DT This) (JJ spontaneous) (NN report)) (VP (RB as) (VBN received) (PP (IN from) (NP (NP (NP (NN Health) (NNP Canada)) (PRN (-LRB- -LRB-) (NP (NP (CD 000633506)) (CC and) (NP (CD 000641862))) (-RRB- -RRB-))) (SBAR (WHNP (WDT which)) (S (VP (VBD was) (ADVP (RB initially)) (VP (VBN reported) (PP (IN by) (NP (DT a) (NN Health) (NN Care) (NN Professional))))))))))) (VP (VBZ refers) (PP (TO to) (NP (DT a) (ADJP (CD 54) (NN year) (JJ old)) (JJ female) (NN patient))))) (. .)))</ParseTree></Sentence></Sentences></Paragraph></Paragraphs></StartOutput>