<StartOutput><Paragraphs Count="37"><Paragraph id="0"><Sentences Count="2"><Sentence id="0" offset="0:76"><Text>16-Apr-2015, Spontaneous, Health authority, Patient/Consumer Serious report.</Text><Tokens Count="11"><Token globalID="0" id="0" offset="0:11"><Text>16-Apr-2015</Text></Token><Token globalID="1" id="1" offset="11:12"><Text>,</Text></Token><Token globalID="2" id="2" offset="13:24"><Text>Spontaneous</Text></Token><Token globalID="3" id="3" offset="24:25"><Text>,</Text></Token><Token globalID="4" id="4" offset="26:32"><Text>Health</Text></Token><Token globalID="5" id="5" offset="33:42"><Text>authority</Text></Token><Token globalID="6" id="6" offset="42:43"><Text>,</Text></Token><Token globalID="7" id="7" offset="44:60"><Text>Patient/Consumer</Text></Token><Token globalID="8" id="8" offset="61:68"><Text>Serious</Text></Token><Token globalID="9" id="9" offset="69:75"><Text>report</Text></Token><Token globalID="10" id="10" offset="75:76"><Text>.</Text></Token></Tokens></Sentence><Sentence id="1" offset="77:163"><Text>(Report duplicates - 01001307081: GB-JNJFOC-20150407438; MHRAUK: GB-MHRA-ADR 22956126)</Text><Tokens Count="13"><Token globalID="11" id="0" offset="77:78"><Text>(</Text></Token><Token globalID="12" id="1" offset="78:84"><Text>Report</Text></Token><Token globalID="13" id="2" offset="85:95"><Text>duplicates</Text></Token><Token globalID="14" id="3" offset="96:97"><Text>-</Text></Token><Token globalID="15" id="4" offset="98:109"><Text>01001307081</Text></Token><Token globalID="16" id="5" offset="109:110"><Text>:</Text></Token><Token globalID="17" id="6" offset="111:132"><Text>GB-JNJFOC-20150407438</Text></Token><Token globalID="18" id="7" offset="132:133"><Text>;</Text></Token><Token globalID="19" id="8" offset="134:140"><Text>MHRAUK</Text></Token><Token globalID="20" id="9" offset="140:141"><Text>:</Text></Token><Token globalID="21" id="10" offset="142:153"><Text>GB-MHRA-ADR</Text></Token><Token globalID="22" id="11" offset="154:162"><Text>22956126</Text></Token><Token globalID="23" id="12" offset="162:163"><Text>)</Text></Token></Tokens></Sentence></Sentences></Paragraph><Paragraph id="1"><Sentences Count="1"><Sentence id="0" offset="164:358"><Text>A Consumer/other non health professional reported the case of a Female patient (age unknown) who received ERYTHROMYCIN (Product be excluded as a Teva product), DOMPERIDONE (not Teva's product). </Text><Tokens Count="37"><Token globalID="24" id="0" offset="164:165"><Text>A</Text></Token><Token globalID="25" id="1" offset="166:180"><Text>Consumer/other</Text></Token><Token globalID="26" id="2" offset="181:184"><Text>non</Text></Token><Token globalID="27" id="3" offset="185:191"><Text>health</Text></Token><Token globalID="28" id="4" offset="192:204"><Text>professional</Text></Token><Token globalID="29" id="5" offset="205:213"><Text>reported</Text></Token><Token globalID="30" id="6" offset="214:217"><Text>the</Text></Token><Token globalID="31" id="7" offset="218:222"><Text>case</Text></Token><Token globalID="32" id="8" offset="223:225"><Text>of</Text></Token><Token globalID="33" id="9" offset="226:227"><Text>a</Text></Token><Token globalID="34" id="10" offset="228:234"><Text>Female</Text></Token><Token globalID="35" id="11" offset="235:242"><Text>patient</Text></Token><Token globalID="36" id="12" offset="243:244"><Text>(</Text></Token><Token globalID="37" id="13" offset="244:247"><Text>age</Text></Token><Token globalID="38" id="14" offset="248:255"><Text>unknown</Text></Token><Token globalID="39" id="15" offset="255:256"><Text>)</Text></Token><Token globalID="40" id="16" offset="257:260"><Text>who</Text></Token><Token globalID="41" id="17" offset="261:269"><Text>received</Text></Token><Token globalID="42" id="18" offset="270:282"><Text>ERYTHROMYCIN</Text></Token><Token globalID="43" id="19" offset="283:284"><Text>(</Text></Token><Token globalID="44" id="20" offset="284:291"><Text>Product</Text></Token><Token globalID="45" id="21" offset="292:294"><Text>be</Text></Token><Token globalID="46" id="22" offset="295:303"><Text>excluded</Text></Token><Token globalID="47" id="23" offset="304:306"><Text>as</Text></Token><Token globalID="48" id="24" offset="304:305"><Text>a</Text></Token><Token globalID="49" id="25" offset="309:313"><Text>Teva</Text></Token><Token globalID="50" id="26" offset="314:321"><Text>product</Text></Token><Token globalID="51" id="27" offset="321:322"><Text>)</Text></Token><Token globalID="52" id="28" offset="322:323"><Text>,</Text></Token><Token globalID="53" id="29" offset="324:335"><Text>DOMPERIDONE</Text></Token><Token globalID="54" id="30" offset="336:337"><Text>(</Text></Token><Token globalID="55" id="31" offset="337:340"><Text>not</Text></Token><Token globalID="56" id="32" offset="341:345"><Text>Teva</Text></Token><Token globalID="57" id="33" offset="345:347"><Text>'s</Text></Token><Token globalID="58" id="34" offset="348:355"><Text>product</Text></Token><Token globalID="59" id="35" offset="355:356"><Text>)</Text></Token><Token globalID="60" id="36" offset="356:357"><Text>.</Text></Token></Tokens></Sentence></Sentences></Paragraph><Paragraph id="2"><Sentences Count="1"><Sentence id="0" offset="359:540"><Text>The patient took ERYTHROMYCIN for GASTROPARESIS (Unknown, Dosage Form: Unspecified) batch: Unknown, DOMPERIDONE for GASTROPARESIS (Unknown, Dosage Form: Unspecified) batch: Unknown.</Text><Tokens Count="33"><Token globalID="61" id="0" offset="359:362"><Text>The</Text></Token><Token globalID="62" id="1" offset="363:370"><Text>patient</Text></Token><Token globalID="63" id="2" offset="371:375"><Text>took</Text></Token><Token globalID="64" id="3" offset="376:388"><Text>ERYTHROMYCIN</Text></Token><Token globalID="65" id="4" offset="389:392"><Text>for</Text></Token><Token globalID="66" id="5" offset="393:406"><Text>GASTROPARESIS</Text></Token><Token globalID="67" id="6" offset="407:408"><Text>(</Text></Token><Token globalID="68" id="7" offset="408:415"><Text>Unknown</Text></Token><Token globalID="69" id="8" offset="415:416"><Text>,</Text></Token><Token globalID="70" id="9" offset="417:423"><Text>Dosage</Text></Token><Token globalID="71" id="10" offset="424:428"><Text>Form</Text></Token><Token globalID="72" id="11" offset="428:429"><Text>:</Text></Token><Token globalID="73" id="12" offset="430:441"><Text>Unspecified</Text></Token><Token globalID="74" id="13" offset="441:442"><Text>)</Text></Token><Token globalID="75" id="14" offset="443:448"><Text>batch</Text></Token><Token globalID="76" id="15" offset="448:449"><Text>:</Text></Token><Token globalID="77" id="16" offset="450:457"><Text>Unknown</Text></Token><Token globalID="78" id="17" offset="457:458"><Text>,</Text></Token><Token globalID="79" id="18" offset="459:470"><Text>DOMPERIDONE</Text></Token><Token globalID="80" id="19" offset="471:474"><Text>for</Text></Token><Token globalID="81" id="20" offset="475:488"><Text>GASTROPARESIS</Text></Token><Token globalID="82" id="21" offset="489:490"><Text>(</Text></Token><Token globalID="83" id="22" offset="490:497"><Text>Unknown</Text></Token><Token globalID="84" id="23" offset="497:498"><Text>,</Text></Token><Token globalID="85" id="24" offset="499:505"><Text>Dosage</Text></Token><Token globalID="86" id="25" offset="506:510"><Text>Form</Text></Token><Token globalID="87" id="26" offset="510:511"><Text>:</Text></Token><Token globalID="88" id="27" offset="512:523"><Text>Unspecified</Text></Token><Token globalID="89" id="28" offset="523:524"><Text>)</Text></Token><Token globalID="90" id="29" offset="525:530"><Text>batch</Text></Token><Token globalID="91" id="30" offset="530:531"><Text>:</Text></Token><Token globalID="92" id="31" offset="532:539"><Text>Unknown</Text></Token><Token globalID="93" id="32" offset="539:540"><Text>.</Text></Token></Tokens></Sentence></Sentences></Paragraph><Paragraph id="3"><Sentences Count="1"><Sentence id="0" offset="541:783"><Text>While on the suspect medication(s), the patient experienced ARRHYTHMIA(Serious); POSSIBLE DRUG INTERACTION(Serious); UNWELL(Not Serious); SEVERE FATIGUE(Not Serious); DRY EYES(Not Serious); DRY MOUTH(Not Serious); PERIOD STOPPED(Not Serious).</Text><Tokens Count="58"><Token globalID="94" id="0" offset="541:546"><Text>While</Text></Token><Token globalID="95" id="1" offset="547:549"><Text>on</Text></Token><Token globalID="96" id="2" offset="550:553"><Text>the</Text></Token><Token globalID="97" id="3" offset="554:561"><Text>suspect</Text></Token><Token globalID="98" id="4" offset="562:572"><Text>medication</Text></Token><Token globalID="99" id="5" offset="572:573"><Text>(</Text></Token><Token globalID="100" id="6" offset="573:574"><Text>s</Text></Token><Token globalID="101" id="7" offset="574:575"><Text>)</Text></Token><Token globalID="102" id="8" offset="575:576"><Text>,</Text></Token><Token globalID="103" id="9" offset="577:580"><Text>the</Text></Token><Token globalID="104" id="10" offset="581:588"><Text>patient</Text></Token><Token globalID="105" id="11" offset="589:600"><Text>experienced</Text></Token><Token globalID="106" id="12" offset="601:611"><Text>ARRHYTHMIA</Text></Token><Token globalID="107" id="13" offset="611:612"><Text>(</Text></Token><Token globalID="108" id="14" offset="612:619"><Text>Serious</Text></Token><Token globalID="109" id="15" offset="619:620"><Text>)</Text></Token><Token globalID="110" id="16" offset="620:621"><Text>;</Text></Token><Token globalID="111" id="17" offset="622:630"><Text>POSSIBLE</Text></Token><Token globalID="112" id="18" offset="631:635"><Text>DRUG</Text></Token><Token globalID="113" id="19" offset="636:647"><Text>INTERACTION</Text></Token><Token globalID="114" id="20" offset="647:648"><Text>(</Text></Token><Token globalID="115" id="21" offset="648:655"><Text>Serious</Text></Token><Token globalID="116" id="22" offset="655:656"><Text>)</Text></Token><Token globalID="117" id="23" offset="656:657"><Text>;</Text></Token><Token globalID="118" id="24" offset="658:664"><Text>UNWELL</Text></Token><Token globalID="119" id="25" offset="664:665"><Text>(</Text></Token><Token globalID="120" id="26" offset="665:668"><Text>Not</Text></Token><Token globalID="121" id="27" offset="669:676"><Text>Serious</Text></Token><Token globalID="122" id="28" offset="676:677"><Text>)</Text></Token><Token globalID="123" id="29" offset="677:678"><Text>;</Text></Token><Token globalID="124" id="30" offset="679:685"><Text>SEVERE</Text></Token><Token globalID="125" id="31" offset="686:693"><Text>FATIGUE</Text></Token><Token globalID="126" id="32" offset="693:694"><Text>(</Text></Token><Token globalID="127" id="33" offset="694:697"><Text>Not</Text></Token><Token globalID="128" id="34" offset="698:705"><Text>Serious</Text></Token><Token globalID="129" id="35" offset="705:706"><Text>)</Text></Token><Token globalID="130" id="36" offset="706:707"><Text>;</Text></Token><Token globalID="131" id="37" offset="708:711"><Text>DRY</Text></Token><Token globalID="132" id="38" offset="712:716"><Text>EYES</Text></Token><Token globalID="133" id="39" offset="716:717"><Text>(</Text></Token><Token globalID="134" id="40" offset="717:720"><Text>Not</Text></Token><Token globalID="135" id="41" offset="721:728"><Text>Serious</Text></Token><Token globalID="136" id="42" offset="728:729"><Text>)</Text></Token><Token globalID="137" id="43" offset="729:730"><Text>;</Text></Token><Token globalID="138" id="44" offset="731:734"><Text>DRY</Text></Token><Token globalID="139" id="45" offset="735:740"><Text>MOUTH</Text></Token><Token globalID="140" id="46" offset="740:741"><Text>(</Text></Token><Token globalID="141" id="47" offset="741:744"><Text>Not</Text></Token><Token globalID="142" id="48" offset="745:752"><Text>Serious</Text></Token><Token globalID="143" id="49" offset="752:753"><Text>)</Text></Token><Token globalID="144" id="50" offset="753:754"><Text>;</Text></Token><Token globalID="145" id="51" offset="755:761"><Text>PERIOD</Text></Token><Token globalID="146" id="52" offset="762:769"><Text>STOPPED</Text></Token><Token globalID="147" id="53" offset="769:770"><Text>(</Text></Token><Token globalID="148" id="54" offset="770:773"><Text>Not</Text></Token><Token globalID="149" id="55" offset="774:781"><Text>Serious</Text></Token><Token globalID="150" id="56" offset="781:782"><Text>)</Text></Token><Token globalID="151" id="57" offset="782:783"><Text>.</Text></Token></Tokens></Sentence></Sentences></Paragraph><Paragraph id="4"><Sentences Count="1"><Sentence id="0" offset="785:946"><Text>MHRA verbatim: This spontaneous report was received from a consumer (patient's mother) and concerns a female patient of unspecified age from the United Kingdom. </Text><Tokens Count="29"><Token globalID="152" id="0" offset="785:789"><Text>MHRA</Text></Token><Token globalID="153" id="1" offset="790:798"><Text>verbatim</Text></Token><Token globalID="154" id="2" offset="798:799"><Text>:</Text></Token><Token globalID="155" id="3" offset="800:804"><Text>This</Text></Token><Token globalID="156" id="4" offset="805:816"><Text>spontaneous</Text></Token><Token globalID="157" id="5" offset="817:823"><Text>report</Text></Token><Token globalID="158" id="6" offset="824:827"><Text>was</Text></Token><Token globalID="159" id="7" offset="828:836"><Text>received</Text></Token><Token globalID="160" id="8" offset="837:841"><Text>from</Text></Token><Token globalID="161" id="9" offset="842:843"><Text>a</Text></Token><Token globalID="162" id="10" offset="844:852"><Text>consumer</Text></Token><Token globalID="163" id="11" offset="853:854"><Text>(</Text></Token><Token globalID="164" id="12" offset="854:861"><Text>patient</Text></Token><Token globalID="165" id="13" offset="861:863"><Text>'s</Text></Token><Token globalID="166" id="14" offset="864:870"><Text>mother</Text></Token><Token globalID="167" id="15" offset="870:871"><Text>)</Text></Token><Token globalID="168" id="16" offset="872:875"><Text>and</Text></Token><Token globalID="169" id="17" offset="876:884"><Text>concerns</Text></Token><Token globalID="170" id="18" offset="885:886"><Text>a</Text></Token><Token globalID="171" id="19" offset="887:893"><Text>female</Text></Token><Token globalID="172" id="20" offset="894:901"><Text>patient</Text></Token><Token globalID="173" id="21" offset="902:904"><Text>of</Text></Token><Token globalID="174" id="22" offset="905:916"><Text>unspecified</Text></Token><Token globalID="175" id="23" offset="917:920"><Text>age</Text></Token><Token globalID="176" id="24" offset="921:925"><Text>from</Text></Token><Token globalID="177" id="25" offset="926:929"><Text>the</Text></Token><Token globalID="178" id="26" offset="930:936"><Text>United</Text></Token><Token globalID="179" id="27" offset="937:944"><Text>Kingdom</Text></Token><Token globalID="180" id="28" offset="944:945"><Text>.</Text></Token></Tokens></Sentence></Sentences></Paragraph><Paragraph id="5"><Sentences Count="9"><Sentence id="0" offset="947:997"><Text>The patient's height and weight were not reported.</Text><Tokens Count="10"><Token globalID="181" id="0" offset="947:950"><Text>The</Text></Token><Token globalID="182" id="1" offset="951:958"><Text>patient</Text></Token><Token globalID="183" id="2" offset="958:960"><Text>'s</Text></Token><Token globalID="184" id="3" offset="961:967"><Text>height</Text></Token><Token globalID="185" id="4" offset="968:971"><Text>and</Text></Token><Token globalID="186" id="5" offset="972:978"><Text>weight</Text></Token><Token globalID="187" id="6" offset="979:983"><Text>were</Text></Token><Token globalID="188" id="7" offset="984:987"><Text>not</Text></Token><Token globalID="189" id="8" offset="988:996"><Text>reported</Text></Token><Token globalID="190" id="9" offset="996:997"><Text>.</Text></Token></Tokens></Sentence><Sentence id="1" offset="998:1098"><Text>The patient's medical history and concurrent conditions included: Crohn's disease and gastroparesis.</Text><Tokens Count="16"><Token globalID="191" id="0" offset="998:1001"><Text>The</Text></Token><Token globalID="192" id="1" offset="1002:1009"><Text>patient</Text></Token><Token globalID="193" id="2" offset="1009:1011"><Text>'s</Text></Token><Token globalID="194" id="3" offset="1012:1019"><Text>medical</Text></Token><Token globalID="195" id="4" offset="1020:1027"><Text>history</Text></Token><Token globalID="196" id="5" offset="1028:1031"><Text>and</Text></Token><Token globalID="197" id="6" offset="1032:1042"><Text>concurrent</Text></Token><Token globalID="198" id="7" offset="1043:1053"><Text>conditions</Text></Token><Token globalID="199" id="8" offset="1054:1062"><Text>included</Text></Token><Token globalID="200" id="9" offset="1062:1063"><Text>:</Text></Token><Token globalID="201" id="10" offset="1064:1069"><Text>Crohn</Text></Token><Token globalID="202" id="11" offset="1069:1071"><Text>'s</Text></Token><Token globalID="203" id="12" offset="1072:1079"><Text>disease</Text></Token><Token globalID="204" id="13" offset="1080:1083"><Text>and</Text></Token><Token globalID="205" id="14" offset="1084:1097"><Text>gastroparesis</Text></Token><Token globalID="206" id="15" offset="1097:1098"><Text>.</Text></Token></Tokens></Sentence><Sentence id="2" offset="1099:1490"><Text>The reporter stated that the patient was treated with domperidone (route and formulation unspecified, batch unknown) dosage and frequency unspecified initiated on an unspecified date for gastroparesis and non-company suspect drug erythromycin (route and formulation unspecified) dosage and frequency unspecified initiated on an unspecified date for gastroparesis (possible drug interaction).</Text><Tokens Count="58"><Token globalID="207" id="0" offset="1099:1102"><Text>The</Text></Token><Token globalID="208" id="1" offset="1103:1111"><Text>reporter</Text></Token><Token globalID="209" id="2" offset="1112:1118"><Text>stated</Text></Token><Token globalID="210" id="3" offset="1119:1123"><Text>that</Text></Token><Token globalID="211" id="4" offset="1124:1127"><Text>the</Text></Token><Token globalID="212" id="5" offset="1128:1135"><Text>patient</Text></Token><Token globalID="213" id="6" offset="1136:1139"><Text>was</Text></Token><Token globalID="214" id="7" offset="1140:1147"><Text>treated</Text></Token><Token globalID="215" id="8" offset="1148:1152"><Text>with</Text></Token><Token globalID="216" id="9" offset="1153:1164"><Text>domperidone</Text></Token><Token globalID="217" id="10" offset="1165:1166"><Text>(</Text></Token><Token globalID="218" id="11" offset="1166:1171"><Text>route</Text></Token><Token globalID="219" id="12" offset="1172:1175"><Text>and</Text></Token><Token globalID="220" id="13" offset="1176:1187"><Text>formulation</Text></Token><Token globalID="221" id="14" offset="1188:1199"><Text>unspecified</Text></Token><Token globalID="222" id="15" offset="1199:1200"><Text>,</Text></Token><Token globalID="223" id="16" offset="1201:1206"><Text>batch</Text></Token><Token globalID="224" id="17" offset="1207:1214"><Text>unknown</Text></Token><Token globalID="225" id="18" offset="1214:1215"><Text>)</Text></Token><Token globalID="226" id="19" offset="1216:1222"><Text>dosage</Text></Token><Token globalID="227" id="20" offset="1223:1226"><Text>and</Text></Token><Token globalID="228" id="21" offset="1227:1236"><Text>frequency</Text></Token><Token globalID="229" id="22" offset="1237:1248"><Text>unspecified</Text></Token><Token globalID="230" id="23" offset="1249:1258"><Text>initiated</Text></Token><Token globalID="231" id="24" offset="1259:1261"><Text>on</Text></Token><Token globalID="232" id="25" offset="1262:1264"><Text>an</Text></Token><Token globalID="233" id="26" offset="1265:1276"><Text>unspecified</Text></Token><Token globalID="234" id="27" offset="1277:1281"><Text>date</Text></Token><Token globalID="235" id="28" offset="1282:1285"><Text>for</Text></Token><Token globalID="236" id="29" offset="1286:1299"><Text>gastroparesis</Text></Token><Token globalID="237" id="30" offset="1300:1303"><Text>and</Text></Token><Token globalID="238" id="31" offset="1304:1315"><Text>non-company</Text></Token><Token globalID="239" id="32" offset="1316:1323"><Text>suspect</Text></Token><Token globalID="240" id="33" offset="1324:1328"><Text>drug</Text></Token><Token globalID="241" id="34" offset="1329:1341"><Text>erythromycin</Text></Token><Token globalID="242" id="35" offset="1342:1343"><Text>(</Text></Token><Token globalID="243" id="36" offset="1343:1348"><Text>route</Text></Token><Token globalID="244" id="37" offset="1349:1352"><Text>and</Text></Token><Token globalID="245" id="38" offset="1353:1364"><Text>formulation</Text></Token><Token globalID="246" id="39" offset="1365:1376"><Text>unspecified</Text></Token><Token globalID="247" id="40" offset="1376:1377"><Text>)</Text></Token><Token globalID="248" id="41" offset="1378:1384"><Text>dosage</Text></Token><Token globalID="249" id="42" offset="1385:1388"><Text>and</Text></Token><Token globalID="250" id="43" offset="1389:1398"><Text>frequency</Text></Token><Token globalID="251" id="44" offset="1399:1410"><Text>unspecified</Text></Token><Token globalID="252" id="45" offset="1411:1420"><Text>initiated</Text></Token><Token globalID="253" id="46" offset="1421:1423"><Text>on</Text></Token><Token globalID="254" id="47" offset="1424:1426"><Text>an</Text></Token><Token globalID="255" id="48" offset="1427:1438"><Text>unspecified</Text></Token><Token globalID="256" id="49" offset="1439:1443"><Text>date</Text></Token><Token globalID="257" id="50" offset="1444:1447"><Text>for</Text></Token><Token globalID="258" id="51" offset="1448:1461"><Text>gastroparesis</Text></Token><Token globalID="259" id="52" offset="1462:1463"><Text>(</Text></Token><Token globalID="260" id="53" offset="1463:1471"><Text>possible</Text></Token><Token globalID="261" id="54" offset="1472:1476"><Text>drug</Text></Token><Token globalID="262" id="55" offset="1477:1488"><Text>interaction</Text></Token><Token globalID="263" id="56" offset="1488:1489"><Text>)</Text></Token><Token globalID="264" id="57" offset="1489:1490"><Text>.</Text></Token></Tokens></Sentence><Sentence id="3" offset="1491:1555"><Text>Concomitant medications included mesalazine for Crohn's disease.</Text><Tokens Count="9"><Token globalID="265" id="0" offset="1491:1502"><Text>Concomitant</Text></Token><Token globalID="266" id="1" offset="1503:1514"><Text>medications</Text></Token><Token globalID="267" id="2" offset="1515:1523"><Text>included</Text></Token><Token globalID="268" id="3" offset="1524:1534"><Text>mesalazine</Text></Token><Token globalID="269" id="4" offset="1535:1538"><Text>for</Text></Token><Token globalID="270" id="5" offset="1539:1544"><Text>Crohn</Text></Token><Token globalID="271" id="6" offset="1544:1546"><Text>'s</Text></Token><Token globalID="272" id="7" offset="1547:1554"><Text>disease</Text></Token><Token globalID="273" id="8" offset="1554:1555"><Text>.</Text></Token></Tokens></Sentence><Sentence id="4" offset="1556:1670"><Text>On an unspecified date, the patient was unwell and experienced arrhythmia, severe fatigue, dry mouth and dry eyes.</Text><Tokens Count="22"><Token globalID="274" id="0" offset="1556:1558"><Text>On</Text></Token><Token globalID="275" id="1" offset="1559:1561"><Text>an</Text></Token><Token globalID="276" id="2" offset="1562:1573"><Text>unspecified</Text></Token><Token globalID="277" id="3" offset="1574:1578"><Text>date</Text></Token><Token globalID="278" id="4" offset="1578:1579"><Text>,</Text></Token><Token globalID="279" id="5" offset="1580:1583"><Text>the</Text></Token><Token globalID="280" id="6" offset="1584:1591"><Text>patient</Text></Token><Token globalID="281" id="7" offset="1592:1595"><Text>was</Text></Token><Token globalID="282" id="8" offset="1596:1602"><Text>unwell</Text></Token><Token globalID="283" id="9" offset="1603:1606"><Text>and</Text></Token><Token globalID="284" id="10" offset="1607:1618"><Text>experienced</Text></Token><Token globalID="285" id="11" offset="1619:1629"><Text>arrhythmia</Text></Token><Token globalID="286" id="12" offset="1629:1630"><Text>,</Text></Token><Token globalID="287" id="13" offset="1631:1637"><Text>severe</Text></Token><Token globalID="288" id="14" offset="1638:1645"><Text>fatigue</Text></Token><Token globalID="289" id="15" offset="1645:1646"><Text>,</Text></Token><Token globalID="290" id="16" offset="1647:1650"><Text>dry</Text></Token><Token globalID="291" id="17" offset="1651:1656"><Text>mouth</Text></Token><Token globalID="292" id="18" offset="1657:1660"><Text>and</Text></Token><Token globalID="293" id="19" offset="1661:1664"><Text>dry</Text></Token><Token globalID="294" id="20" offset="1665:1669"><Text>eyes</Text></Token><Token globalID="295" id="21" offset="1669:1670"><Text>.</Text></Token></Tokens></Sentence><Sentence id="5" offset="1671:1822"><Text>The reporter stated that the patient's periods stopped after starting domperidone on an unspecified date and have started again on an unspecified date.</Text><Tokens Count="25"><Token globalID="296" id="0" offset="1671:1674"><Text>The</Text></Token><Token globalID="297" id="1" offset="1675:1683"><Text>reporter</Text></Token><Token globalID="298" id="2" offset="1684:1690"><Text>stated</Text></Token><Token globalID="299" id="3" offset="1691:1695"><Text>that</Text></Token><Token globalID="300" id="4" offset="1696:1699"><Text>the</Text></Token><Token globalID="301" id="5" offset="1700:1707"><Text>patient</Text></Token><Token globalID="302" id="6" offset="1707:1709"><Text>'s</Text></Token><Token globalID="303" id="7" offset="1710:1717"><Text>periods</Text></Token><Token globalID="304" id="8" offset="1718:1725"><Text>stopped</Text></Token><Token globalID="305" id="9" offset="1726:1731"><Text>after</Text></Token><Token globalID="306" id="10" offset="1732:1740"><Text>starting</Text></Token><Token globalID="307" id="11" offset="1741:1752"><Text>domperidone</Text></Token><Token globalID="308" id="12" offset="1749:1751"><Text>on</Text></Token><Token globalID="309" id="13" offset="1756:1758"><Text>an</Text></Token><Token globalID="310" id="14" offset="1759:1770"><Text>unspecified</Text></Token><Token globalID="311" id="15" offset="1771:1775"><Text>date</Text></Token><Token globalID="312" id="16" offset="1776:1779"><Text>and</Text></Token><Token globalID="313" id="17" offset="1780:1784"><Text>have</Text></Token><Token globalID="314" id="18" offset="1785:1792"><Text>started</Text></Token><Token globalID="315" id="19" offset="1793:1798"><Text>again</Text></Token><Token globalID="316" id="20" offset="1799:1801"><Text>on</Text></Token><Token globalID="317" id="21" offset="1802:1804"><Text>an</Text></Token><Token globalID="318" id="22" offset="1805:1816"><Text>unspecified</Text></Token><Token globalID="319" id="23" offset="1817:1821"><Text>date</Text></Token><Token globalID="320" id="24" offset="1821:1822"><Text>.</Text></Token></Tokens></Sentence><Sentence id="6" offset="1823:1887"><Text>Action taken with domperidone and erythromycin was not reported.</Text><Tokens Count="10"><Token globalID="321" id="0" offset="1823:1829"><Text>Action</Text></Token><Token globalID="322" id="1" offset="1830:1835"><Text>taken</Text></Token><Token globalID="323" id="2" offset="1836:1840"><Text>with</Text></Token><Token globalID="324" id="3" offset="1841:1852"><Text>domperidone</Text></Token><Token globalID="325" id="4" offset="1853:1856"><Text>and</Text></Token><Token globalID="326" id="5" offset="1857:1869"><Text>erythromycin</Text></Token><Token globalID="327" id="6" offset="1870:1873"><Text>was</Text></Token><Token globalID="328" id="7" offset="1874:1877"><Text>not</Text></Token><Token globalID="329" id="8" offset="1878:1886"><Text>reported</Text></Token><Token globalID="330" id="9" offset="1886:1887"><Text>.</Text></Token></Tokens></Sentence><Sentence id="7" offset="1888:2028"><Text>The patient's outcome was not reported for the events arrhythmia, possible drug interaction, unwell, severe fatigue, dry eyes and dry mouth.</Text><Tokens Count="27"><Token globalID="331" id="0" offset="1888:1891"><Text>The</Text></Token><Token globalID="332" id="1" offset="1892:1899"><Text>patient</Text></Token><Token globalID="333" id="2" offset="1899:1901"><Text>'s</Text></Token><Token globalID="334" id="3" offset="1902:1909"><Text>outcome</Text></Token><Token globalID="335" id="4" offset="1910:1913"><Text>was</Text></Token><Token globalID="336" id="5" offset="1914:1917"><Text>not</Text></Token><Token globalID="337" id="6" offset="1918:1926"><Text>reported</Text></Token><Token globalID="338" id="7" offset="1927:1930"><Text>for</Text></Token><Token globalID="339" id="8" offset="1931:1934"><Text>the</Text></Token><Token globalID="340" id="9" offset="1935:1941"><Text>events</Text></Token><Token globalID="341" id="10" offset="1942:1952"><Text>arrhythmia</Text></Token><Token globalID="342" id="11" offset="1952:1953"><Text>,</Text></Token><Token globalID="343" id="12" offset="1954:1962"><Text>possible</Text></Token><Token globalID="344" id="13" offset="1963:1967"><Text>drug</Text></Token><Token globalID="345" id="14" offset="1968:1979"><Text>interaction</Text></Token><Token globalID="346" id="15" offset="1979:1980"><Text>,</Text></Token><Token globalID="347" id="16" offset="1981:1987"><Text>unwell</Text></Token><Token globalID="348" id="17" offset="1987:1988"><Text>,</Text></Token><Token globalID="349" id="18" offset="1989:1995"><Text>severe</Text></Token><Token globalID="350" id="19" offset="1996:2003"><Text>fatigue</Text></Token><Token globalID="351" id="20" offset="2003:2004"><Text>,</Text></Token><Token globalID="352" id="21" offset="2005:2008"><Text>dry</Text></Token><Token globalID="353" id="22" offset="2009:2013"><Text>eyes</Text></Token><Token globalID="354" id="23" offset="2014:2017"><Text>and</Text></Token><Token globalID="355" id="24" offset="2018:2021"><Text>dry</Text></Token><Token globalID="356" id="25" offset="2022:2027"><Text>mouth</Text></Token><Token globalID="357" id="26" offset="2027:2028"><Text>.</Text></Token></Tokens></Sentence><Sentence id="8" offset="2029:2072"><Text>The consent for follow up was not reported.</Text><Tokens Count="9"><Token globalID="358" id="0" offset="2029:2032"><Text>The</Text></Token><Token globalID="359" id="1" offset="2033:2040"><Text>consent</Text></Token><Token globalID="360" id="2" offset="2041:2044"><Text>for</Text></Token><Token globalID="361" id="3" offset="2045:2051"><Text>follow</Text></Token><Token globalID="362" id="4" offset="2052:2054"><Text>up</Text></Token><Token globalID="363" id="5" offset="2055:2058"><Text>was</Text></Token><Token globalID="364" id="6" offset="2059:2062"><Text>not</Text></Token><Token globalID="365" id="7" offset="2063:2071"><Text>reported</Text></Token><Token globalID="366" id="8" offset="2071:2072"><Text>.</Text></Token></Tokens></Sentence></Sentences></Paragraph><Paragraph id="6"><Sentences Count="1"><Sentence id="0" offset="2073:2121"><Text>This report was serious (medically significant).</Text><Tokens Count="9"><Token globalID="367" id="0" offset="2073:2077"><Text>This</Text></Token><Token globalID="368" id="1" offset="2078:2084"><Text>report</Text></Token><Token globalID="369" id="2" offset="2085:2088"><Text>was</Text></Token><Token globalID="370" id="3" offset="2089:2096"><Text>serious</Text></Token><Token globalID="371" id="4" offset="2097:2098"><Text>(</Text></Token><Token globalID="372" id="5" offset="2098:2107"><Text>medically</Text></Token><Token globalID="373" id="6" offset="2108:2119"><Text>significant</Text></Token><Token globalID="374" id="7" offset="2119:2120"><Text>)</Text></Token><Token globalID="375" id="8" offset="2120:2121"><Text>.</Text></Token></Tokens></Sentence></Sentences></Paragraph><Paragraph id="7"><Sentences Count="1"><Sentence id="0" offset="2123:2351"><Text>At the time of the report the outcome of the AEs were: ARRHYTHMIA: Unknown, POSSIBLE DRUG INTERACTION: Unknown, UNWELL: Unknown, SEVERE FATIGUE: Unknown, DRY EYES: Unknown, DRY MOUTH: Unknown, PERIOD STOPPED: recovered/resolved.</Text><Tokens Count="47"><Token globalID="376" id="0" offset="2123:2125"><Text>At</Text></Token><Token globalID="377" id="1" offset="2126:2129"><Text>the</Text></Token><Token globalID="378" id="2" offset="2130:2134"><Text>time</Text></Token><Token globalID="379" id="3" offset="2135:2137"><Text>of</Text></Token><Token globalID="380" id="4" offset="2138:2141"><Text>the</Text></Token><Token globalID="381" id="5" offset="2142:2148"><Text>report</Text></Token><Token globalID="382" id="6" offset="2149:2152"><Text>the</Text></Token><Token globalID="383" id="7" offset="2153:2160"><Text>outcome</Text></Token><Token globalID="384" id="8" offset="2161:2163"><Text>of</Text></Token><Token globalID="385" id="9" offset="2164:2167"><Text>the</Text></Token><Token globalID="386" id="10" offset="2168:2171"><Text>AEs</Text></Token><Token globalID="387" id="11" offset="2172:2176"><Text>were</Text></Token><Token globalID="388" id="12" offset="2176:2177"><Text>:</Text></Token><Token globalID="389" id="13" offset="2178:2188"><Text>ARRHYTHMIA</Text></Token><Token globalID="390" id="14" offset="2188:2189"><Text>:</Text></Token><Token globalID="391" id="15" offset="2190:2197"><Text>Unknown</Text></Token><Token globalID="392" id="16" offset="2197:2198"><Text>,</Text></Token><Token globalID="393" id="17" offset="2199:2207"><Text>POSSIBLE</Text></Token><Token globalID="394" id="18" offset="2208:2212"><Text>DRUG</Text></Token><Token globalID="395" id="19" offset="2213:2224"><Text>INTERACTION</Text></Token><Token globalID="396" id="20" offset="2224:2225"><Text>:</Text></Token><Token globalID="397" id="21" offset="2226:2233"><Text>Unknown</Text></Token><Token globalID="398" id="22" offset="2233:2234"><Text>,</Text></Token><Token globalID="399" id="23" offset="2235:2241"><Text>UNWELL</Text></Token><Token globalID="400" id="24" offset="2241:2242"><Text>:</Text></Token><Token globalID="401" id="25" offset="2243:2250"><Text>Unknown</Text></Token><Token globalID="402" id="26" offset="2250:2251"><Text>,</Text></Token><Token globalID="403" id="27" offset="2252:2258"><Text>SEVERE</Text></Token><Token globalID="404" id="28" offset="2259:2266"><Text>FATIGUE</Text></Token><Token globalID="405" id="29" offset="2266:2267"><Text>:</Text></Token><Token globalID="406" id="30" offset="2268:2275"><Text>Unknown</Text></Token><Token globalID="407" id="31" offset="2275:2276"><Text>,</Text></Token><Token globalID="408" id="32" offset="2277:2280"><Text>DRY</Text></Token><Token globalID="409" id="33" offset="2281:2285"><Text>EYES</Text></Token><Token globalID="410" id="34" offset="2285:2286"><Text>:</Text></Token><Token globalID="411" id="35" offset="2287:2294"><Text>Unknown</Text></Token><Token globalID="412" id="36" offset="2294:2295"><Text>,</Text></Token><Token globalID="413" id="37" offset="2296:2299"><Text>DRY</Text></Token><Token globalID="414" id="38" offset="2300:2305"><Text>MOUTH</Text></Token><Token globalID="415" id="39" offset="2305:2306"><Text>:</Text></Token><Token globalID="416" id="40" offset="2307:2314"><Text>Unknown</Text></Token><Token globalID="417" id="41" offset="2314:2315"><Text>,</Text></Token><Token globalID="418" id="42" offset="2316:2322"><Text>PERIOD</Text></Token><Token globalID="419" id="43" offset="2323:2330"><Text>STOPPED</Text></Token><Token globalID="420" id="44" offset="2330:2331"><Text>:</Text></Token><Token globalID="421" id="45" offset="2332:2350"><Text>recovered/resolved</Text></Token><Token globalID="422" id="46" offset="2350:2351"><Text>.</Text></Token></Tokens></Sentence></Sentences></Paragraph><Paragraph id="8"><Sentences Count="1"><Sentence id="0" offset="2352:2431"><Text>Action taken with suspect drugs: ERYTHROMYCIN - Unknown; DOMPERIDONE - Unknown.</Text><Tokens Count="14"><Token globalID="423" id="0" offset="2352:2358"><Text>Action</Text></Token><Token globalID="424" id="1" offset="2359:2364"><Text>taken</Text></Token><Token globalID="425" id="2" offset="2365:2369"><Text>with</Text></Token><Token globalID="426" id="3" offset="2370:2377"><Text>suspect</Text></Token><Token globalID="427" id="4" offset="2378:2383"><Text>drugs</Text></Token><Token globalID="428" id="5" offset="2383:2384"><Text>:</Text></Token><Token globalID="429" id="6" offset="2385:2397"><Text>ERYTHROMYCIN</Text></Token><Token globalID="430" id="7" offset="2398:2399"><Text>-</Text></Token><Token globalID="431" id="8" offset="2400:2407"><Text>Unknown</Text></Token><Token globalID="432" id="9" offset="2407:2408"><Text>;</Text></Token><Token globalID="433" id="10" offset="2409:2420"><Text>DOMPERIDONE</Text></Token><Token globalID="434" id="11" offset="2421:2422"><Text>-</Text></Token><Token globalID="435" id="12" offset="2423:2430"><Text>Unknown</Text></Token><Token globalID="436" id="13" offset="2430:2431"><Text>.</Text></Token></Tokens></Sentence></Sentences></Paragraph><Paragraph id="9"><Sentences Count="1"><Sentence id="0" offset="2433:2531"><Text>The patient had medical history of CROHN'S DISEASE(Not Continuing), GASTROPARESIS(Not Continuing).</Text><Tokens Count="20"><Token globalID="437" id="0" offset="2433:2436"><Text>The</Text></Token><Token globalID="438" id="1" offset="2437:2444"><Text>patient</Text></Token><Token globalID="439" id="2" offset="2445:2448"><Text>had</Text></Token><Token globalID="440" id="3" offset="2449:2456"><Text>medical</Text></Token><Token globalID="441" id="4" offset="2457:2464"><Text>history</Text></Token><Token globalID="442" id="5" offset="2465:2467"><Text>of</Text></Token><Token globalID="443" id="6" offset="2468:2473"><Text>CROHN</Text></Token><Token globalID="444" id="7" offset="2473:2475"><Text>'S</Text></Token><Token globalID="445" id="8" offset="2476:2483"><Text>DISEASE</Text></Token><Token globalID="446" id="9" offset="2483:2484"><Text>(</Text></Token><Token globalID="447" id="10" offset="2484:2487"><Text>Not</Text></Token><Token globalID="448" id="11" offset="2488:2498"><Text>Continuing</Text></Token><Token globalID="449" id="12" offset="2498:2499"><Text>)</Text></Token><Token globalID="450" id="13" offset="2499:2500"><Text>,</Text></Token><Token globalID="451" id="14" offset="2501:2514"><Text>GASTROPARESIS</Text></Token><Token globalID="452" id="15" offset="2514:2515"><Text>(</Text></Token><Token globalID="453" id="16" offset="2515:2518"><Text>Not</Text></Token><Token globalID="454" id="17" offset="2519:2529"><Text>Continuing</Text></Token><Token globalID="455" id="18" offset="2529:2530"><Text>)</Text></Token><Token globalID="456" id="19" offset="2530:2531"><Text>.</Text></Token></Tokens></Sentence></Sentences></Paragraph><Paragraph id="10"><Sentences Count="1"><Sentence id="0" offset="2532:2537"><Text>     </Text><Tokens Count="0" /></Sentence></Sentences></Paragraph><Paragraph id="11"><Sentences Count="1"><Sentence id="0" offset="2538:2656"><Text>The patient's concomitant medication included  MESALAZINE( Unknown,  Dosage Form: Unspecified,  for CROHN'S DISEASE). </Text><Tokens Count="21"><Token globalID="457" id="0" offset="2538:2541"><Text>The</Text></Token><Token globalID="458" id="1" offset="2542:2549"><Text>patient</Text></Token><Token globalID="459" id="2" offset="2549:2551"><Text>'s</Text></Token><Token globalID="460" id="3" offset="2552:2563"><Text>concomitant</Text></Token><Token globalID="461" id="4" offset="2564:2574"><Text>medication</Text></Token><Token globalID="462" id="5" offset="2575:2583"><Text>included</Text></Token><Token globalID="463" id="6" offset="2585:2595"><Text>MESALAZINE</Text></Token><Token globalID="464" id="7" offset="2595:2596"><Text>(</Text></Token><Token globalID="465" id="8" offset="2597:2604"><Text>Unknown</Text></Token><Token globalID="466" id="9" offset="2604:2605"><Text>,</Text></Token><Token globalID="467" id="10" offset="2607:2613"><Text>Dosage</Text></Token><Token globalID="468" id="11" offset="2614:2618"><Text>Form</Text></Token><Token globalID="469" id="12" offset="2618:2619"><Text>:</Text></Token><Token globalID="470" id="13" offset="2620:2631"><Text>Unspecified</Text></Token><Token globalID="471" id="14" offset="2631:2632"><Text>,</Text></Token><Token globalID="472" id="15" offset="2634:2637"><Text>for</Text></Token><Token globalID="473" id="16" offset="2638:2643"><Text>CROHN</Text></Token><Token globalID="474" id="17" offset="2643:2645"><Text>'S</Text></Token><Token globalID="475" id="18" offset="2646:2653"><Text>DISEASE</Text></Token><Token globalID="476" id="19" offset="2653:2654"><Text>)</Text></Token><Token globalID="477" id="20" offset="2654:2655"><Text>.</Text></Token></Tokens></Sentence></Sentences></Paragraph><Paragraph id="12"><Sentences Count="1"><Sentence id="0" offset="2657:2706"><Text>The patient's past medication were unspecified.  </Text><Tokens Count="8"><Token globalID="478" id="0" offset="2657:2660"><Text>The</Text></Token><Token globalID="479" id="1" offset="2661:2668"><Text>patient</Text></Token><Token globalID="480" id="2" offset="2668:2670"><Text>'s</Text></Token><Token globalID="481" id="3" offset="2671:2675"><Text>past</Text></Token><Token globalID="482" id="4" offset="2676:2686"><Text>medication</Text></Token><Token globalID="483" id="5" offset="2687:2691"><Text>were</Text></Token><Token globalID="484" id="6" offset="2692:2703"><Text>unspecified</Text></Token><Token globalID="485" id="7" offset="2703:2704"><Text>.</Text></Token></Tokens></Sentence></Sentences></Paragraph><Paragraph id="13"><Sentences Count="1"><Sentence id="0" offset="2708:2736"><Text>Lab tests were not reported.</Text><Tokens Count="6"><Token globalID="486" id="0" offset="2708:2711"><Text>Lab</Text></Token><Token globalID="487" id="1" offset="2712:2717"><Text>tests</Text></Token><Token globalID="488" id="2" offset="2718:2722"><Text>were</Text></Token><Token globalID="489" id="3" offset="2723:2726"><Text>not</Text></Token><Token globalID="490" id="4" offset="2727:2735"><Text>reported</Text></Token><Token globalID="491" id="5" offset="2735:2736"><Text>.</Text></Token></Tokens></Sentence></Sentences></Paragraph><Paragraph id="14"><Sentences Count="1"><Sentence id="0" offset="2738:2846"><Text>This case was considered serious based on the following criteria: (Other Serious (Important Medical Events))</Text><Tokens Count="20"><Token globalID="492" id="0" offset="2738:2742"><Text>This</Text></Token><Token globalID="493" id="1" offset="2743:2747"><Text>case</Text></Token><Token globalID="494" id="2" offset="2748:2751"><Text>was</Text></Token><Token globalID="495" id="3" offset="2752:2762"><Text>considered</Text></Token><Token globalID="496" id="4" offset="2763:2770"><Text>serious</Text></Token><Token globalID="497" id="5" offset="2771:2776"><Text>based</Text></Token><Token globalID="498" id="6" offset="2777:2779"><Text>on</Text></Token><Token globalID="499" id="7" offset="2780:2783"><Text>the</Text></Token><Token globalID="500" id="8" offset="2784:2793"><Text>following</Text></Token><Token globalID="501" id="9" offset="2794:2802"><Text>criteria</Text></Token><Token globalID="502" id="10" offset="2802:2803"><Text>:</Text></Token><Token globalID="503" id="11" offset="2804:2805"><Text>(</Text></Token><Token globalID="504" id="12" offset="2805:2810"><Text>Other</Text></Token><Token globalID="505" id="13" offset="2811:2818"><Text>Serious</Text></Token><Token globalID="506" id="14" offset="2819:2820"><Text>(</Text></Token><Token globalID="507" id="15" offset="2820:2829"><Text>Important</Text></Token><Token globalID="508" id="16" offset="2830:2837"><Text>Medical</Text></Token><Token globalID="509" id="17" offset="2838:2844"><Text>Events</Text></Token><Token globalID="510" id="18" offset="2844:2845"><Text>)</Text></Token><Token globalID="511" id="19" offset="2844:2845"><Text>)</Text></Token></Tokens></Sentence></Sentences></Paragraph><Paragraph id="15"><Sentences Count="1"><Sentence id="0" offset="2848:2970"><Text>Teva Comment: ERYTHROMYCIN- Events ARRHYTHMIA and POSSIBLE DRUG INTERACTION Un-assessable due to insufficient information.</Text><Tokens Count="16"><Token globalID="512" id="0" offset="2848:2852"><Text>Teva</Text></Token><Token globalID="513" id="1" offset="2853:2860"><Text>Comment</Text></Token><Token globalID="514" id="2" offset="2860:2861"><Text>:</Text></Token><Token globalID="515" id="3" offset="2862:2875"><Text>ERYTHROMYCIN-</Text></Token><Token globalID="516" id="4" offset="2876:2882"><Text>Events</Text></Token><Token globalID="517" id="5" offset="2883:2893"><Text>ARRHYTHMIA</Text></Token><Token globalID="518" id="6" offset="2894:2897"><Text>and</Text></Token><Token globalID="519" id="7" offset="2898:2906"><Text>POSSIBLE</Text></Token><Token globalID="520" id="8" offset="2907:2911"><Text>DRUG</Text></Token><Token globalID="521" id="9" offset="2912:2923"><Text>INTERACTION</Text></Token><Token globalID="522" id="10" offset="2924:2937"><Text>Un-assessable</Text></Token><Token globalID="523" id="11" offset="2938:2941"><Text>due</Text></Token><Token globalID="524" id="12" offset="2942:2944"><Text>to</Text></Token><Token globalID="525" id="13" offset="2945:2957"><Text>insufficient</Text></Token><Token globalID="526" id="14" offset="2958:2969"><Text>information</Text></Token><Token globalID="527" id="15" offset="2969:2970"><Text>.</Text></Token></Tokens></Sentence></Sentences></Paragraph><Paragraph id="16"><Sentences Count="1"><Sentence id="0" offset="2972:3079"><Text>Because this is a spontaneous case, regulatory distribution will be handled as though it is a related case.</Text><Tokens Count="20"><Token globalID="528" id="0" offset="2972:2979"><Text>Because</Text></Token><Token globalID="529" id="1" offset="2980:2984"><Text>this</Text></Token><Token globalID="530" id="2" offset="2982:2984"><Text>is</Text></Token><Token globalID="531" id="3" offset="2988:2989"><Text>a</Text></Token><Token globalID="532" id="4" offset="2990:3001"><Text>spontaneous</Text></Token><Token globalID="533" id="5" offset="3002:3006"><Text>case</Text></Token><Token globalID="534" id="6" offset="3006:3007"><Text>,</Text></Token><Token globalID="535" id="7" offset="3008:3018"><Text>regulatory</Text></Token><Token globalID="536" id="8" offset="3019:3031"><Text>distribution</Text></Token><Token globalID="537" id="9" offset="3032:3036"><Text>will</Text></Token><Token globalID="538" id="10" offset="3037:3039"><Text>be</Text></Token><Token globalID="539" id="11" offset="3040:3047"><Text>handled</Text></Token><Token globalID="540" id="12" offset="3048:3050"><Text>as</Text></Token><Token globalID="541" id="13" offset="3051:3057"><Text>though</Text></Token><Token globalID="542" id="14" offset="3058:3060"><Text>it</Text></Token><Token globalID="543" id="15" offset="3061:3063"><Text>is</Text></Token><Token globalID="544" id="16" offset="3064:3065"><Text>a</Text></Token><Token globalID="545" id="17" offset="3066:3073"><Text>related</Text></Token><Token globalID="546" id="18" offset="3074:3078"><Text>case</Text></Token><Token globalID="547" id="19" offset="3078:3079"><Text>.</Text></Token></Tokens></Sentence></Sentences></Paragraph><Paragraph id="17"><Sentences Count="1"><Sentence id="0" offset="3081:3093"><Text>23-Apr-2015:</Text><Tokens Count="2"><Token globalID="548" id="0" offset="3081:3092"><Text>23-Apr-2015</Text></Token><Token globalID="549" id="1" offset="3092:3093"><Text>:</Text></Token></Tokens></Sentence></Sentences></Paragraph><Paragraph id="18"><Sentences Count="1"><Sentence id="0" offset="3094:3136"><Text>Additional information received from MHRA.</Text><Tokens Count="6"><Token globalID="550" id="0" offset="3094:3104"><Text>Additional</Text></Token><Token globalID="551" id="1" offset="3105:3116"><Text>information</Text></Token><Token globalID="552" id="2" offset="3117:3125"><Text>received</Text></Token><Token globalID="553" id="3" offset="3126:3130"><Text>from</Text></Token><Token globalID="554" id="4" offset="3131:3135"><Text>MHRA</Text></Token><Token globalID="555" id="5" offset="3135:3136"><Text>.</Text></Token></Tokens></Sentence></Sentences></Paragraph><Paragraph id="19"><Sentences Count="13"><Sentence id="0" offset="3137:3223"><Text>Additional information was received from a consumer (patient's mother) on 13-APR-2015.</Text><Tokens Count="15"><Token globalID="556" id="0" offset="3137:3147"><Text>Additional</Text></Token><Token globalID="557" id="1" offset="3148:3159"><Text>information</Text></Token><Token globalID="558" id="2" offset="3160:3163"><Text>was</Text></Token><Token globalID="559" id="3" offset="3164:3172"><Text>received</Text></Token><Token globalID="560" id="4" offset="3173:3177"><Text>from</Text></Token><Token globalID="561" id="5" offset="3178:3179"><Text>a</Text></Token><Token globalID="562" id="6" offset="3180:3188"><Text>consumer</Text></Token><Token globalID="563" id="7" offset="3189:3190"><Text>(</Text></Token><Token globalID="564" id="8" offset="3190:3197"><Text>patient</Text></Token><Token globalID="565" id="9" offset="3197:3199"><Text>'s</Text></Token><Token globalID="566" id="10" offset="3200:3206"><Text>mother</Text></Token><Token globalID="567" id="11" offset="3206:3207"><Text>)</Text></Token><Token globalID="568" id="12" offset="3208:3210"><Text>on</Text></Token><Token globalID="569" id="13" offset="3211:3222"><Text>13-APR-2015</Text></Token><Token globalID="570" id="14" offset="3222:3223"><Text>.</Text></Token></Tokens></Sentence><Sentence id="1" offset="3224:3331"><Text>A phone call attempt was made at 13:21, 13:59 and 15:15 on 10-APR-2015 however phone call was not answered.</Text><Tokens Count="21"><Token globalID="571" id="0" offset="3224:3225"><Text>A</Text></Token><Token globalID="572" id="1" offset="3226:3231"><Text>phone</Text></Token><Token globalID="573" id="2" offset="3232:3236"><Text>call</Text></Token><Token globalID="574" id="3" offset="3237:3244"><Text>attempt</Text></Token><Token globalID="575" id="4" offset="3245:3248"><Text>was</Text></Token><Token globalID="576" id="5" offset="3249:3253"><Text>made</Text></Token><Token globalID="577" id="6" offset="3254:3256"><Text>at</Text></Token><Token globalID="578" id="7" offset="3257:3262"><Text>13:21</Text></Token><Token globalID="579" id="8" offset="3262:3263"><Text>,</Text></Token><Token globalID="580" id="9" offset="3264:3269"><Text>13:59</Text></Token><Token globalID="581" id="10" offset="3270:3273"><Text>and</Text></Token><Token globalID="582" id="11" offset="3274:3279"><Text>15:15</Text></Token><Token globalID="583" id="12" offset="3280:3282"><Text>on</Text></Token><Token globalID="584" id="13" offset="3283:3294"><Text>10-APR-2015</Text></Token><Token globalID="585" id="14" offset="3295:3302"><Text>however</Text></Token><Token globalID="586" id="15" offset="3303:3308"><Text>phone</Text></Token><Token globalID="587" id="16" offset="3309:3313"><Text>call</Text></Token><Token globalID="588" id="17" offset="3314:3317"><Text>was</Text></Token><Token globalID="589" id="18" offset="3318:3321"><Text>not</Text></Token><Token globalID="590" id="19" offset="3322:3330"><Text>answered</Text></Token><Token globalID="591" id="20" offset="3330:3331"><Text>.</Text></Token></Tokens></Sentence><Sentence id="2" offset="3332:3400"><Text>On 13-APR-2015 company representative spoke to the patient's mother.</Text><Tokens Count="11"><Token globalID="592" id="0" offset="3332:3334"><Text>On</Text></Token><Token globalID="593" id="1" offset="3335:3346"><Text>13-APR-2015</Text></Token><Token globalID="594" id="2" offset="3347:3354"><Text>company</Text></Token><Token globalID="595" id="3" offset="3355:3369"><Text>representative</Text></Token><Token globalID="596" id="4" offset="3370:3375"><Text>spoke</Text></Token><Token globalID="597" id="5" offset="3376:3378"><Text>to</Text></Token><Token globalID="598" id="6" offset="3379:3382"><Text>the</Text></Token><Token globalID="599" id="7" offset="3383:3390"><Text>patient</Text></Token><Token globalID="600" id="8" offset="3390:3392"><Text>'s</Text></Token><Token globalID="601" id="9" offset="3393:3399"><Text>mother</Text></Token><Token globalID="602" id="10" offset="3399:3400"><Text>.</Text></Token></Tokens></Sentence><Sentence id="3" offset="3401:3515"><Text>The patient mother stated that the patient had been taking both domperidone and erythromycin for at least 5 years.</Text><Tokens Count="20"><Token globalID="603" id="0" offset="3401:3404"><Text>The</Text></Token><Token globalID="604" id="1" offset="3405:3412"><Text>patient</Text></Token><Token globalID="605" id="2" offset="3413:3419"><Text>mother</Text></Token><Token globalID="606" id="3" offset="3420:3426"><Text>stated</Text></Token><Token globalID="607" id="4" offset="3427:3431"><Text>that</Text></Token><Token globalID="608" id="5" offset="3432:3435"><Text>the</Text></Token><Token globalID="609" id="6" offset="3436:3443"><Text>patient</Text></Token><Token globalID="610" id="7" offset="3444:3447"><Text>had</Text></Token><Token globalID="611" id="8" offset="3448:3452"><Text>been</Text></Token><Token globalID="612" id="9" offset="3453:3459"><Text>taking</Text></Token><Token globalID="613" id="10" offset="3460:3464"><Text>both</Text></Token><Token globalID="614" id="11" offset="3465:3476"><Text>domperidone</Text></Token><Token globalID="615" id="12" offset="3477:3480"><Text>and</Text></Token><Token globalID="616" id="13" offset="3481:3493"><Text>erythromycin</Text></Token><Token globalID="617" id="14" offset="3494:3497"><Text>for</Text></Token><Token globalID="618" id="15" offset="3498:3500"><Text>at</Text></Token><Token globalID="619" id="16" offset="3501:3506"><Text>least</Text></Token><Token globalID="620" id="17" offset="3507:3508"><Text>5</Text></Token><Token globalID="621" id="18" offset="3509:3514"><Text>years</Text></Token><Token globalID="622" id="19" offset="3514:3515"><Text>.</Text></Token></Tokens></Sentence><Sentence id="4" offset="3516:3557"><Text>The onset of symptoms was 2 months prior.</Text><Tokens Count="9"><Token globalID="623" id="0" offset="3516:3519"><Text>The</Text></Token><Token globalID="624" id="1" offset="3520:3525"><Text>onset</Text></Token><Token globalID="625" id="2" offset="3526:3528"><Text>of</Text></Token><Token globalID="626" id="3" offset="3529:3537"><Text>symptoms</Text></Token><Token globalID="627" id="4" offset="3538:3541"><Text>was</Text></Token><Token globalID="628" id="5" offset="3542:3543"><Text>2</Text></Token><Token globalID="629" id="6" offset="3544:3550"><Text>months</Text></Token><Token globalID="630" id="7" offset="3551:3556"><Text>prior</Text></Token><Token globalID="631" id="8" offset="3556:3557"><Text>.</Text></Token></Tokens></Sentence><Sentence id="5" offset="3558:3601"><Text>The patient had other auto immune problems.</Text><Tokens Count="8"><Token globalID="632" id="0" offset="3558:3561"><Text>The</Text></Token><Token globalID="633" id="1" offset="3562:3569"><Text>patient</Text></Token><Token globalID="634" id="2" offset="3570:3573"><Text>had</Text></Token><Token globalID="635" id="3" offset="3574:3579"><Text>other</Text></Token><Token globalID="636" id="4" offset="3580:3584"><Text>auto</Text></Token><Token globalID="637" id="5" offset="3585:3591"><Text>immune</Text></Token><Token globalID="638" id="6" offset="3592:3600"><Text>problems</Text></Token><Token globalID="639" id="7" offset="3600:3601"><Text>.</Text></Token></Tokens></Sentence><Sentence id="6" offset="3602:3766"><Text>The patient's mother was unsure of exact dose and brand of domperidone and erythromycin but stated that the patient was on a low dose of erythromycin 3 times a day.</Text><Tokens Count="32"><Token globalID="640" id="0" offset="3602:3605"><Text>The</Text></Token><Token globalID="641" id="1" offset="3606:3613"><Text>patient</Text></Token><Token globalID="642" id="2" offset="3613:3615"><Text>'s</Text></Token><Token globalID="643" id="3" offset="3616:3622"><Text>mother</Text></Token><Token globalID="644" id="4" offset="3623:3626"><Text>was</Text></Token><Token globalID="645" id="5" offset="3627:3633"><Text>unsure</Text></Token><Token globalID="646" id="6" offset="3634:3636"><Text>of</Text></Token><Token globalID="647" id="7" offset="3637:3642"><Text>exact</Text></Token><Token globalID="648" id="8" offset="3643:3647"><Text>dose</Text></Token><Token globalID="649" id="9" offset="3648:3651"><Text>and</Text></Token><Token globalID="650" id="10" offset="3652:3657"><Text>brand</Text></Token><Token globalID="651" id="11" offset="3658:3660"><Text>of</Text></Token><Token globalID="652" id="12" offset="3661:3672"><Text>domperidone</Text></Token><Token globalID="653" id="13" offset="3673:3676"><Text>and</Text></Token><Token globalID="654" id="14" offset="3677:3689"><Text>erythromycin</Text></Token><Token globalID="655" id="15" offset="3690:3693"><Text>but</Text></Token><Token globalID="656" id="16" offset="3694:3700"><Text>stated</Text></Token><Token globalID="657" id="17" offset="3701:3705"><Text>that</Text></Token><Token globalID="658" id="18" offset="3706:3709"><Text>the</Text></Token><Token globalID="659" id="19" offset="3710:3717"><Text>patient</Text></Token><Token globalID="660" id="20" offset="3718:3721"><Text>was</Text></Token><Token globalID="661" id="21" offset="3722:3724"><Text>on</Text></Token><Token globalID="662" id="22" offset="3725:3726"><Text>a</Text></Token><Token globalID="663" id="23" offset="3727:3730"><Text>low</Text></Token><Token globalID="664" id="24" offset="3731:3735"><Text>dose</Text></Token><Token globalID="665" id="25" offset="3736:3738"><Text>of</Text></Token><Token globalID="666" id="26" offset="3739:3751"><Text>erythromycin</Text></Token><Token globalID="667" id="27" offset="3752:3753"><Text>3</Text></Token><Token globalID="668" id="28" offset="3754:3759"><Text>times</Text></Token><Token globalID="669" id="29" offset="3760:3761"><Text>a</Text></Token><Token globalID="670" id="30" offset="3762:3765"><Text>day</Text></Token><Token globalID="671" id="31" offset="3765:3766"><Text>.</Text></Token></Tokens></Sentence><Sentence id="7" offset="3767:3825"><Text>The patient had stopped taking erythromycin 10 days prior.</Text><Tokens Count="10"><Token globalID="672" id="0" offset="3767:3770"><Text>The</Text></Token><Token globalID="673" id="1" offset="3771:3778"><Text>patient</Text></Token><Token globalID="674" id="2" offset="3779:3782"><Text>had</Text></Token><Token globalID="675" id="3" offset="3783:3790"><Text>stopped</Text></Token><Token globalID="676" id="4" offset="3791:3797"><Text>taking</Text></Token><Token globalID="677" id="5" offset="3798:3810"><Text>erythromycin</Text></Token><Token globalID="678" id="6" offset="3811:3813"><Text>10</Text></Token><Token globalID="679" id="7" offset="3814:3818"><Text>days</Text></Token><Token globalID="680" id="8" offset="3819:3824"><Text>prior</Text></Token><Token globalID="681" id="9" offset="3824:3825"><Text>.</Text></Token></Tokens></Sentence><Sentence id="8" offset="3826:3891"><Text>Treatment with erythromycin was withdrawn on an unspecified date.</Text><Tokens Count="10"><Token globalID="682" id="0" offset="3826:3835"><Text>Treatment</Text></Token><Token globalID="683" id="1" offset="3836:3840"><Text>with</Text></Token><Token globalID="684" id="2" offset="3841:3853"><Text>erythromycin</Text></Token><Token globalID="685" id="3" offset="3854:3857"><Text>was</Text></Token><Token globalID="686" id="4" offset="3858:3867"><Text>withdrawn</Text></Token><Token globalID="687" id="5" offset="3868:3870"><Text>on</Text></Token><Token globalID="688" id="6" offset="3871:3873"><Text>an</Text></Token><Token globalID="689" id="7" offset="3874:3885"><Text>unspecified</Text></Token><Token globalID="690" id="8" offset="3886:3890"><Text>date</Text></Token><Token globalID="691" id="9" offset="3890:3891"><Text>.</Text></Token></Tokens></Sentence><Sentence id="9" offset="3892:3927"><Text>The symptoms have not yet improved.</Text><Tokens Count="7"><Token globalID="692" id="0" offset="3892:3895"><Text>The</Text></Token><Token globalID="693" id="1" offset="3896:3904"><Text>symptoms</Text></Token><Token globalID="694" id="2" offset="3905:3909"><Text>have</Text></Token><Token globalID="695" id="3" offset="3910:3913"><Text>not</Text></Token><Token globalID="696" id="4" offset="3914:3917"><Text>yet</Text></Token><Token globalID="697" id="5" offset="3918:3926"><Text>improved</Text></Token><Token globalID="698" id="6" offset="3926:3927"><Text>.</Text></Token></Tokens></Sentence><Sentence id="10" offset="3928:4022"><Text>The patient had not recovered from arrhythmia, unwell, severe fatigue, dry eyes and dry mouth.</Text><Tokens Count="19"><Token globalID="699" id="0" offset="3928:3931"><Text>The</Text></Token><Token globalID="700" id="1" offset="3932:3939"><Text>patient</Text></Token><Token globalID="701" id="2" offset="3940:3943"><Text>had</Text></Token><Token globalID="702" id="3" offset="3944:3947"><Text>not</Text></Token><Token globalID="703" id="4" offset="3948:3957"><Text>recovered</Text></Token><Token globalID="704" id="5" offset="3958:3962"><Text>from</Text></Token><Token globalID="705" id="6" offset="3963:3973"><Text>arrhythmia</Text></Token><Token globalID="706" id="7" offset="3973:3974"><Text>,</Text></Token><Token globalID="707" id="8" offset="3975:3981"><Text>unwell</Text></Token><Token globalID="708" id="9" offset="3981:3982"><Text>,</Text></Token><Token globalID="709" id="10" offset="3983:3989"><Text>severe</Text></Token><Token globalID="710" id="11" offset="3990:3997"><Text>fatigue</Text></Token><Token globalID="711" id="12" offset="3997:3998"><Text>,</Text></Token><Token globalID="712" id="13" offset="3999:4002"><Text>dry</Text></Token><Token globalID="713" id="14" offset="4003:4007"><Text>eyes</Text></Token><Token globalID="714" id="15" offset="4008:4011"><Text>and</Text></Token><Token globalID="715" id="16" offset="4012:4015"><Text>dry</Text></Token><Token globalID="716" id="17" offset="4016:4021"><Text>mouth</Text></Token><Token globalID="717" id="18" offset="4021:4022"><Text>.</Text></Token></Tokens></Sentence><Sentence id="11" offset="4023:4104"><Text>The reporter stated that the patient would be seeing a specialist on 24-Apr-2015.</Text><Tokens Count="14"><Token globalID="718" id="0" offset="4023:4026"><Text>The</Text></Token><Token globalID="719" id="1" offset="4027:4035"><Text>reporter</Text></Token><Token globalID="720" id="2" offset="4036:4042"><Text>stated</Text></Token><Token globalID="721" id="3" offset="4043:4047"><Text>that</Text></Token><Token globalID="722" id="4" offset="4048:4051"><Text>the</Text></Token><Token globalID="723" id="5" offset="4052:4059"><Text>patient</Text></Token><Token globalID="724" id="6" offset="4060:4065"><Text>would</Text></Token><Token globalID="725" id="7" offset="4066:4068"><Text>be</Text></Token><Token globalID="726" id="8" offset="4069:4075"><Text>seeing</Text></Token><Token globalID="727" id="9" offset="4076:4077"><Text>a</Text></Token><Token globalID="728" id="10" offset="4078:4088"><Text>specialist</Text></Token><Token globalID="729" id="11" offset="4089:4091"><Text>on</Text></Token><Token globalID="730" id="12" offset="4092:4103"><Text>24-Apr-2015</Text></Token><Token globalID="731" id="13" offset="4103:4104"><Text>.</Text></Token></Tokens></Sentence><Sentence id="12" offset="4105:4169"><Text>No further information was available at the time of this report.</Text><Tokens Count="12"><Token globalID="732" id="0" offset="4105:4107"><Text>No</Text></Token><Token globalID="733" id="1" offset="4108:4115"><Text>further</Text></Token><Token globalID="734" id="2" offset="4116:4127"><Text>information</Text></Token><Token globalID="735" id="3" offset="4128:4131"><Text>was</Text></Token><Token globalID="736" id="4" offset="4132:4141"><Text>available</Text></Token><Token globalID="737" id="5" offset="4142:4144"><Text>at</Text></Token><Token globalID="738" id="6" offset="4145:4148"><Text>the</Text></Token><Token globalID="739" id="7" offset="4149:4153"><Text>time</Text></Token><Token globalID="740" id="8" offset="4154:4156"><Text>of</Text></Token><Token globalID="741" id="9" offset="4157:4161"><Text>this</Text></Token><Token globalID="742" id="10" offset="4162:4168"><Text>report</Text></Token><Token globalID="743" id="11" offset="4168:4169"><Text>.</Text></Token></Tokens></Sentence></Sentences></Paragraph><Paragraph id="20"><Sentences Count="1"><Sentence id="0" offset="4170:4216"><Text>The new information added in this FU included:</Text><Tokens Count="9"><Token globalID="744" id="0" offset="4170:4173"><Text>The</Text></Token><Token globalID="745" id="1" offset="4174:4177"><Text>new</Text></Token><Token globalID="746" id="2" offset="4178:4189"><Text>information</Text></Token><Token globalID="747" id="3" offset="4190:4195"><Text>added</Text></Token><Token globalID="748" id="4" offset="4196:4198"><Text>in</Text></Token><Token globalID="749" id="5" offset="4199:4203"><Text>this</Text></Token><Token globalID="750" id="6" offset="4204:4206"><Text>FU</Text></Token><Token globalID="751" id="7" offset="4207:4215"><Text>included</Text></Token><Token globalID="752" id="8" offset="4215:4216"><Text>:</Text></Token></Tokens></Sentence></Sentences></Paragraph><Paragraph id="21"><Sentences Count="1"><Sentence id="0" offset="4217:4276"><Text>Patient past medical history includes: Autoimmune disorder.</Text><Tokens Count="9"><Token globalID="753" id="0" offset="4217:4224"><Text>Patient</Text></Token><Token globalID="754" id="1" offset="4225:4229"><Text>past</Text></Token><Token globalID="755" id="2" offset="4230:4237"><Text>medical</Text></Token><Token globalID="756" id="3" offset="4238:4245"><Text>history</Text></Token><Token globalID="757" id="4" offset="4246:4254"><Text>includes</Text></Token><Token globalID="758" id="5" offset="4254:4255"><Text>:</Text></Token><Token globalID="759" id="6" offset="4256:4266"><Text>Autoimmune</Text></Token><Token globalID="760" id="7" offset="4267:4275"><Text>disorder</Text></Token><Token globalID="761" id="8" offset="4275:4276"><Text>.</Text></Token></Tokens></Sentence></Sentences></Paragraph><Paragraph id="22"><Sentences Count="1"><Sentence id="0" offset="4277:4335"><Text>Therapy start date of Domperidone was provided as: --2010.</Text><Tokens Count="12"><Token globalID="762" id="0" offset="4277:4284"><Text>Therapy</Text></Token><Token globalID="763" id="1" offset="4285:4290"><Text>start</Text></Token><Token globalID="764" id="2" offset="4291:4295"><Text>date</Text></Token><Token globalID="765" id="3" offset="4296:4298"><Text>of</Text></Token><Token globalID="766" id="4" offset="4299:4310"><Text>Domperidone</Text></Token><Token globalID="767" id="5" offset="4311:4314"><Text>was</Text></Token><Token globalID="768" id="6" offset="4315:4323"><Text>provided</Text></Token><Token globalID="769" id="7" offset="4324:4326"><Text>as</Text></Token><Token globalID="770" id="8" offset="4326:4327"><Text>:</Text></Token><Token globalID="771" id="9" offset="4328:4330"><Text>--</Text></Token><Token globalID="772" id="10" offset="4330:4334"><Text>2010</Text></Token><Token globalID="773" id="11" offset="4334:4335"><Text>.</Text></Token></Tokens></Sentence></Sentences></Paragraph><Paragraph id="23"><Sentences Count="1"><Sentence id="0" offset="4336:4541"><Text>Reporter causality for the events "Arrhythmia", "Drug interaction", "Unwell", "Fatigue", "Dry eyes", "Dry mouth", and "Menses lack of" with regard to "Domperidone" were provided as "Possible" respectively.</Text><Tokens Count="52"><Token globalID="774" id="0" offset="4336:4344"><Text>Reporter</Text></Token><Token globalID="775" id="1" offset="4345:4354"><Text>causality</Text></Token><Token globalID="776" id="2" offset="4355:4358"><Text>for</Text></Token><Token globalID="777" id="3" offset="4359:4362"><Text>the</Text></Token><Token globalID="778" id="4" offset="4363:4369"><Text>events</Text></Token><Token globalID="779" id="5" offset="-1:1"><Text>``</Text></Token><Token globalID="780" id="6" offset="-1:9"><Text>Arrhythmia</Text></Token><Token globalID="781" id="7" offset="-1:1"><Text>''</Text></Token><Token globalID="782" id="8" offset="-1:0"><Text>,</Text></Token><Token globalID="783" id="9" offset="-1:1"><Text>``</Text></Token><Token globalID="784" id="10" offset="-1:3"><Text>Drug</Text></Token><Token globalID="785" id="11" offset="-1:10"><Text>interaction</Text></Token><Token globalID="786" id="12" offset="-1:1"><Text>''</Text></Token><Token globalID="787" id="13" offset="-1:0"><Text>,</Text></Token><Token globalID="788" id="14" offset="-1:1"><Text>``</Text></Token><Token globalID="789" id="15" offset="-1:5"><Text>Unwell</Text></Token><Token globalID="790" id="16" offset="-1:1"><Text>''</Text></Token><Token globalID="791" id="17" offset="-1:0"><Text>,</Text></Token><Token globalID="792" id="18" offset="-1:1"><Text>``</Text></Token><Token globalID="793" id="19" offset="-1:6"><Text>Fatigue</Text></Token><Token globalID="794" id="20" offset="-1:1"><Text>''</Text></Token><Token globalID="795" id="21" offset="-1:0"><Text>,</Text></Token><Token globalID="796" id="22" offset="-1:1"><Text>``</Text></Token><Token globalID="797" id="23" offset="-1:2"><Text>Dry</Text></Token><Token globalID="798" id="24" offset="-1:3"><Text>eyes</Text></Token><Token globalID="799" id="25" offset="-1:1"><Text>''</Text></Token><Token globalID="800" id="26" offset="-1:0"><Text>,</Text></Token><Token globalID="801" id="27" offset="-1:1"><Text>``</Text></Token><Token globalID="802" id="28" offset="-1:2"><Text>Dry</Text></Token><Token globalID="803" id="29" offset="-1:4"><Text>mouth</Text></Token><Token globalID="804" id="30" offset="-1:1"><Text>''</Text></Token><Token globalID="805" id="31" offset="-1:0"><Text>,</Text></Token><Token globalID="806" id="32" offset="-1:2"><Text>and</Text></Token><Token globalID="807" id="33" offset="-1:1"><Text>``</Text></Token><Token globalID="808" id="34" offset="-1:5"><Text>Menses</Text></Token><Token globalID="809" id="35" offset="-1:3"><Text>lack</Text></Token><Token globalID="810" id="36" offset="-1:1"><Text>of</Text></Token><Token globalID="811" id="37" offset="-1:1"><Text>''</Text></Token><Token globalID="812" id="38" offset="-1:3"><Text>with</Text></Token><Token globalID="813" id="39" offset="-1:5"><Text>regard</Text></Token><Token globalID="814" id="40" offset="-1:1"><Text>to</Text></Token><Token globalID="815" id="41" offset="-1:1"><Text>``</Text></Token><Token globalID="816" id="42" offset="-1:10"><Text>Domperidone</Text></Token><Token globalID="817" id="43" offset="-1:1"><Text>''</Text></Token><Token globalID="818" id="44" offset="-1:3"><Text>were</Text></Token><Token globalID="819" id="45" offset="-1:7"><Text>provided</Text></Token><Token globalID="820" id="46" offset="-1:1"><Text>as</Text></Token><Token globalID="821" id="47" offset="-1:1"><Text>``</Text></Token><Token globalID="822" id="48" offset="-1:7"><Text>Possible</Text></Token><Token globalID="823" id="49" offset="-1:1"><Text>''</Text></Token><Token globalID="824" id="50" offset="-1:11"><Text>respectively</Text></Token><Token globalID="825" id="51" offset="6061:6062"><Text>.</Text></Token></Tokens></Sentence></Sentences></Paragraph><Paragraph id="24"><Sentences Count="1"><Sentence id="0" offset="4542:4599"><Text>Therapy start date of Erythromycin was provided as: 2010.</Text><Tokens Count="11"><Token globalID="826" id="0" offset="-1:6"><Text>Therapy</Text></Token><Token globalID="827" id="1" offset="-1:4"><Text>start</Text></Token><Token globalID="828" id="2" offset="-1:3"><Text>date</Text></Token><Token globalID="829" id="3" offset="-1:1"><Text>of</Text></Token><Token globalID="830" id="4" offset="-1:11"><Text>Erythromycin</Text></Token><Token globalID="831" id="5" offset="-1:2"><Text>was</Text></Token><Token globalID="832" id="6" offset="-1:7"><Text>provided</Text></Token><Token globalID="833" id="7" offset="-1:1"><Text>as</Text></Token><Token globalID="834" id="8" offset="-1:0"><Text>:</Text></Token><Token globalID="835" id="9" offset="-1:3"><Text>2010</Text></Token><Token globalID="836" id="10" offset="6061:6062"><Text>.</Text></Token></Tokens></Sentence></Sentences></Paragraph><Paragraph id="25"><Sentences Count="1"><Sentence id="0" offset="4600:4661"><Text>Therapy stop date of Erythromycin was provided as: -Apr-2015.</Text><Tokens Count="11"><Token globalID="837" id="0" offset="-1:6"><Text>Therapy</Text></Token><Token globalID="838" id="1" offset="-1:3"><Text>stop</Text></Token><Token globalID="839" id="2" offset="-1:3"><Text>date</Text></Token><Token globalID="840" id="3" offset="-1:1"><Text>of</Text></Token><Token globalID="841" id="4" offset="-1:11"><Text>Erythromycin</Text></Token><Token globalID="842" id="5" offset="-1:2"><Text>was</Text></Token><Token globalID="843" id="6" offset="-1:7"><Text>provided</Text></Token><Token globalID="844" id="7" offset="-1:1"><Text>as</Text></Token><Token globalID="845" id="8" offset="-1:0"><Text>:</Text></Token><Token globalID="846" id="9" offset="-1:8"><Text>-Apr-2015</Text></Token><Token globalID="847" id="10" offset="6061:6062"><Text>.</Text></Token></Tokens></Sentence></Sentences></Paragraph><Paragraph id="26"><Sentences Count="1"><Sentence id="0" offset="4662:4740"><Text>Last action taken with drug "Erythromycin" was provided as: Drug Discontinued.</Text><Tokens Count="15"><Token globalID="848" id="0" offset="-1:3"><Text>Last</Text></Token><Token globalID="849" id="1" offset="-1:5"><Text>action</Text></Token><Token globalID="850" id="2" offset="-1:4"><Text>taken</Text></Token><Token globalID="851" id="3" offset="-1:3"><Text>with</Text></Token><Token globalID="852" id="4" offset="-1:3"><Text>drug</Text></Token><Token globalID="853" id="5" offset="-1:1"><Text>``</Text></Token><Token globalID="854" id="6" offset="-1:11"><Text>Erythromycin</Text></Token><Token globalID="855" id="7" offset="-1:1"><Text>''</Text></Token><Token globalID="856" id="8" offset="-1:2"><Text>was</Text></Token><Token globalID="857" id="9" offset="-1:7"><Text>provided</Text></Token><Token globalID="858" id="10" offset="-1:1"><Text>as</Text></Token><Token globalID="859" id="11" offset="-1:0"><Text>:</Text></Token><Token globalID="860" id="12" offset="-1:3"><Text>Drug</Text></Token><Token globalID="861" id="13" offset="-1:11"><Text>Discontinued</Text></Token><Token globalID="862" id="14" offset="6061:6062"><Text>.</Text></Token></Tokens></Sentence></Sentences></Paragraph><Paragraph id="27"><Sentences Count="1"><Sentence id="0" offset="4742:4892"><Text>TEva Comment: Erythromycin - Considering the long-term uneventful therapy with suspect drug, its role in the reported events was considered unrelated.</Text><Tokens Count="24"><Token globalID="863" id="0" offset="-1:3"><Text>TEva</Text></Token><Token globalID="864" id="1" offset="-1:6"><Text>Comment</Text></Token><Token globalID="865" id="2" offset="-1:0"><Text>:</Text></Token><Token globalID="866" id="3" offset="-1:11"><Text>Erythromycin</Text></Token><Token globalID="867" id="4" offset="-1:0"><Text>-</Text></Token><Token globalID="868" id="5" offset="-1:10"><Text>Considering</Text></Token><Token globalID="869" id="6" offset="-1:2"><Text>the</Text></Token><Token globalID="870" id="7" offset="-1:8"><Text>long-term</Text></Token><Token globalID="871" id="8" offset="-1:9"><Text>uneventful</Text></Token><Token globalID="872" id="9" offset="-1:6"><Text>therapy</Text></Token><Token globalID="873" id="10" offset="-1:3"><Text>with</Text></Token><Token globalID="874" id="11" offset="-1:6"><Text>suspect</Text></Token><Token globalID="875" id="12" offset="-1:3"><Text>drug</Text></Token><Token globalID="876" id="13" offset="-1:0"><Text>,</Text></Token><Token globalID="877" id="14" offset="-1:2"><Text>its</Text></Token><Token globalID="878" id="15" offset="-1:3"><Text>role</Text></Token><Token globalID="879" id="16" offset="-1:1"><Text>in</Text></Token><Token globalID="880" id="17" offset="-1:2"><Text>the</Text></Token><Token globalID="881" id="18" offset="-1:7"><Text>reported</Text></Token><Token globalID="882" id="19" offset="-1:5"><Text>events</Text></Token><Token globalID="883" id="20" offset="-1:2"><Text>was</Text></Token><Token globalID="884" id="21" offset="-1:9"><Text>considered</Text></Token><Token globalID="885" id="22" offset="-1:8"><Text>unrelated</Text></Token><Token globalID="886" id="23" offset="6061:6062"><Text>.</Text></Token></Tokens></Sentence></Sentences></Paragraph><Paragraph id="28"><Sentences Count="1"><Sentence id="0" offset="4894:4906"><Text>27-Apr-2015:</Text><Tokens Count="2"><Token globalID="887" id="0" offset="-1:10"><Text>27-Apr-2015</Text></Token><Token globalID="888" id="1" offset="-1:0"><Text>:</Text></Token></Tokens></Sentence></Sentences></Paragraph><Paragraph id="29"><Sentences Count="1"><Sentence id="0" offset="4907:4969"><Text>Additional information was received from the Health Authority.</Text><Tokens Count="9"><Token globalID="889" id="0" offset="-1:9"><Text>Additional</Text></Token><Token globalID="890" id="1" offset="-1:10"><Text>information</Text></Token><Token globalID="891" id="2" offset="-1:2"><Text>was</Text></Token><Token globalID="892" id="3" offset="-1:7"><Text>received</Text></Token><Token globalID="893" id="4" offset="-1:3"><Text>from</Text></Token><Token globalID="894" id="5" offset="-1:2"><Text>the</Text></Token><Token globalID="895" id="6" offset="-1:5"><Text>Health</Text></Token><Token globalID="896" id="7" offset="-1:8"><Text>Authority</Text></Token><Token globalID="897" id="8" offset="6061:6062"><Text>.</Text></Token></Tokens></Sentence></Sentences></Paragraph><Paragraph id="30"><Sentences Count="1"><Sentence id="0" offset="4970:5071"><Text>Dosage text for the suspect drug "Erythromycin" was provided as "Dosage form: Unspecified, Low dose".</Text><Tokens Count="22"><Token globalID="898" id="0" offset="-1:5"><Text>Dosage</Text></Token><Token globalID="899" id="1" offset="-1:3"><Text>text</Text></Token><Token globalID="900" id="2" offset="-1:2"><Text>for</Text></Token><Token globalID="901" id="3" offset="-1:2"><Text>the</Text></Token><Token globalID="902" id="4" offset="-1:6"><Text>suspect</Text></Token><Token globalID="903" id="5" offset="-1:3"><Text>drug</Text></Token><Token globalID="904" id="6" offset="-1:1"><Text>``</Text></Token><Token globalID="905" id="7" offset="-1:11"><Text>Erythromycin</Text></Token><Token globalID="906" id="8" offset="-1:1"><Text>''</Text></Token><Token globalID="907" id="9" offset="-1:2"><Text>was</Text></Token><Token globalID="908" id="10" offset="-1:7"><Text>provided</Text></Token><Token globalID="909" id="11" offset="-1:1"><Text>as</Text></Token><Token globalID="910" id="12" offset="-1:1"><Text>``</Text></Token><Token globalID="911" id="13" offset="-1:5"><Text>Dosage</Text></Token><Token globalID="912" id="14" offset="-1:3"><Text>form</Text></Token><Token globalID="913" id="15" offset="-1:0"><Text>:</Text></Token><Token globalID="914" id="16" offset="-1:10"><Text>Unspecified</Text></Token><Token globalID="915" id="17" offset="-1:0"><Text>,</Text></Token><Token globalID="916" id="18" offset="-1:2"><Text>Low</Text></Token><Token globalID="917" id="19" offset="-1:3"><Text>dose</Text></Token><Token globalID="918" id="20" offset="-1:1"><Text>''</Text></Token><Token globalID="919" id="21" offset="6061:6062"><Text>.</Text></Token></Tokens></Sentence></Sentences></Paragraph><Paragraph id="31"><Sentences Count="1"><Sentence id="0" offset="5072:5096"><Text>"No Medical Assessment".</Text><Tokens Count="6"><Token globalID="920" id="0" offset="-1:1"><Text>``</Text></Token><Token globalID="921" id="1" offset="-1:1"><Text>No</Text></Token><Token globalID="922" id="2" offset="-1:6"><Text>Medical</Text></Token><Token globalID="923" id="3" offset="-1:9"><Text>Assessment</Text></Token><Token globalID="924" id="4" offset="-1:1"><Text>''</Text></Token><Token globalID="925" id="5" offset="6061:6062"><Text>.</Text></Token></Tokens></Sentence></Sentences></Paragraph><Paragraph id="32"><Sentences Count="1"><Sentence id="0" offset="5098:5110"><Text>13-May-2015:</Text><Tokens Count="2"><Token globalID="926" id="0" offset="-1:10"><Text>13-May-2015</Text></Token><Token globalID="927" id="1" offset="-1:0"><Text>:</Text></Token></Tokens></Sentence></Sentences></Paragraph><Paragraph id="33"><Sentences Count="10"><Sentence id="0" offset="5111:5233"><Text>Additional information was received from a consumer via regulatory authority (MHRA) (GB-MHRA-ADR 22956126) on 16-APR-2015.</Text><Tokens Count="20"><Token globalID="928" id="0" offset="-1:9"><Text>Additional</Text></Token><Token globalID="929" id="1" offset="-1:10"><Text>information</Text></Token><Token globalID="930" id="2" offset="-1:2"><Text>was</Text></Token><Token globalID="931" id="3" offset="-1:7"><Text>received</Text></Token><Token globalID="932" id="4" offset="-1:3"><Text>from</Text></Token><Token globalID="933" id="5" offset="-1:0"><Text>a</Text></Token><Token globalID="934" id="6" offset="-1:7"><Text>consumer</Text></Token><Token globalID="935" id="7" offset="-1:2"><Text>via</Text></Token><Token globalID="936" id="8" offset="-1:9"><Text>regulatory</Text></Token><Token globalID="937" id="9" offset="-1:8"><Text>authority</Text></Token><Token globalID="938" id="10" offset="-1:0"><Text>(</Text></Token><Token globalID="939" id="11" offset="-1:3"><Text>MHRA</Text></Token><Token globalID="940" id="12" offset="-1:0"><Text>)</Text></Token><Token globalID="941" id="13" offset="-1:0"><Text>(</Text></Token><Token globalID="942" id="14" offset="-1:10"><Text>GB-MHRA-ADR</Text></Token><Token globalID="943" id="15" offset="-1:7"><Text>22956126</Text></Token><Token globalID="944" id="16" offset="-1:0"><Text>)</Text></Token><Token globalID="945" id="17" offset="-1:1"><Text>on</Text></Token><Token globalID="946" id="18" offset="-1:10"><Text>16-APR-2015</Text></Token><Token globalID="947" id="19" offset="6061:6062"><Text>.</Text></Token></Tokens></Sentence><Sentence id="1" offset="5234:5294"><Text>Health authority numbers were updated in the case ID screen.</Text><Tokens Count="11"><Token globalID="948" id="0" offset="-1:5"><Text>Health</Text></Token><Token globalID="949" id="1" offset="-1:8"><Text>authority</Text></Token><Token globalID="950" id="2" offset="-1:6"><Text>numbers</Text></Token><Token globalID="951" id="3" offset="-1:3"><Text>were</Text></Token><Token globalID="952" id="4" offset="-1:6"><Text>updated</Text></Token><Token globalID="953" id="5" offset="-1:1"><Text>in</Text></Token><Token globalID="954" id="6" offset="-1:2"><Text>the</Text></Token><Token globalID="955" id="7" offset="-1:3"><Text>case</Text></Token><Token globalID="956" id="8" offset="-1:1"><Text>ID</Text></Token><Token globalID="957" id="9" offset="-1:5"><Text>screen</Text></Token><Token globalID="958" id="10" offset="6061:6062"><Text>.</Text></Token></Tokens></Sentence><Sentence id="2" offset="5295:5340"><Text>Follow-up report was received on 23-APR-2015.</Text><Tokens Count="7"><Token globalID="959" id="0" offset="-1:8"><Text>Follow-up</Text></Token><Token globalID="960" id="1" offset="-1:5"><Text>report</Text></Token><Token globalID="961" id="2" offset="-1:2"><Text>was</Text></Token><Token globalID="962" id="3" offset="-1:7"><Text>received</Text></Token><Token globalID="963" id="4" offset="-1:1"><Text>on</Text></Token><Token globalID="964" id="5" offset="-1:10"><Text>23-APR-2015</Text></Token><Token globalID="965" id="6" offset="6061:6062"><Text>.</Text></Token></Tokens></Sentence><Sentence id="3" offset="5341:5420"><Text>This report contains no new information and no changes were made to the report.</Text><Tokens Count="15"><Token globalID="966" id="0" offset="-1:3"><Text>This</Text></Token><Token globalID="967" id="1" offset="-1:5"><Text>report</Text></Token><Token globalID="968" id="2" offset="-1:7"><Text>contains</Text></Token><Token globalID="969" id="3" offset="-1:1"><Text>no</Text></Token><Token globalID="970" id="4" offset="-1:2"><Text>new</Text></Token><Token globalID="971" id="5" offset="-1:10"><Text>information</Text></Token><Token globalID="972" id="6" offset="-1:2"><Text>and</Text></Token><Token globalID="973" id="7" offset="-1:1"><Text>no</Text></Token><Token globalID="974" id="8" offset="-1:6"><Text>changes</Text></Token><Token globalID="975" id="9" offset="-1:3"><Text>were</Text></Token><Token globalID="976" id="10" offset="-1:3"><Text>made</Text></Token><Token globalID="977" id="11" offset="-1:1"><Text>to</Text></Token><Token globalID="978" id="12" offset="-1:2"><Text>the</Text></Token><Token globalID="979" id="13" offset="-1:5"><Text>report</Text></Token><Token globalID="980" id="14" offset="6061:6062"><Text>.</Text></Token></Tokens></Sentence><Sentence id="4" offset="5421:5466"><Text>Follow-up report was received on 27-APR-2015.</Text><Tokens Count="7"><Token globalID="981" id="0" offset="-1:8"><Text>Follow-up</Text></Token><Token globalID="982" id="1" offset="-1:5"><Text>report</Text></Token><Token globalID="983" id="2" offset="-1:2"><Text>was</Text></Token><Token globalID="984" id="3" offset="-1:7"><Text>received</Text></Token><Token globalID="985" id="4" offset="-1:1"><Text>on</Text></Token><Token globalID="986" id="5" offset="-1:10"><Text>27-APR-2015</Text></Token><Token globalID="987" id="6" offset="6061:6062"><Text>.</Text></Token></Tokens></Sentence><Sentence id="5" offset="5467:5525"><Text>Other company manufacturer's reference number was updated.</Text><Tokens Count="9"><Token globalID="988" id="0" offset="-1:4"><Text>Other</Text></Token><Token globalID="989" id="1" offset="-1:6"><Text>company</Text></Token><Token globalID="990" id="2" offset="-1:11"><Text>manufacturer</Text></Token><Token globalID="991" id="3" offset="-1:1"><Text>'s</Text></Token><Token globalID="992" id="4" offset="-1:8"><Text>reference</Text></Token><Token globalID="993" id="5" offset="-1:5"><Text>number</Text></Token><Token globalID="994" id="6" offset="-1:2"><Text>was</Text></Token><Token globalID="995" id="7" offset="-1:6"><Text>updated</Text></Token><Token globalID="996" id="8" offset="6061:6062"><Text>.</Text></Token></Tokens></Sentence><Sentence id="6" offset="5526:5605"><Text>This report contains no new information and no changes were made to the report.</Text><Tokens Count="15"><Token globalID="997" id="0" offset="-1:3"><Text>This</Text></Token><Token globalID="998" id="1" offset="-1:5"><Text>report</Text></Token><Token globalID="999" id="2" offset="-1:7"><Text>contains</Text></Token><Token globalID="1000" id="3" offset="-1:1"><Text>no</Text></Token><Token globalID="1001" id="4" offset="-1:2"><Text>new</Text></Token><Token globalID="1002" id="5" offset="-1:10"><Text>information</Text></Token><Token globalID="1003" id="6" offset="-1:2"><Text>and</Text></Token><Token globalID="1004" id="7" offset="-1:1"><Text>no</Text></Token><Token globalID="1005" id="8" offset="-1:6"><Text>changes</Text></Token><Token globalID="1006" id="9" offset="-1:3"><Text>were</Text></Token><Token globalID="1007" id="10" offset="-1:3"><Text>made</Text></Token><Token globalID="1008" id="11" offset="-1:1"><Text>to</Text></Token><Token globalID="1009" id="12" offset="-1:2"><Text>the</Text></Token><Token globalID="1010" id="13" offset="-1:5"><Text>report</Text></Token><Token globalID="1011" id="14" offset="6061:6062"><Text>.</Text></Token></Tokens></Sentence><Sentence id="7" offset="5606:5683"><Text>Additional information was received from the patient's mother on 04-MAY-2015.</Text><Tokens Count="12"><Token globalID="1012" id="0" offset="-1:9"><Text>Additional</Text></Token><Token globalID="1013" id="1" offset="-1:10"><Text>information</Text></Token><Token globalID="1014" id="2" offset="-1:2"><Text>was</Text></Token><Token globalID="1015" id="3" offset="-1:7"><Text>received</Text></Token><Token globalID="1016" id="4" offset="-1:3"><Text>from</Text></Token><Token globalID="1017" id="5" offset="-1:2"><Text>the</Text></Token><Token globalID="1018" id="6" offset="-1:6"><Text>patient</Text></Token><Token globalID="1019" id="7" offset="-1:1"><Text>'s</Text></Token><Token globalID="1020" id="8" offset="-1:5"><Text>mother</Text></Token><Token globalID="1021" id="9" offset="-1:1"><Text>on</Text></Token><Token globalID="1022" id="10" offset="-1:10"><Text>04-MAY-2015</Text></Token><Token globalID="1023" id="11" offset="6061:6062"><Text>.</Text></Token></Tokens></Sentence><Sentence id="8" offset="5684:5822"><Text>The patient stated that her general practitioner (GP) and specialist did not think that the problems were the side effects of domperidone.</Text><Tokens Count="25"><Token globalID="1024" id="0" offset="-1:2"><Text>The</Text></Token><Token globalID="1025" id="1" offset="-1:6"><Text>patient</Text></Token><Token globalID="1026" id="2" offset="-1:5"><Text>stated</Text></Token><Token globalID="1027" id="3" offset="-1:3"><Text>that</Text></Token><Token globalID="1028" id="4" offset="-1:2"><Text>her</Text></Token><Token globalID="1029" id="5" offset="-1:6"><Text>general</Text></Token><Token globalID="1030" id="6" offset="-1:11"><Text>practitioner</Text></Token><Token globalID="1031" id="7" offset="-1:0"><Text>(</Text></Token><Token globalID="1032" id="8" offset="-1:1"><Text>GP</Text></Token><Token globalID="1033" id="9" offset="-1:0"><Text>)</Text></Token><Token globalID="1034" id="10" offset="-1:2"><Text>and</Text></Token><Token globalID="1035" id="11" offset="-1:9"><Text>specialist</Text></Token><Token globalID="1036" id="12" offset="-1:2"><Text>did</Text></Token><Token globalID="1037" id="13" offset="-1:2"><Text>not</Text></Token><Token globalID="1038" id="14" offset="-1:4"><Text>think</Text></Token><Token globalID="1039" id="15" offset="-1:3"><Text>that</Text></Token><Token globalID="1040" id="16" offset="-1:2"><Text>the</Text></Token><Token globalID="1041" id="17" offset="-1:7"><Text>problems</Text></Token><Token globalID="1042" id="18" offset="-1:3"><Text>were</Text></Token><Token globalID="1043" id="19" offset="-1:2"><Text>the</Text></Token><Token globalID="1044" id="20" offset="-1:3"><Text>side</Text></Token><Token globalID="1045" id="21" offset="-1:6"><Text>effects</Text></Token><Token globalID="1046" id="22" offset="-1:1"><Text>of</Text></Token><Token globalID="1047" id="23" offset="-1:10"><Text>domperidone</Text></Token><Token globalID="1048" id="24" offset="6061:6062"><Text>.</Text></Token></Tokens></Sentence><Sentence id="9" offset="5823:5885"><Text>No further information was reported at the time of the report.</Text><Tokens Count="12"><Token globalID="1049" id="0" offset="-1:1"><Text>No</Text></Token><Token globalID="1050" id="1" offset="-1:6"><Text>further</Text></Token><Token globalID="1051" id="2" offset="-1:10"><Text>information</Text></Token><Token globalID="1052" id="3" offset="-1:2"><Text>was</Text></Token><Token globalID="1053" id="4" offset="-1:7"><Text>reported</Text></Token><Token globalID="1054" id="5" offset="-1:1"><Text>at</Text></Token><Token globalID="1055" id="6" offset="-1:2"><Text>the</Text></Token><Token globalID="1056" id="7" offset="-1:3"><Text>time</Text></Token><Token globalID="1057" id="8" offset="-1:1"><Text>of</Text></Token><Token globalID="1058" id="9" offset="-1:2"><Text>the</Text></Token><Token globalID="1059" id="10" offset="-1:5"><Text>report</Text></Token><Token globalID="1060" id="11" offset="6061:6062"><Text>.</Text></Token></Tokens></Sentence></Sentences></Paragraph><Paragraph id="34"><Sentences Count="1"><Sentence id="0" offset="5886:5973"><Text>Other reference number include - MHRA: 01001307081; 01001307081: GB-JNJFOC-20150407438.</Text><Tokens Count="13"><Token globalID="1061" id="0" offset="-1:4"><Text>Other</Text></Token><Token globalID="1062" id="1" offset="-1:8"><Text>reference</Text></Token><Token globalID="1063" id="2" offset="-1:5"><Text>number</Text></Token><Token globalID="1064" id="3" offset="-1:6"><Text>include</Text></Token><Token globalID="1065" id="4" offset="-1:0"><Text>-</Text></Token><Token globalID="1066" id="5" offset="-1:3"><Text>MHRA</Text></Token><Token globalID="1067" id="6" offset="-1:0"><Text>:</Text></Token><Token globalID="1068" id="7" offset="-1:10"><Text>01001307081</Text></Token><Token globalID="1069" id="8" offset="-1:0"><Text>;</Text></Token><Token globalID="1070" id="9" offset="-1:10"><Text>01001307081</Text></Token><Token globalID="1071" id="10" offset="-1:0"><Text>:</Text></Token><Token globalID="1072" id="11" offset="-1:20"><Text>GB-JNJFOC-20150407438</Text></Token><Token globalID="1073" id="12" offset="6061:6062"><Text>.</Text></Token></Tokens></Sentence></Sentences></Paragraph><Paragraph id="35"><Sentences Count="1"><Sentence id="0" offset="5974:6037"><Text>Duration of suspect drug "Domperidone" was reported as 5 years.</Text><Tokens Count="13"><Token globalID="1074" id="0" offset="-1:7"><Text>Duration</Text></Token><Token globalID="1075" id="1" offset="-1:1"><Text>of</Text></Token><Token globalID="1076" id="2" offset="-1:6"><Text>suspect</Text></Token><Token globalID="1077" id="3" offset="-1:3"><Text>drug</Text></Token><Token globalID="1078" id="4" offset="-1:1"><Text>``</Text></Token><Token globalID="1079" id="5" offset="-1:10"><Text>Domperidone</Text></Token><Token globalID="1080" id="6" offset="-1:1"><Text>''</Text></Token><Token globalID="1081" id="7" offset="-1:2"><Text>was</Text></Token><Token globalID="1082" id="8" offset="-1:7"><Text>reported</Text></Token><Token globalID="1083" id="9" offset="-1:1"><Text>as</Text></Token><Token globalID="1084" id="10" offset="-1:0"><Text>5</Text></Token><Token globalID="1085" id="11" offset="-1:4"><Text>years</Text></Token><Token globalID="1086" id="12" offset="6061:6062"><Text>.</Text></Token></Tokens></Sentence></Sentences></Paragraph><Paragraph id="36"><Sentences Count="1"><Sentence id="0" offset="6038:6062"><Text>"No medical assessment".</Text><Tokens Count="6"><Token globalID="1087" id="0" offset="-1:1"><Text>``</Text></Token><Token globalID="1088" id="1" offset="-1:1"><Text>No</Text></Token><Token globalID="1089" id="2" offset="-1:6"><Text>medical</Text></Token><Token globalID="1090" id="3" offset="-1:9"><Text>assessment</Text></Token><Token globalID="1091" id="4" offset="-1:1"><Text>''</Text></Token><Token globalID="1092" id="5" offset="6061:6062"><Text>.</Text></Token></Tokens></Sentence></Sentences></Paragraph></Paragraphs></StartOutput>