<StartOutput><Paragraphs Count="1"><Paragraph id="0"><Sentences Count="16"><Sentence id="0" offset="0:151"><Text>FDA contacted the patient for follow-up after she contacted Drug Information to disclose information regarding an adverse event related to domperidone.</Text><Tokens Count="22"><Token POSTag="NN" globalID="0" id="0" offset="0:3"><Text>FDA</Text></Token><Token POSTag="VBD" globalID="1" id="1" offset="4:13"><Text>contacted</Text></Token><Token POSTag="DT" globalID="2" id="2" offset="14:17"><Text>the</Text></Token><Token POSTag="NN" globalID="3" id="3" offset="18:25"><Text>patient</Text></Token><Token POSTag="IN" globalID="4" id="4" offset="26:29"><Text>for</Text></Token><Token POSTag="NN" globalID="5" id="5" offset="30:39"><Text>follow-up</Text></Token><Token POSTag="IN" globalID="6" id="6" offset="40:45"><Text>after</Text></Token><Token POSTag="PRP" globalID="7" id="7" offset="46:49"><Text>she</Text></Token><Token POSTag="VBD" globalID="8" id="8" offset="50:59"><Text>contacted</Text></Token><Token POSTag="NN" globalID="9" id="9" offset="60:64"><Text>Drug</Text></Token><Token POSTag="NN" globalID="10" id="10" offset="65:76"><Text>Information</Text></Token><Token POSTag="TO" globalID="11" id="11" offset="77:79"><Text>to</Text></Token><Token POSTag="VBP" globalID="12" id="12" offset="80:88"><Text>disclose</Text></Token><Token POSTag="NN" globalID="13" id="13" offset="89:100"><Text>information</Text></Token><Token POSTag="VBG" globalID="14" id="14" offset="101:110"><Text>regarding</Text></Token><Token POSTag="DT" globalID="15" id="15" offset="111:113"><Text>an</Text></Token><Token POSTag="JJ" globalID="16" id="16" offset="114:121"><Text>adverse</Text></Token><Token POSTag="NN" globalID="17" id="17" offset="122:127"><Text>event</Text></Token><Token POSTag="JJ" globalID="18" id="18" offset="128:135"><Text>related</Text></Token><Token POSTag="TO" globalID="19" id="19" offset="136:138"><Text>to</Text></Token><Token POSTag="NN" globalID="20" id="20" offset="139:150"><Text>domperidone</Text><METAMAP>[orch,phsu]</METAMAP></Token><Token POSTag="." globalID="21" id="21" offset="150:151"><Text>.</Text></Token></Tokens><ParseTree>(S1 (S (S (NP (NN FDA)) (VP (VBD contacted) (NP (NP (DT the) (NN patient)) (PP (IN for) (NP (NN follow-up)))) (SBAR (IN after) (S (NP (PRP she)) (VP (VBD contacted) (NP (NN Drug) (NN Information)) (S (VP (TO to) (VP (VBP disclose) (NP (NP (NN information)) (VP (VBG regarding) (NP (NP (DT an) (JJ adverse) (NN event)) (ADJP (JJ related) (PP (TO to) (NP (NN domperidone))))))))))))))) (. .)))</ParseTree></Sentence><Sentence id="1" offset="152:232"><Text>Domperidone 20 mg 3-4 times per day was prescribed in August 2014 for lactation.</Text><Tokens Count="15"><Token POSTag="NN" globalID="22" id="0" offset="152:163"><Text>Domperidone</Text></Token><Token POSTag="CD" globalID="23" id="1" offset="164:166"><Text>20</Text></Token><Token POSTag="NN" globalID="24" id="2" offset="167:169"><Text>mg</Text></Token><Token POSTag="JJ" globalID="25" id="3" offset="170:173"><Text>3-4</Text></Token><Token POSTag="NNS" globalID="26" id="4" offset="174:179"><Text>times</Text></Token><Token POSTag="IN" globalID="27" id="5" offset="180:183"><Text>per</Text></Token><Token POSTag="NN" globalID="28" id="6" offset="184:187"><Text>day</Text></Token><Token POSTag="VBD" globalID="29" id="7" offset="188:191"><Text>was</Text></Token><Token POSTag="VBN" globalID="30" id="8" offset="192:202"><Text>prescribed</Text></Token><Token POSTag="IN" globalID="31" id="9" offset="203:205"><Text>in</Text></Token><Token POSTag="NNP" globalID="32" id="10" offset="206:212"><Text>August</Text></Token><Token POSTag="CD" globalID="33" id="11" offset="213:217"><Text>2014</Text></Token><Token POSTag="IN" globalID="34" id="12" offset="218:221"><Text>for</Text></Token><Token POSTag="NN" globalID="35" id="13" offset="222:231"><Text>lactation</Text></Token><Token POSTag="." globalID="36" id="14" offset="231:232"><Text>.</Text></Token></Tokens><ParseTree>(S1 (S (S (NP (NN FDA)) (VP (VBD contacted) (NP (NP (DT the) (NN patient)) (PP (IN for) (NP (NN follow-up)))) (SBAR (IN after) (S (NP (PRP she)) (VP (VBD contacted) (NP (NN Drug) (NN Information)) (S (VP (TO to) (VP (VBP disclose) (NP (NP (NN information)) (VP (VBG regarding) (NP (NP (DT an) (JJ adverse) (NN event)) (ADJP (JJ related) (PP (TO to) (NP (NN domperidone))))))))))))))) (. .)))</ParseTree></Sentence><Sentence id="2" offset="233:319"><Text>The patient noted that her infant was 3 months old when she started using domperidone.</Text><Tokens Count="16"><Token POSTag="DT" globalID="37" id="0" offset="233:236"><Text>The</Text></Token><Token POSTag="NN" globalID="38" id="1" offset="237:244"><Text>patient</Text></Token><Token POSTag="VBN" globalID="39" id="2" offset="245:250"><Text>noted</Text></Token><Token POSTag="IN" globalID="40" id="3" offset="251:255"><Text>that</Text></Token><Token POSTag="PRP$" globalID="41" id="4" offset="256:259"><Text>her</Text></Token><Token POSTag="NN" globalID="42" id="5" offset="260:266"><Text>infant</Text></Token><Token POSTag="VBD" globalID="43" id="6" offset="267:270"><Text>was</Text></Token><Token POSTag="CD" globalID="44" id="7" offset="271:272"><Text>3</Text></Token><Token POSTag="NNS" globalID="45" id="8" offset="273:279"><Text>months</Text></Token><Token POSTag="JJ" globalID="46" id="9" offset="280:283"><Text>old</Text></Token><Token POSTag="WRB" globalID="47" id="10" offset="284:288"><Text>when</Text></Token><Token POSTag="PRP" globalID="48" id="11" offset="289:292"><Text>she</Text></Token><Token POSTag="VBN" globalID="49" id="12" offset="293:300"><Text>started</Text></Token><Token POSTag="VBG" globalID="50" id="13" offset="301:306"><Text>using</Text></Token><Token POSTag="NN" globalID="51" id="14" offset="307:318"><Text>domperidone</Text><METAMAP>[orch,phsu]</METAMAP></Token><Token POSTag="." globalID="52" id="15" offset="318:319"><Text>.</Text></Token></Tokens><ParseTree>(S1 (S (S (NP (NN FDA)) (VP (VBD contacted) (NP (NP (DT the) (NN patient)) (PP (IN for) (NP (NN follow-up)))) (SBAR (IN after) (S (NP (PRP she)) (VP (VBD contacted) (NP (NN Drug) (NN Information)) (S (VP (TO to) (VP (VBP disclose) (NP (NP (NN information)) (VP (VBG regarding) (NP (NP (DT an) (JJ adverse) (NN event)) (ADJP (JJ related) (PP (TO to) (NP (NN domperidone))))))))))))))) (. .)))</ParseTree></Sentence><Sentence id="3" offset="320:475"><Text>The recommendation for use came from a lactation consultant at Mercy General Hospital/Mercy Medical Group, and was then prescribed by the patient's OB/GYN.</Text><Tokens Count="26"><Token POSTag="DT" globalID="53" id="0" offset="320:323"><Text>The</Text></Token><Token POSTag="NN" globalID="54" id="1" offset="324:338"><Text>recommendation</Text></Token><Token POSTag="IN" globalID="55" id="2" offset="339:342"><Text>for</Text></Token><Token POSTag="NN" globalID="56" id="3" offset="343:346"><Text>use</Text></Token><Token POSTag="VBD" globalID="57" id="4" offset="347:351"><Text>came</Text></Token><Token POSTag="IN" globalID="58" id="5" offset="352:356"><Text>from</Text></Token><Token POSTag="DT" globalID="59" id="6" offset="357:358"><Text>a</Text></Token><Token POSTag="NN" globalID="60" id="7" offset="359:368"><Text>lactation</Text></Token><Token POSTag="NN" globalID="61" id="8" offset="369:379"><Text>consultant</Text></Token><Token POSTag="IN" globalID="62" id="9" offset="380:382"><Text>at</Text></Token><Token POSTag="NN" globalID="63" id="10" offset="383:388"><Text>Mercy</Text></Token><Token POSTag="JJ" globalID="64" id="11" offset="389:396"><Text>General</Text></Token><Token POSTag="NN" globalID="65" id="12" offset="397:411"><Text>Hospital/Mercy</Text></Token><Token POSTag="JJ" globalID="66" id="13" offset="412:419"><Text>Medical</Text></Token><Token POSTag="NN" globalID="67" id="14" offset="420:425"><Text>Group</Text></Token><Token POSTag="," globalID="68" id="15" offset="425:426"><Text>,</Text></Token><Token POSTag="CC" globalID="69" id="16" offset="427:430"><Text>and</Text></Token><Token POSTag="VBD" globalID="70" id="17" offset="431:434"><Text>was</Text></Token><Token POSTag="RB" globalID="71" id="18" offset="435:439"><Text>then</Text></Token><Token POSTag="VBN" globalID="72" id="19" offset="440:450"><Text>prescribed</Text></Token><Token POSTag="IN" globalID="73" id="20" offset="451:453"><Text>by</Text></Token><Token POSTag="DT" globalID="74" id="21" offset="454:457"><Text>the</Text></Token><Token POSTag="NN" globalID="75" id="22" offset="458:465"><Text>patient</Text></Token><Token POSTag="POS" globalID="76" id="23" offset="465:467"><Text>'s</Text></Token><Token POSTag="NN" globalID="77" id="24" offset="468:474"><Text>OB/GYN</Text></Token><Token POSTag="." globalID="78" id="25" offset="474:475"><Text>.</Text></Token></Tokens><ParseTree>(S1 (S (S (NP (NN FDA)) (VP (VBD contacted) (NP (NP (DT the) (NN patient)) (PP (IN for) (NP (NN follow-up)))) (SBAR (IN after) (S (NP (PRP she)) (VP (VBD contacted) (NP (NN Drug) (NN Information)) (S (VP (TO to) (VP (VBP disclose) (NP (NP (NN information)) (VP (VBG regarding) (NP (NP (DT an) (JJ adverse) (NN event)) (ADJP (JJ related) (PP (TO to) (NP (NN domperidone))))))))))))))) (. .)))</ParseTree></Sentence><Sentence id="4" offset="476:587"><Text>The patient was receiving monthly prescriptions and was getting them filled at Innovative Compounding Pharmacy.</Text><Tokens Count="16"><Token POSTag="DT" globalID="79" id="0" offset="476:479"><Text>The</Text></Token><Token POSTag="NN" globalID="80" id="1" offset="480:487"><Text>patient</Text></Token><Token POSTag="VBD" globalID="81" id="2" offset="488:491"><Text>was</Text></Token><Token POSTag="VBG" globalID="82" id="3" offset="492:501"><Text>receiving</Text></Token><Token POSTag="JJ" globalID="83" id="4" offset="502:509"><Text>monthly</Text></Token><Token POSTag="NNS" globalID="84" id="5" offset="510:523"><Text>prescriptions</Text></Token><Token POSTag="CC" globalID="85" id="6" offset="524:527"><Text>and</Text></Token><Token POSTag="VBD" globalID="86" id="7" offset="528:531"><Text>was</Text></Token><Token POSTag="VBG" globalID="87" id="8" offset="532:539"><Text>getting</Text></Token><Token POSTag="PRP" globalID="88" id="9" offset="540:544"><Text>them</Text></Token><Token POSTag="VBN" globalID="89" id="10" offset="545:551"><Text>filled</Text></Token><Token POSTag="IN" globalID="90" id="11" offset="552:554"><Text>at</Text></Token><Token POSTag="JJ" globalID="91" id="12" offset="555:565"><Text>Innovative</Text></Token><Token POSTag="NN" globalID="92" id="13" offset="566:577"><Text>Compounding</Text></Token><Token POSTag="NN" globalID="93" id="14" offset="578:586"><Text>Pharmacy</Text></Token><Token POSTag="." globalID="94" id="15" offset="586:587"><Text>.</Text></Token></Tokens><ParseTree>(S1 (S (S (NP (NN FDA)) (VP (VBD contacted) (NP (NP (DT the) (NN patient)) (PP (IN for) (NP (NN follow-up)))) (SBAR (IN after) (S (NP (PRP she)) (VP (VBD contacted) (NP (NN Drug) (NN Information)) (S (VP (TO to) (VP (VBP disclose) (NP (NP (NN information)) (VP (VBG regarding) (NP (NP (DT an) (JJ adverse) (NN event)) (ADJP (JJ related) (PP (TO to) (NP (NN domperidone))))))))))))))) (. .)))</ParseTree></Sentence><Sentence id="5" offset="588:896"><Text>Patient contacted the OB/GYN Office in late December/early January requesting another prescription and was told by the Nurse Practitioner that they planned on weaning her off of the domperidone because the physicians needed to research the long-term side effects of domperidone before further prescribing it.</Text><Tokens Count="46"><Token POSTag="NN" globalID="95" id="0" offset="588:595"><Text>Patient</Text></Token><Token POSTag="VBD" globalID="96" id="1" offset="596:605"><Text>contacted</Text></Token><Token POSTag="DT" globalID="97" id="2" offset="606:609"><Text>the</Text></Token><Token POSTag="NN" globalID="98" id="3" offset="610:616"><Text>OB/GYN</Text></Token><Token POSTag="NN" globalID="99" id="4" offset="617:623"><Text>Office</Text></Token><Token POSTag="IN" globalID="100" id="5" offset="624:626"><Text>in</Text></Token><Token POSTag="JJ" globalID="101" id="6" offset="627:631"><Text>late</Text></Token><Token POSTag="NNP" globalID="102" id="7" offset="632:646"><Text>December/early</Text></Token><Token POSTag="NNP" globalID="103" id="8" offset="647:654"><Text>January</Text></Token><Token POSTag="VBG" globalID="104" id="9" offset="655:665"><Text>requesting</Text></Token><Token POSTag="DT" globalID="105" id="10" offset="666:673"><Text>another</Text></Token><Token POSTag="NN" globalID="106" id="11" offset="674:686"><Text>prescription</Text></Token><Token POSTag="CC" globalID="107" id="12" offset="687:690"><Text>and</Text></Token><Token POSTag="VBD" globalID="108" id="13" offset="691:694"><Text>was</Text></Token><Token POSTag="VBN" globalID="109" id="14" offset="695:699"><Text>told</Text></Token><Token POSTag="IN" globalID="110" id="15" offset="700:702"><Text>by</Text></Token><Token POSTag="DT" globalID="111" id="16" offset="703:706"><Text>the</Text></Token><Token POSTag="JJ" globalID="112" id="17" offset="707:712"><Text>Nurse</Text></Token><Token POSTag="NN" globalID="113" id="18" offset="713:725"><Text>Practitioner</Text></Token><Token POSTag="WDT" globalID="114" id="19" offset="726:730"><Text>that</Text></Token><Token POSTag="PRP" globalID="115" id="20" offset="731:735"><Text>they</Text></Token><Token POSTag="VBD" globalID="116" id="21" offset="736:743"><Text>planned</Text></Token><Token POSTag="IN" globalID="117" id="22" offset="744:746"><Text>on</Text></Token><Token POSTag="VBG" globalID="118" id="23" offset="747:754"><Text>weaning</Text></Token><Token POSTag="PRP$" globalID="119" id="24" offset="755:758"><Text>her</Text></Token><Token POSTag="RP" globalID="120" id="25" offset="759:762"><Text>off</Text></Token><Token POSTag="IN" globalID="121" id="26" offset="759:761"><Text>of</Text></Token><Token POSTag="DT" globalID="122" id="27" offset="766:769"><Text>the</Text></Token><Token POSTag="NN" globalID="123" id="28" offset="770:781"><Text>domperidone</Text></Token><Token POSTag="IN" globalID="124" id="29" offset="782:789"><Text>because</Text></Token><Token POSTag="DT" globalID="125" id="30" offset="790:793"><Text>the</Text></Token><Token POSTag="NNS" globalID="126" id="31" offset="794:804"><Text>physicians</Text></Token><Token POSTag="VBD" globalID="127" id="32" offset="805:811"><Text>needed</Text></Token><Token POSTag="TO" globalID="128" id="33" offset="812:814"><Text>to</Text></Token><Token POSTag="NN" globalID="129" id="34" offset="815:823"><Text>research</Text></Token><Token POSTag="DT" globalID="130" id="35" offset="824:827"><Text>the</Text></Token><Token POSTag="JJ" globalID="131" id="36" offset="828:837"><Text>long-term</Text></Token><Token POSTag="JJ" globalID="132" id="37" offset="838:842"><Text>side</Text></Token><Token POSTag="NNS" globalID="133" id="38" offset="843:850"><Text>effects</Text></Token><Token POSTag="IN" globalID="134" id="39" offset="851:853"><Text>of</Text></Token><Token POSTag="NN" globalID="135" id="40" offset="854:865"><Text>domperidone</Text></Token><Token POSTag="IN" globalID="136" id="41" offset="866:872"><Text>before</Text></Token><Token POSTag="RB" globalID="137" id="42" offset="873:880"><Text>further</Text></Token><Token POSTag="VBG" globalID="138" id="43" offset="881:892"><Text>prescribing</Text></Token><Token POSTag="PRP" globalID="139" id="44" offset="893:895"><Text>it</Text></Token><Token POSTag="." globalID="140" id="45" offset="895:896"><Text>.</Text></Token></Tokens><ParseTree>(S1 (S (S (NP (NN FDA)) (VP (VBD contacted) (NP (NP (DT the) (NN patient)) (PP (IN for) (NP (NN follow-up)))) (SBAR (IN after) (S (NP (PRP she)) (VP (VBD contacted) (NP (NN Drug) (NN Information)) (S (VP (TO to) (VP (VBP disclose) (NP (NP (NN information)) (VP (VBG regarding) (NP (NP (DT an) (JJ adverse) (NN event)) (ADJP (JJ related) (PP (TO to) (NP (NN domperidone))))))))))))))) (. .)))</ParseTree></Sentence><Sentence id="6" offset="897:1024"><Text>About 3 weeks-1 month later (mid-January 2015), patient developed palpations ("butterflies in my chest") and felt "very tired."</Text><Tokens Count="28"><Token POSTag="IN" globalID="141" id="0" offset="897:902"><Text>About</Text></Token><Token POSTag="CD" globalID="142" id="1" offset="903:904"><Text>3</Text></Token><Token POSTag="NN" globalID="143" id="2" offset="905:912"><Text>weeks-1</Text></Token><Token POSTag="NN" globalID="144" id="3" offset="913:918"><Text>month</Text></Token><Token POSTag="JJ" globalID="145" id="4" offset="919:924"><Text>later</Text></Token><Token POSTag="-LRB-" globalID="146" id="5" offset="925:926"><Text>(</Text></Token><Token POSTag="NN" globalID="147" id="6" offset="926:937"><Text>mid-January</Text></Token><Token POSTag="CD" globalID="148" id="7" offset="938:942"><Text>2015</Text></Token><Token POSTag="-RRB-" globalID="149" id="8" offset="942:943"><Text>)</Text></Token><Token POSTag="," globalID="150" id="9" offset="943:944"><Text>,</Text></Token><Token POSTag="NN" globalID="151" id="10" offset="945:952"><Text>patient</Text></Token><Token POSTag="VBD" globalID="152" id="11" offset="953:962"><Text>developed</Text></Token><Token POSTag="NNS" globalID="153" id="12" offset="963:973"><Text>palpations</Text></Token><Token POSTag="-LRB-" globalID="154" id="13" offset="974:975"><Text>(</Text></Token><Token POSTag="``" globalID="155" id="14" offset="-1:1"><Text>``</Text></Token><Token POSTag="NNS" globalID="156" id="15" offset="-1:10"><Text>butterflies</Text></Token><Token POSTag="IN" globalID="157" id="16" offset="-1:1"><Text>in</Text></Token><Token POSTag="NN" globalID="158" id="17" offset="-1:1"><Text>my</Text></Token><Token POSTag="NN" globalID="159" id="18" offset="-1:4"><Text>chest</Text></Token><Token POSTag="NNS" globalID="160" id="19" offset="-1:1"><Text>''</Text></Token><Token POSTag="-RRB-" globalID="161" id="20" offset="-1:0"><Text>)</Text></Token><Token POSTag="CC" globalID="162" id="21" offset="-1:2"><Text>and</Text></Token><Token POSTag="VBD" globalID="163" id="22" offset="-1:3"><Text>felt</Text></Token><Token POSTag="``" globalID="164" id="23" offset="-1:1"><Text>``</Text></Token><Token POSTag="RB" globalID="165" id="24" offset="-1:3"><Text>very</Text></Token><Token POSTag="JJ" globalID="166" id="25" offset="-1:4"><Text>tired</Text></Token><Token POSTag="." globalID="167" id="26" offset="2325:2326"><Text>.</Text></Token><Token POSTag="NN" globalID="168" id="27" offset="-1:1"><Text>''</Text></Token></Tokens><ParseTree>(S1 (S (S (NP (NN FDA)) (VP (VBD contacted) (NP (NP (DT the) (NN patient)) (PP (IN for) (NP (NN follow-up)))) (SBAR (IN after) (S (NP (PRP she)) (VP (VBD contacted) (NP (NN Drug) (NN Information)) (S (VP (TO to) (VP (VBP disclose) (NP (NP (NN information)) (VP (VBG regarding) (NP (NP (DT an) (JJ adverse) (NN event)) (ADJP (JJ related) (PP (TO to) (NP (NN domperidone))))))))))))))) (. .)))</ParseTree></Sentence><Sentence id="7" offset="1025:1174"><Text>She didn't think much of symptoms and attributed them to being tired and having a new baby, so she continued domperidone and tried to get more sleep.</Text><Tokens Count="30"><Token POSTag="PRP" globalID="169" id="0" offset="-1:2"><Text>She</Text></Token><Token POSTag="VBD" globalID="170" id="1" offset="-1:2"><Text>did</Text></Token><Token POSTag="RB" globalID="171" id="2" offset="-1:2"><Text>n't</Text></Token><Token POSTag="VBP" globalID="172" id="3" offset="-1:4"><Text>think</Text></Token><Token POSTag="RB" globalID="173" id="4" offset="-1:3"><Text>much</Text></Token><Token POSTag="IN" globalID="174" id="5" offset="-1:1"><Text>of</Text></Token><Token POSTag="NNS" globalID="175" id="6" offset="-1:7"><Text>symptoms</Text></Token><Token POSTag="CC" globalID="176" id="7" offset="-1:2"><Text>and</Text></Token><Token POSTag="VBN" globalID="177" id="8" offset="-1:9"><Text>attributed</Text></Token><Token POSTag="PRP" globalID="178" id="9" offset="-1:3"><Text>them</Text></Token><Token POSTag="TO" globalID="179" id="10" offset="-1:1"><Text>to</Text></Token><Token POSTag="VBG" globalID="180" id="11" offset="-1:4"><Text>being</Text></Token><Token POSTag="JJ" globalID="181" id="12" offset="-1:4"><Text>tired</Text></Token><Token POSTag="CC" globalID="182" id="13" offset="-1:2"><Text>and</Text></Token><Token POSTag="VBG" globalID="183" id="14" offset="-1:5"><Text>having</Text></Token><Token POSTag="DT" globalID="184" id="15" offset="-1:0"><Text>a</Text></Token><Token POSTag="JJ" globalID="185" id="16" offset="-1:2"><Text>new</Text></Token><Token POSTag="NN" globalID="186" id="17" offset="-1:3"><Text>baby</Text></Token><Token POSTag="," globalID="187" id="18" offset="-1:0"><Text>,</Text></Token><Token POSTag="IN" globalID="188" id="19" offset="-1:1"><Text>so</Text></Token><Token POSTag="PRP" globalID="189" id="20" offset="-1:2"><Text>she</Text></Token><Token POSTag="VBD" globalID="190" id="21" offset="-1:8"><Text>continued</Text></Token><Token POSTag="NN" globalID="191" id="22" offset="-1:10"><Text>domperidone</Text></Token><Token POSTag="CC" globalID="192" id="23" offset="-1:2"><Text>and</Text></Token><Token POSTag="VBD" globalID="193" id="24" offset="-1:4"><Text>tried</Text></Token><Token POSTag="TO" globalID="194" id="25" offset="-1:1"><Text>to</Text></Token><Token POSTag="VB" globalID="195" id="26" offset="-1:2"><Text>get</Text></Token><Token POSTag="RBR" globalID="196" id="27" offset="-1:3"><Text>more</Text></Token><Token POSTag="RB" globalID="197" id="28" offset="-1:4"><Text>sleep</Text></Token><Token POSTag="." globalID="198" id="29" offset="2325:2326"><Text>.</Text></Token></Tokens><ParseTree>(S1 (S (S (NP (NN FDA)) (VP (VBD contacted) (NP (NP (DT the) (NN patient)) (PP (IN for) (NP (NN follow-up)))) (SBAR (IN after) (S (NP (PRP she)) (VP (VBD contacted) (NP (NN Drug) (NN Information)) (S (VP (TO to) (VP (VBP disclose) (NP (NP (NN information)) (VP (VBG regarding) (NP (NP (DT an) (JJ adverse) (NN event)) (ADJP (JJ related) (PP (TO to) (NP (NN domperidone))))))))))))))) (. .)))</ParseTree></Sentence><Sentence id="8" offset="1175:1306"><Text>Symptoms of malaise, palpitation, "chest pain", syncope-like feelings continued, so patient decided to research domperidone online.</Text><Tokens Count="23"><Token POSTag="NNS" globalID="199" id="0" offset="-1:7"><Text>Symptoms</Text></Token><Token POSTag="IN" globalID="200" id="1" offset="-1:1"><Text>of</Text></Token><Token POSTag="NN" globalID="201" id="2" offset="-1:6"><Text>malaise</Text></Token><Token POSTag="," globalID="202" id="3" offset="-1:0"><Text>,</Text></Token><Token POSTag="NN" globalID="203" id="4" offset="-1:10"><Text>palpitation</Text></Token><Token POSTag="," globalID="204" id="5" offset="-1:0"><Text>,</Text></Token><Token POSTag="``" globalID="205" id="6" offset="-1:1"><Text>``</Text></Token><Token POSTag="NN" globalID="206" id="7" offset="-1:4"><Text>chest</Text></Token><Token POSTag="NN" globalID="207" id="8" offset="-1:3"><Text>pain</Text></Token><Token POSTag="NNS" globalID="208" id="9" offset="-1:1"><Text>''</Text></Token><Token POSTag="," globalID="209" id="10" offset="-1:0"><Text>,</Text></Token><Token POSTag="JJ" globalID="210" id="11" offset="-1:11"><Text>syncope-like</Text></Token><Token POSTag="NNS" globalID="211" id="12" offset="-1:7"><Text>feelings</Text></Token><Token POSTag="VBD" globalID="212" id="13" offset="-1:8"><Text>continued</Text></Token><Token POSTag="," globalID="213" id="14" offset="-1:0"><Text>,</Text></Token><Token POSTag="IN" globalID="214" id="15" offset="-1:1"><Text>so</Text></Token><Token POSTag="NN" globalID="215" id="16" offset="-1:6"><Text>patient</Text></Token><Token POSTag="VBD" globalID="216" id="17" offset="-1:6"><Text>decided</Text></Token><Token POSTag="TO" globalID="217" id="18" offset="-1:1"><Text>to</Text></Token><Token POSTag="NN" globalID="218" id="19" offset="-1:7"><Text>research</Text></Token><Token POSTag="NN" globalID="219" id="20" offset="-1:10"><Text>domperidone</Text></Token><Token POSTag="NN" globalID="220" id="21" offset="-1:5"><Text>online</Text></Token><Token POSTag="." globalID="221" id="22" offset="2325:2326"><Text>.</Text></Token></Tokens><ParseTree>(S1 (S (S (NP (NN FDA)) (VP (VBD contacted) (NP (NP (DT the) (NN patient)) (PP (IN for) (NP (NN follow-up)))) (SBAR (IN after) (S (NP (PRP she)) (VP (VBD contacted) (NP (NN Drug) (NN Information)) (S (VP (TO to) (VP (VBP disclose) (NP (NP (NN information)) (VP (VBG regarding) (NP (NP (DT an) (JJ adverse) (NN event)) (ADJP (JJ related) (PP (TO to) (NP (NN domperidone))))))))))))))) (. .)))</ParseTree></Sentence><Sentence id="9" offset="1307:1588"><Text>After finding out that QT prolongation and sudden death are possibly associated with domperidone (and that the symptoms she was having could be the result of QT prolongation), and that it is not approved in the US, she stopped taking the medication and contacted her OB/GYN office.</Text><Tokens Count="52"><Token POSTag="IN" globalID="222" id="0" offset="-1:4"><Text>After</Text></Token><Token POSTag="VBG" globalID="223" id="1" offset="-1:6"><Text>finding</Text></Token><Token POSTag="RP" globalID="224" id="2" offset="-1:2"><Text>out</Text></Token><Token POSTag="IN" globalID="225" id="3" offset="-1:3"><Text>that</Text></Token><Token POSTag="NN" globalID="226" id="4" offset="-1:1"><Text>QT</Text></Token><Token POSTag="NN" globalID="227" id="5" offset="-1:11"><Text>prolongation</Text></Token><Token POSTag="CC" globalID="228" id="6" offset="-1:2"><Text>and</Text></Token><Token POSTag="NN" globalID="229" id="7" offset="-1:5"><Text>sudden</Text></Token><Token POSTag="NN" globalID="230" id="8" offset="-1:4"><Text>death</Text></Token><Token POSTag="VBP" globalID="231" id="9" offset="-1:2"><Text>are</Text></Token><Token POSTag="RB" globalID="232" id="10" offset="-1:7"><Text>possibly</Text></Token><Token POSTag="VBN" globalID="233" id="11" offset="-1:9"><Text>associated</Text></Token><Token POSTag="IN" globalID="234" id="12" offset="-1:3"><Text>with</Text></Token><Token POSTag="NN" globalID="235" id="13" offset="-1:10"><Text>domperidone</Text></Token><Token POSTag="-LRB-" globalID="236" id="14" offset="-1:0"><Text>(</Text></Token><Token POSTag="CC" globalID="237" id="15" offset="-1:2"><Text>and</Text></Token><Token POSTag="IN" globalID="238" id="16" offset="-1:3"><Text>that</Text></Token><Token POSTag="DT" globalID="239" id="17" offset="-1:2"><Text>the</Text></Token><Token POSTag="NNS" globalID="240" id="18" offset="-1:7"><Text>symptoms</Text></Token><Token POSTag="PRP" globalID="241" id="19" offset="-1:2"><Text>she</Text></Token><Token POSTag="VBD" globalID="242" id="20" offset="-1:2"><Text>was</Text></Token><Token POSTag="VBG" globalID="243" id="21" offset="-1:5"><Text>having</Text></Token><Token POSTag="MD" globalID="244" id="22" offset="-1:4"><Text>could</Text></Token><Token POSTag="VB" globalID="245" id="23" offset="-1:1"><Text>be</Text></Token><Token POSTag="DT" globalID="246" id="24" offset="-1:2"><Text>the</Text></Token><Token POSTag="NN" globalID="247" id="25" offset="-1:5"><Text>result</Text></Token><Token POSTag="IN" globalID="248" id="26" offset="-1:1"><Text>of</Text></Token><Token POSTag="NN" globalID="249" id="27" offset="-1:1"><Text>QT</Text></Token><Token POSTag="NN" globalID="250" id="28" offset="-1:11"><Text>prolongation</Text></Token><Token POSTag="-RRB-" globalID="251" id="29" offset="-1:0"><Text>)</Text></Token><Token POSTag="," globalID="252" id="30" offset="-1:0"><Text>,</Text></Token><Token POSTag="CC" globalID="253" id="31" offset="-1:2"><Text>and</Text></Token><Token POSTag="IN" globalID="254" id="32" offset="-1:3"><Text>that</Text></Token><Token POSTag="PRP" globalID="255" id="33" offset="-1:1"><Text>it</Text></Token><Token POSTag="VBZ" globalID="256" id="34" offset="-1:1"><Text>is</Text></Token><Token POSTag="RB" globalID="257" id="35" offset="-1:2"><Text>not</Text></Token><Token POSTag="JJ" globalID="258" id="36" offset="-1:7"><Text>approved</Text></Token><Token POSTag="IN" globalID="259" id="37" offset="-1:1"><Text>in</Text></Token><Token POSTag="DT" globalID="260" id="38" offset="-1:2"><Text>the</Text></Token><Token POSTag="PRP" globalID="261" id="39" offset="-1:1"><Text>US</Text></Token><Token POSTag="," globalID="262" id="40" offset="-1:0"><Text>,</Text></Token><Token POSTag="PRP" globalID="263" id="41" offset="-1:2"><Text>she</Text></Token><Token POSTag="VBD" globalID="264" id="42" offset="-1:6"><Text>stopped</Text></Token><Token POSTag="VBG" globalID="265" id="43" offset="-1:5"><Text>taking</Text></Token><Token POSTag="DT" globalID="266" id="44" offset="-1:2"><Text>the</Text></Token><Token POSTag="NN" globalID="267" id="45" offset="-1:9"><Text>medication</Text></Token><Token POSTag="CC" globalID="268" id="46" offset="-1:2"><Text>and</Text></Token><Token POSTag="VBD" globalID="269" id="47" offset="-1:8"><Text>contacted</Text></Token><Token POSTag="PRP$" globalID="270" id="48" offset="-1:2"><Text>her</Text></Token><Token POSTag="NN" globalID="271" id="49" offset="-1:5"><Text>OB/GYN</Text></Token><Token POSTag="NN" globalID="272" id="50" offset="-1:5"><Text>office</Text></Token><Token POSTag="." globalID="273" id="51" offset="2325:2326"><Text>.</Text></Token></Tokens><ParseTree>(S1 (S (S (NP (NN FDA)) (VP (VBD contacted) (NP (NP (DT the) (NN patient)) (PP (IN for) (NP (NN follow-up)))) (SBAR (IN after) (S (NP (PRP she)) (VP (VBD contacted) (NP (NN Drug) (NN Information)) (S (VP (TO to) (VP (VBP disclose) (NP (NP (NN information)) (VP (VBG regarding) (NP (NP (DT an) (JJ adverse) (NN event)) (ADJP (JJ related) (PP (TO to) (NP (NN domperidone))))))))))))))) (. .)))</ParseTree></Sentence><Sentence id="10" offset="1589:1736"><Text>The office told her that she was incorrect and that domperidone is allowed to be prescribed in the US and that lactation was just an off-label use.</Text><Tokens Count="28"><Token POSTag="DT" globalID="274" id="0" offset="-1:2"><Text>The</Text></Token><Token POSTag="NN" globalID="275" id="1" offset="-1:5"><Text>office</Text></Token><Token POSTag="VBN" globalID="276" id="2" offset="-1:3"><Text>told</Text></Token><Token POSTag="PRP$" globalID="277" id="3" offset="-1:2"><Text>her</Text></Token><Token POSTag="IN" globalID="278" id="4" offset="-1:3"><Text>that</Text></Token><Token POSTag="PRP" globalID="279" id="5" offset="-1:2"><Text>she</Text></Token><Token POSTag="VBD" globalID="280" id="6" offset="-1:2"><Text>was</Text></Token><Token POSTag="NN" globalID="281" id="7" offset="-1:8"><Text>incorrect</Text></Token><Token POSTag="CC" globalID="282" id="8" offset="-1:2"><Text>and</Text></Token><Token POSTag="IN" globalID="283" id="9" offset="-1:3"><Text>that</Text></Token><Token POSTag="NN" globalID="284" id="10" offset="-1:10"><Text>domperidone</Text></Token><Token POSTag="VBZ" globalID="285" id="11" offset="-1:1"><Text>is</Text></Token><Token POSTag="VBN" globalID="286" id="12" offset="-1:6"><Text>allowed</Text></Token><Token POSTag="TO" globalID="287" id="13" offset="-1:1"><Text>to</Text></Token><Token POSTag="VB" globalID="288" id="14" offset="-1:1"><Text>be</Text></Token><Token POSTag="VBN" globalID="289" id="15" offset="-1:9"><Text>prescribed</Text></Token><Token POSTag="IN" globalID="290" id="16" offset="-1:1"><Text>in</Text></Token><Token POSTag="DT" globalID="291" id="17" offset="-1:2"><Text>the</Text></Token><Token POSTag="PRP" globalID="292" id="18" offset="-1:1"><Text>US</Text></Token><Token POSTag="CC" globalID="293" id="19" offset="-1:2"><Text>and</Text></Token><Token POSTag="IN" globalID="294" id="20" offset="-1:3"><Text>that</Text></Token><Token POSTag="NN" globalID="295" id="21" offset="-1:8"><Text>lactation</Text></Token><Token POSTag="VBD" globalID="296" id="22" offset="-1:2"><Text>was</Text></Token><Token POSTag="RB" globalID="297" id="23" offset="-1:3"><Text>just</Text></Token><Token POSTag="DT" globalID="298" id="24" offset="-1:1"><Text>an</Text></Token><Token POSTag="JJ" globalID="299" id="25" offset="-1:8"><Text>off-label</Text></Token><Token POSTag="NN" globalID="300" id="26" offset="-1:2"><Text>use</Text></Token><Token POSTag="." globalID="301" id="27" offset="2325:2326"><Text>.</Text></Token></Tokens><ParseTree>(S1 (S (S (NP (NN FDA)) (VP (VBD contacted) (NP (NP (DT the) (NN patient)) (PP (IN for) (NP (NN follow-up)))) (SBAR (IN after) (S (NP (PRP she)) (VP (VBD contacted) (NP (NN Drug) (NN Information)) (S (VP (TO to) (VP (VBP disclose) (NP (NP (NN information)) (VP (VBG regarding) (NP (NP (DT an) (JJ adverse) (NN event)) (ADJP (JJ related) (PP (TO to) (NP (NN domperidone))))))))))))))) (. .)))</ParseTree></Sentence><Sentence id="11" offset="1737:1785"><Text>Symptoms resolved after domperidone was stopped.</Text><Tokens Count="7"><Token POSTag="NNS" globalID="302" id="0" offset="-1:7"><Text>Symptoms</Text></Token><Token POSTag="VBN" globalID="303" id="1" offset="-1:7"><Text>resolved</Text></Token><Token POSTag="IN" globalID="304" id="2" offset="-1:4"><Text>after</Text></Token><Token POSTag="NN" globalID="305" id="3" offset="-1:10"><Text>domperidone</Text></Token><Token POSTag="VBD" globalID="306" id="4" offset="-1:2"><Text>was</Text></Token><Token POSTag="VBN" globalID="307" id="5" offset="-1:6"><Text>stopped</Text></Token><Token POSTag="." globalID="308" id="6" offset="2325:2326"><Text>.</Text></Token></Tokens><ParseTree>(S1 (S (S (NP (NN FDA)) (VP (VBD contacted) (NP (NP (DT the) (NN patient)) (PP (IN for) (NP (NN follow-up)))) (SBAR (IN after) (S (NP (PRP she)) (VP (VBD contacted) (NP (NN Drug) (NN Information)) (S (VP (TO to) (VP (VBP disclose) (NP (NP (NN information)) (VP (VBG regarding) (NP (NP (DT an) (JJ adverse) (NN event)) (ADJP (JJ related) (PP (TO to) (NP (NN domperidone))))))))))))))) (. .)))</ParseTree></Sentence><Sentence id="12" offset="1786:1862"><Text>Patient also requested an EKG (after stopping domperidone) which was normal.</Text><Tokens Count="14"><Token POSTag="NN" globalID="309" id="0" offset="-1:6"><Text>Patient</Text></Token><Token POSTag="RB" globalID="310" id="1" offset="-1:3"><Text>also</Text></Token><Token POSTag="VBD" globalID="311" id="2" offset="-1:8"><Text>requested</Text></Token><Token POSTag="DT" globalID="312" id="3" offset="-1:1"><Text>an</Text></Token><Token POSTag="NN" globalID="313" id="4" offset="-1:2"><Text>EKG</Text></Token><Token POSTag="-LRB-" globalID="314" id="5" offset="-1:0"><Text>(</Text></Token><Token POSTag="IN" globalID="315" id="6" offset="-1:4"><Text>after</Text></Token><Token POSTag="VBG" globalID="316" id="7" offset="-1:7"><Text>stopping</Text></Token><Token POSTag="NN" globalID="317" id="8" offset="-1:10"><Text>domperidone</Text></Token><Token POSTag="-RRB-" globalID="318" id="9" offset="-1:0"><Text>)</Text></Token><Token POSTag="WDT" globalID="319" id="10" offset="-1:4"><Text>which</Text></Token><Token POSTag="VBD" globalID="320" id="11" offset="-1:2"><Text>was</Text></Token><Token POSTag="JJ" globalID="321" id="12" offset="-1:5"><Text>normal</Text></Token><Token POSTag="." globalID="322" id="13" offset="2325:2326"><Text>.</Text></Token></Tokens><ParseTree>(S1 (S (S (NP (NN FDA)) (VP (VBD contacted) (NP (NP (DT the) (NN patient)) (PP (IN for) (NP (NN follow-up)))) (SBAR (IN after) (S (NP (PRP she)) (VP (VBD contacted) (NP (NN Drug) (NN Information)) (S (VP (TO to) (VP (VBP disclose) (NP (NP (NN information)) (VP (VBG regarding) (NP (NP (DT an) (JJ adverse) (NN event)) (ADJP (JJ related) (PP (TO to) (NP (NN domperidone))))))))))))))) (. .)))</ParseTree></Sentence><Sentence id="13" offset="1863:2058"><Text>She also wanted to make the FDA aware that domperidone use for lactation is being heavily advertised as a safe method to provide breast milk within the Mercy General Hospital/Mercy Medical Group.</Text><Tokens Count="33"><Token POSTag="PRP" globalID="323" id="0" offset="-1:2"><Text>She</Text></Token><Token POSTag="RB" globalID="324" id="1" offset="-1:3"><Text>also</Text></Token><Token POSTag="VBD" globalID="325" id="2" offset="-1:5"><Text>wanted</Text></Token><Token POSTag="TO" globalID="326" id="3" offset="-1:1"><Text>to</Text></Token><Token POSTag="VB" globalID="327" id="4" offset="-1:3"><Text>make</Text></Token><Token POSTag="DT" globalID="328" id="5" offset="-1:2"><Text>the</Text></Token><Token POSTag="NN" globalID="329" id="6" offset="-1:2"><Text>FDA</Text></Token><Token POSTag="NN" globalID="330" id="7" offset="-1:4"><Text>aware</Text></Token><Token POSTag="IN" globalID="331" id="8" offset="-1:3"><Text>that</Text></Token><Token POSTag="NN" globalID="332" id="9" offset="-1:10"><Text>domperidone</Text></Token><Token POSTag="NN" globalID="333" id="10" offset="-1:2"><Text>use</Text></Token><Token POSTag="IN" globalID="334" id="11" offset="-1:2"><Text>for</Text></Token><Token POSTag="NN" globalID="335" id="12" offset="-1:8"><Text>lactation</Text></Token><Token POSTag="VBZ" globalID="336" id="13" offset="-1:1"><Text>is</Text></Token><Token POSTag="VBG" globalID="337" id="14" offset="-1:4"><Text>being</Text></Token><Token POSTag="RB" globalID="338" id="15" offset="-1:6"><Text>heavily</Text></Token><Token POSTag="VBN" globalID="339" id="16" offset="-1:9"><Text>advertised</Text></Token><Token POSTag="IN" globalID="340" id="17" offset="-1:1"><Text>as</Text></Token><Token POSTag="DT" globalID="341" id="18" offset="-1:0"><Text>a</Text></Token><Token POSTag="JJ" globalID="342" id="19" offset="-1:3"><Text>safe</Text></Token><Token POSTag="NN" globalID="343" id="20" offset="-1:5"><Text>method</Text></Token><Token POSTag="TO" globalID="344" id="21" offset="-1:1"><Text>to</Text></Token><Token POSTag="VB" globalID="345" id="22" offset="-1:6"><Text>provide</Text></Token><Token POSTag="NN" globalID="346" id="23" offset="-1:5"><Text>breast</Text></Token><Token POSTag="NN" globalID="347" id="24" offset="-1:3"><Text>milk</Text></Token><Token POSTag="IN" globalID="348" id="25" offset="-1:5"><Text>within</Text></Token><Token POSTag="DT" globalID="349" id="26" offset="-1:2"><Text>the</Text></Token><Token POSTag="NN" globalID="350" id="27" offset="-1:4"><Text>Mercy</Text></Token><Token POSTag="JJ" globalID="351" id="28" offset="-1:6"><Text>General</Text></Token><Token POSTag="NN" globalID="352" id="29" offset="-1:13"><Text>Hospital/Mercy</Text></Token><Token POSTag="JJ" globalID="353" id="30" offset="-1:6"><Text>Medical</Text></Token><Token POSTag="NN" globalID="354" id="31" offset="-1:4"><Text>Group</Text></Token><Token POSTag="." globalID="355" id="32" offset="2325:2326"><Text>.</Text></Token></Tokens><ParseTree>(S1 (S (S (NP (NN FDA)) (VP (VBD contacted) (NP (NP (DT the) (NN patient)) (PP (IN for) (NP (NN follow-up)))) (SBAR (IN after) (S (NP (PRP she)) (VP (VBD contacted) (NP (NN Drug) (NN Information)) (S (VP (TO to) (VP (VBP disclose) (NP (NP (NN information)) (VP (VBG regarding) (NP (NP (DT an) (JJ adverse) (NN event)) (ADJP (JJ related) (PP (TO to) (NP (NN domperidone))))))))))))))) (. .)))</ParseTree></Sentence><Sentence id="14" offset="2059:2267"><Text>She also stated that in women that adopt or have a surrogate carrier, domperidone is being started 6 months before those women even have the infant with them and that they are then continuing the domperidone.</Text><Tokens Count="38"><Token POSTag="PRP" globalID="356" id="0" offset="-1:2"><Text>She</Text></Token><Token POSTag="RB" globalID="357" id="1" offset="-1:3"><Text>also</Text></Token><Token POSTag="VBN" globalID="358" id="2" offset="-1:5"><Text>stated</Text></Token><Token POSTag="IN" globalID="359" id="3" offset="-1:3"><Text>that</Text></Token><Token POSTag="IN" globalID="360" id="4" offset="-1:1"><Text>in</Text></Token><Token POSTag="NNS" globalID="361" id="5" offset="-1:4"><Text>women</Text></Token><Token POSTag="WDT" globalID="362" id="6" offset="-1:3"><Text>that</Text></Token><Token POSTag="VBP" globalID="363" id="7" offset="-1:4"><Text>adopt</Text></Token><Token POSTag="CC" globalID="364" id="8" offset="-1:1"><Text>or</Text></Token><Token POSTag="VBP" globalID="365" id="9" offset="-1:3"><Text>have</Text></Token><Token POSTag="DT" globalID="366" id="10" offset="-1:0"><Text>a</Text></Token><Token POSTag="JJ" globalID="367" id="11" offset="-1:8"><Text>surrogate</Text></Token><Token POSTag="NN" globalID="368" id="12" offset="-1:6"><Text>carrier</Text></Token><Token POSTag="," globalID="369" id="13" offset="-1:0"><Text>,</Text></Token><Token POSTag="NN" globalID="370" id="14" offset="-1:10"><Text>domperidone</Text></Token><Token POSTag="VBZ" globalID="371" id="15" offset="-1:1"><Text>is</Text></Token><Token POSTag="VBG" globalID="372" id="16" offset="-1:4"><Text>being</Text></Token><Token POSTag="VBN" globalID="373" id="17" offset="-1:6"><Text>started</Text></Token><Token POSTag="CD" globalID="374" id="18" offset="-1:0"><Text>6</Text></Token><Token POSTag="NNS" globalID="375" id="19" offset="-1:5"><Text>months</Text></Token><Token POSTag="IN" globalID="376" id="20" offset="-1:5"><Text>before</Text></Token><Token POSTag="DT" globalID="377" id="21" offset="-1:4"><Text>those</Text></Token><Token POSTag="NNS" globalID="378" id="22" offset="-1:4"><Text>women</Text></Token><Token POSTag="RB" globalID="379" id="23" offset="-1:3"><Text>even</Text></Token><Token POSTag="VBP" globalID="380" id="24" offset="-1:3"><Text>have</Text></Token><Token POSTag="DT" globalID="381" id="25" offset="-1:2"><Text>the</Text></Token><Token POSTag="NN" globalID="382" id="26" offset="-1:5"><Text>infant</Text></Token><Token POSTag="IN" globalID="383" id="27" offset="-1:3"><Text>with</Text></Token><Token POSTag="PRP" globalID="384" id="28" offset="-1:3"><Text>them</Text></Token><Token POSTag="CC" globalID="385" id="29" offset="-1:2"><Text>and</Text></Token><Token POSTag="IN" globalID="386" id="30" offset="-1:3"><Text>that</Text></Token><Token POSTag="PRP" globalID="387" id="31" offset="-1:3"><Text>they</Text></Token><Token POSTag="VBP" globalID="388" id="32" offset="-1:2"><Text>are</Text></Token><Token POSTag="RB" globalID="389" id="33" offset="-1:3"><Text>then</Text></Token><Token POSTag="VBG" globalID="390" id="34" offset="-1:9"><Text>continuing</Text></Token><Token POSTag="DT" globalID="391" id="35" offset="-1:2"><Text>the</Text></Token><Token POSTag="NN" globalID="392" id="36" offset="-1:10"><Text>domperidone</Text></Token><Token POSTag="." globalID="393" id="37" offset="2325:2326"><Text>.</Text></Token></Tokens><ParseTree>(S1 (S (S (NP (NN FDA)) (VP (VBD contacted) (NP (NP (DT the) (NN patient)) (PP (IN for) (NP (NN follow-up)))) (SBAR (IN after) (S (NP (PRP she)) (VP (VBD contacted) (NP (NN Drug) (NN Information)) (S (VP (TO to) (VP (VBP disclose) (NP (NP (NN information)) (VP (VBG regarding) (NP (NP (DT an) (JJ adverse) (NN event)) (ADJP (JJ related) (PP (TO to) (NP (NN domperidone))))))))))))))) (. .)))</ParseTree></Sentence><Sentence id="15" offset="2268:2326"><Text>Pharmacy, provider, and practice information was provided.</Text><Tokens Count="10"><Token POSTag="NN" globalID="394" id="0" offset="-1:7"><Text>Pharmacy</Text></Token><Token POSTag="," globalID="395" id="1" offset="-1:0"><Text>,</Text></Token><Token POSTag="NN" globalID="396" id="2" offset="-1:7"><Text>provider</Text></Token><Token POSTag="," globalID="397" id="3" offset="-1:0"><Text>,</Text></Token><Token POSTag="CC" globalID="398" id="4" offset="-1:2"><Text>and</Text></Token><Token POSTag="NN" globalID="399" id="5" offset="-1:7"><Text>practice</Text></Token><Token POSTag="NN" globalID="400" id="6" offset="-1:10"><Text>information</Text></Token><Token POSTag="VBD" globalID="401" id="7" offset="-1:2"><Text>was</Text></Token><Token POSTag="VBN" globalID="402" id="8" offset="-1:7"><Text>provided</Text></Token><Token POSTag="." globalID="403" id="9" offset="2325:2326"><Text>.</Text></Token></Tokens><ParseTree>(S1 (S (S (NP (NN FDA)) (VP (VBD contacted) (NP (NP (DT the) (NN patient)) (PP (IN for) (NP (NN follow-up)))) (SBAR (IN after) (S (NP (PRP she)) (VP (VBD contacted) (NP (NN Drug) (NN Information)) (S (VP (TO to) (VP (VBP disclose) (NP (NP (NN information)) (VP (VBG regarding) (NP (NP (DT an) (JJ adverse) (NN event)) (ADJP (JJ related) (PP (TO to) (NP (NN domperidone))))))))))))))) (. .)))</ParseTree></Sentence></Sentences></Paragraph></Paragraphs></StartOutput>