<StartOutput><Paragraphs Count="1"><Paragraph id="0"><Sentences Count="3"><Sentence id="0" offset="0:107"><Text>A spontaneous report was received from a Health canada via Health professional concerning a Female patient.</Text><Tokens Count="17"><Token POSTag="DT" globalID="0" id="0" offset="0:1"><Text>A</Text></Token><Token POSTag="JJ" globalID="1" id="1" offset="2:13"><Text>spontaneous</Text></Token><Token POSTag="NN" globalID="2" id="2" offset="14:20"><Text>report</Text></Token><Token POSTag="VBD" globalID="3" id="3" offset="21:24"><Text>was</Text></Token><Token POSTag="VBN" globalID="4" id="4" offset="25:33"><Text>received</Text></Token><Token POSTag="IN" globalID="5" id="5" offset="34:38"><Text>from</Text></Token><Token POSTag="DT" globalID="6" id="6" offset="39:40"><Text>a</Text></Token><Token POSTag="NN" globalID="7" id="7" offset="41:47"><Text>Health</Text></Token><Token POSTag="NN" globalID="8" id="8" offset="48:54"><Text>canada</Text></Token><Token POSTag="IN" globalID="9" id="9" offset="55:58"><Text>via</Text></Token><Token POSTag="NN" globalID="10" id="10" offset="59:65"><Text>Health</Text></Token><Token POSTag="NN" globalID="11" id="11" offset="66:78"><Text>professional</Text></Token><Token POSTag="VBG" globalID="12" id="12" offset="79:89"><Text>concerning</Text></Token><Token POSTag="DT" globalID="13" id="13" offset="90:91"><Text>a</Text></Token><Token POSTag="JJ" globalID="14" id="14" offset="92:98"><Text>Female</Text></Token><Token POSTag="NN" globalID="15" id="15" offset="99:106"><Text>patient</Text></Token><Token POSTag="." globalID="16" id="16" offset="106:107"><Text>.</Text></Token></Tokens><ParseTree>(S1 (S (S (NP (DT A) (JJ spontaneous) (NN report)) (VP (VBD was) (VP (VBN received) (PP (IN from) (NP (NP (DT a) (NN Health) (NN canada) (IN via) (NN Health) (NN professional)) (VP (VBG concerning) (NP (DT a) (JJ Female) (NN patient)))))))) (. .)))</ParseTree></Sentence><Sentence id="1" offset="108:1388"><Text>Concomitant medications included paracetamol, ramipril, amlodipine besilate, hydrochlorothiazide, candesartan cilexetil, levothyroxine sodium, ergocalciferol, ezetimibe, lisinopril, methylprednisolone, prednisone, sitagliptin phosphate, rosuvastatin calcium and levothyroxine sodium.Patients relevant history and concurrent disease were not available.The patient had been receiving oral Nexium (Esomeprazole magnesium), started on an unknown date, intra-articular Depo-medrol (Methylprednisolone acetate) for product used for unknown indication, started on an unknown date, unknown Diamicron (Gliclazide) for product used for unknown indication, started on an unknown date, unknown Domperidone (Domperidone) for product used for unknown indication, started on an unknown date, subcutaneous Lantus (Insulin glargine) for product used for unknown indication, started on an unknown date, unknown Lyrica (Pregabalin) for product used for unknown indication, started on an unknown date and intravenous (not otherwise specified) Rituxan (Rituximab), 1000.0 milligrams, unknown for product used for unknown indication, started on an unknown date.It was reported that a patient had arthritis (preferred term: arthritis) and her condition aggravated (preferred term: condition aggravated).</Text><Tokens Count="205"><Token POSTag="JJ" globalID="17" id="0" offset="108:119"><Text>Concomitant</Text></Token><Token POSTag="NNS" globalID="18" id="1" offset="120:131"><Text>medications</Text><METAMAP>[phsu]</METAMAP></Token><Token POSTag="VBD" globalID="19" id="2" offset="132:140"><Text>included</Text></Token><Token POSTag="NN" globalID="20" id="3" offset="141:152"><Text>paracetamol</Text><METAMAP>[orch,phsu]</METAMAP></Token><Token POSTag="," globalID="21" id="4" offset="152:153"><Text>,</Text></Token><Token POSTag="NN" globalID="22" id="5" offset="154:162"><Text>ramipril</Text><METAMAP>[orch,phsu]</METAMAP></Token><Token POSTag="," globalID="23" id="6" offset="162:163"><Text>,</Text></Token><Token POSTag="NN" globalID="24" id="7" offset="164:174"><Text>amlodipine</Text><METAMAP>[orch,phsu]</METAMAP></Token><Token POSTag="NN" globalID="25" id="8" offset="175:183"><Text>besilate</Text><METAMAP>[orch,phsu]</METAMAP></Token><Token POSTag="," globalID="26" id="9" offset="183:184"><Text>,</Text></Token><Token POSTag="NN" globalID="27" id="10" offset="185:204"><Text>hydrochlorothiazide</Text><METAMAP>[orch,phsu]</METAMAP></Token><Token POSTag="," globalID="28" id="11" offset="204:205"><Text>,</Text></Token><Token POSTag="NN" globalID="29" id="12" offset="206:217"><Text>candesartan</Text><METAMAP>[orch,phsu]</METAMAP></Token><Token POSTag="NN" globalID="30" id="13" offset="218:227"><Text>cilexetil</Text><METAMAP>[orch,phsu]</METAMAP></Token><Token POSTag="," globalID="31" id="14" offset="227:228"><Text>,</Text></Token><Token POSTag="NN" globalID="32" id="15" offset="229:242"><Text>levothyroxine</Text></Token><Token POSTag="NN" globalID="33" id="16" offset="243:249"><Text>sodium</Text></Token><Token POSTag="," globalID="34" id="17" offset="249:250"><Text>,</Text></Token><Token POSTag="NN" globalID="35" id="18" offset="251:265"><Text>ergocalciferol</Text></Token><Token POSTag="," globalID="36" id="19" offset="265:266"><Text>,</Text></Token><Token POSTag="NNS" globalID="37" id="20" offset="267:276"><Text>ezetimibe</Text><METAMAP>[orch,phsu]</METAMAP></Token><Token POSTag="," globalID="38" id="21" offset="276:277"><Text>,</Text></Token><Token POSTag="NN" globalID="39" id="22" offset="278:288"><Text>lisinopril</Text></Token><Token POSTag="," globalID="40" id="23" offset="288:289"><Text>,</Text></Token><Token POSTag="NN" globalID="41" id="24" offset="290:308"><Text>methylprednisolone</Text></Token><Token POSTag="," globalID="42" id="25" offset="308:309"><Text>,</Text></Token><Token POSTag="NN" globalID="43" id="26" offset="310:320"><Text>prednisone</Text></Token><Token POSTag="," globalID="44" id="27" offset="320:321"><Text>,</Text></Token><Token POSTag="NN" globalID="45" id="28" offset="322:333"><Text>sitagliptin</Text><METAMAP>[orch,phsu]</METAMAP></Token><Token POSTag="NN" globalID="46" id="29" offset="334:343"><Text>phosphate</Text><METAMAP>[orch,phsu]</METAMAP></Token><Token POSTag="," globalID="47" id="30" offset="343:344"><Text>,</Text></Token><Token POSTag="NN" globalID="48" id="31" offset="345:357"><Text>rosuvastatin</Text></Token><Token POSTag="NN" globalID="49" id="32" offset="358:365"><Text>calcium</Text></Token><Token POSTag="CC" globalID="50" id="33" offset="366:369"><Text>and</Text></Token><Token POSTag="NN" globalID="51" id="34" offset="370:383"><Text>levothyroxine</Text></Token><Token POSTag="NNS" globalID="52" id="35" offset="384:399"><Text>sodium.Patients</Text></Token><Token POSTag="JJ" globalID="53" id="36" offset="400:408"><Text>relevant</Text></Token><Token POSTag="NN" globalID="54" id="37" offset="409:416"><Text>history</Text></Token><Token POSTag="CC" globalID="55" id="38" offset="417:420"><Text>and</Text></Token><Token POSTag="JJ" globalID="56" id="39" offset="421:431"><Text>concurrent</Text></Token><Token POSTag="NN" globalID="57" id="40" offset="432:439"><Text>disease</Text><METAMAP>[dsyn]</METAMAP></Token><Token POSTag="VBD" globalID="58" id="41" offset="440:444"><Text>were</Text></Token><Token POSTag="RB" globalID="59" id="42" offset="445:448"><Text>not</Text></Token><Token POSTag="NN" globalID="60" id="43" offset="449:462"><Text>available.The</Text></Token><Token POSTag="NN" globalID="61" id="44" offset="463:470"><Text>patient</Text></Token><Token POSTag="VBD" globalID="62" id="45" offset="471:474"><Text>had</Text></Token><Token POSTag="VBN" globalID="63" id="46" offset="475:479"><Text>been</Text></Token><Token POSTag="VBG" globalID="64" id="47" offset="480:489"><Text>receiving</Text></Token><Token POSTag="JJ" globalID="65" id="48" offset="490:494"><Text>oral</Text></Token><Token POSTag="NN" globalID="66" id="49" offset="495:501"><Text>Nexium</Text><METAMAP>[orch,phsu]</METAMAP></Token><Token POSTag="-LRB-" globalID="67" id="50" offset="502:503"><Text>(</Text></Token><Token POSTag="NN" globalID="68" id="51" offset="503:515"><Text>Esomeprazole</Text><METAMAP>[orch,phsu]</METAMAP></Token><Token POSTag="NN" globalID="69" id="52" offset="516:525"><Text>magnesium</Text><METAMAP>[orch,phsu]</METAMAP></Token><Token POSTag="-RRB-" globalID="70" id="53" offset="525:526"><Text>)</Text></Token><Token POSTag="," globalID="71" id="54" offset="526:527"><Text>,</Text></Token><Token POSTag="VBN" globalID="72" id="55" offset="528:535"><Text>started</Text></Token><Token POSTag="IN" globalID="73" id="56" offset="536:538"><Text>on</Text></Token><Token POSTag="DT" globalID="74" id="57" offset="539:541"><Text>an</Text></Token><Token POSTag="JJ" globalID="75" id="58" offset="542:549"><Text>unknown</Text></Token><Token POSTag="NN" globalID="76" id="59" offset="550:554"><Text>date</Text></Token><Token POSTag="," globalID="77" id="60" offset="554:555"><Text>,</Text></Token><Token POSTag="JJ" globalID="78" id="61" offset="556:571"><Text>intra-articular</Text></Token><Token POSTag="NN" globalID="79" id="62" offset="572:583"><Text>Depo-medrol</Text></Token><Token POSTag="-LRB-" globalID="80" id="63" offset="584:585"><Text>(</Text></Token><Token POSTag="NN" globalID="81" id="64" offset="585:603"><Text>Methylprednisolone</Text></Token><Token POSTag="NN" globalID="82" id="65" offset="604:611"><Text>acetate</Text></Token><Token POSTag="-RRB-" globalID="83" id="66" offset="611:612"><Text>)</Text></Token><Token POSTag="IN" globalID="84" id="67" offset="613:616"><Text>for</Text></Token><Token POSTag="NN" globalID="85" id="68" offset="617:624"><Text>product</Text></Token><Token POSTag="VBD" globalID="86" id="69" offset="625:629"><Text>used</Text></Token><Token POSTag="IN" globalID="87" id="70" offset="630:633"><Text>for</Text></Token><Token POSTag="JJ" globalID="88" id="71" offset="634:641"><Text>unknown</Text></Token><Token POSTag="NN" globalID="89" id="72" offset="642:652"><Text>indication</Text></Token><Token POSTag="," globalID="90" id="73" offset="652:653"><Text>,</Text></Token><Token POSTag="VBD" globalID="91" id="74" offset="654:661"><Text>started</Text></Token><Token POSTag="IN" globalID="92" id="75" offset="662:664"><Text>on</Text></Token><Token POSTag="DT" globalID="93" id="76" offset="665:667"><Text>an</Text></Token><Token POSTag="JJ" globalID="94" id="77" offset="668:675"><Text>unknown</Text></Token><Token POSTag="NN" globalID="95" id="78" offset="676:680"><Text>date</Text></Token><Token POSTag="," globalID="96" id="79" offset="680:681"><Text>,</Text></Token><Token POSTag="JJ" globalID="97" id="80" offset="682:689"><Text>unknown</Text></Token><Token POSTag="NN" globalID="98" id="81" offset="690:699"><Text>Diamicron</Text><METAMAP>[orch,phsu]</METAMAP></Token><Token POSTag="-LRB-" globalID="99" id="82" offset="700:701"><Text>(</Text></Token><Token POSTag="NN" globalID="100" id="83" offset="701:711"><Text>Gliclazide</Text><METAMAP>[orch,phsu]</METAMAP></Token><Token POSTag="-RRB-" globalID="101" id="84" offset="711:712"><Text>)</Text></Token><Token POSTag="IN" globalID="102" id="85" offset="713:716"><Text>for</Text></Token><Token POSTag="NN" globalID="103" id="86" offset="717:724"><Text>product</Text></Token><Token POSTag="VBN" globalID="104" id="87" offset="725:729"><Text>used</Text></Token><Token POSTag="IN" globalID="105" id="88" offset="730:733"><Text>for</Text></Token><Token POSTag="JJ" globalID="106" id="89" offset="734:741"><Text>unknown</Text></Token><Token POSTag="NN" globalID="107" id="90" offset="742:752"><Text>indication</Text></Token><Token POSTag="," globalID="108" id="91" offset="752:753"><Text>,</Text></Token><Token POSTag="VBD" globalID="109" id="92" offset="754:761"><Text>started</Text></Token><Token POSTag="IN" globalID="110" id="93" offset="762:764"><Text>on</Text></Token><Token POSTag="DT" globalID="111" id="94" offset="765:767"><Text>an</Text></Token><Token POSTag="JJ" globalID="112" id="95" offset="768:775"><Text>unknown</Text></Token><Token POSTag="NN" globalID="113" id="96" offset="776:780"><Text>date</Text></Token><Token POSTag="," globalID="114" id="97" offset="780:781"><Text>,</Text></Token><Token POSTag="JJ" globalID="115" id="98" offset="782:789"><Text>unknown</Text></Token><Token POSTag="NN" globalID="116" id="99" offset="790:801"><Text>Domperidone</Text><METAMAP>[orch,phsu]</METAMAP></Token><Token POSTag="-LRB-" globalID="117" id="100" offset="802:803"><Text>(</Text></Token><Token POSTag="NN" globalID="118" id="101" offset="803:814"><Text>Domperidone</Text><METAMAP>[orch,phsu]</METAMAP></Token><Token POSTag="-RRB-" globalID="119" id="102" offset="814:815"><Text>)</Text></Token><Token POSTag="IN" globalID="120" id="103" offset="816:819"><Text>for</Text></Token><Token POSTag="NN" globalID="121" id="104" offset="820:827"><Text>product</Text></Token><Token POSTag="VBN" globalID="122" id="105" offset="828:832"><Text>used</Text></Token><Token POSTag="IN" globalID="123" id="106" offset="833:836"><Text>for</Text></Token><Token POSTag="JJ" globalID="124" id="107" offset="837:844"><Text>unknown</Text></Token><Token POSTag="NN" globalID="125" id="108" offset="845:855"><Text>indication</Text></Token><Token POSTag="," globalID="126" id="109" offset="855:856"><Text>,</Text></Token><Token POSTag="VBD" globalID="127" id="110" offset="857:864"><Text>started</Text></Token><Token POSTag="IN" globalID="128" id="111" offset="865:867"><Text>on</Text></Token><Token POSTag="DT" globalID="129" id="112" offset="868:870"><Text>an</Text></Token><Token POSTag="JJ" globalID="130" id="113" offset="871:878"><Text>unknown</Text></Token><Token POSTag="NN" globalID="131" id="114" offset="879:883"><Text>date</Text></Token><Token POSTag="," globalID="132" id="115" offset="883:884"><Text>,</Text></Token><Token POSTag="JJ" globalID="133" id="116" offset="885:897"><Text>subcutaneous</Text></Token><Token POSTag="NN" globalID="134" id="117" offset="898:904"><Text>Lantus</Text></Token><Token POSTag="-LRB-" globalID="135" id="118" offset="905:906"><Text>(</Text></Token><Token POSTag="NN" globalID="136" id="119" offset="906:913"><Text>Insulin</Text></Token><Token POSTag="NN" globalID="137" id="120" offset="914:922"><Text>glargine</Text></Token><Token POSTag="-RRB-" globalID="138" id="121" offset="922:923"><Text>)</Text></Token><Token POSTag="IN" globalID="139" id="122" offset="924:927"><Text>for</Text></Token><Token POSTag="NN" globalID="140" id="123" offset="928:935"><Text>product</Text></Token><Token POSTag="VBN" globalID="141" id="124" offset="936:940"><Text>used</Text></Token><Token POSTag="IN" globalID="142" id="125" offset="941:944"><Text>for</Text></Token><Token POSTag="JJ" globalID="143" id="126" offset="945:952"><Text>unknown</Text></Token><Token POSTag="NN" globalID="144" id="127" offset="953:963"><Text>indication</Text></Token><Token POSTag="," globalID="145" id="128" offset="963:964"><Text>,</Text></Token><Token POSTag="VBD" globalID="146" id="129" offset="965:972"><Text>started</Text></Token><Token POSTag="IN" globalID="147" id="130" offset="973:975"><Text>on</Text></Token><Token POSTag="DT" globalID="148" id="131" offset="976:978"><Text>an</Text></Token><Token POSTag="JJ" globalID="149" id="132" offset="979:986"><Text>unknown</Text></Token><Token POSTag="NN" globalID="150" id="133" offset="987:991"><Text>date</Text></Token><Token POSTag="," globalID="151" id="134" offset="991:992"><Text>,</Text></Token><Token POSTag="JJ" globalID="152" id="135" offset="993:1000"><Text>unknown</Text></Token><Token POSTag="NN" globalID="153" id="136" offset="1001:1007"><Text>Lyrica</Text><METAMAP>[orch,phsu]</METAMAP></Token><Token POSTag="-LRB-" globalID="154" id="137" offset="1008:1009"><Text>(</Text></Token><Token POSTag="NNP" globalID="155" id="138" offset="1009:1019"><Text>Pregabalin</Text></Token><Token POSTag="-RRB-" globalID="156" id="139" offset="1019:1020"><Text>)</Text></Token><Token POSTag="IN" globalID="157" id="140" offset="1021:1024"><Text>for</Text></Token><Token POSTag="NN" globalID="158" id="141" offset="1025:1032"><Text>product</Text></Token><Token POSTag="VBN" globalID="159" id="142" offset="1033:1037"><Text>used</Text></Token><Token POSTag="IN" globalID="160" id="143" offset="1038:1041"><Text>for</Text></Token><Token POSTag="JJ" globalID="161" id="144" offset="1042:1049"><Text>unknown</Text></Token><Token POSTag="NN" globalID="162" id="145" offset="1050:1060"><Text>indication</Text></Token><Token POSTag="," globalID="163" id="146" offset="1060:1061"><Text>,</Text></Token><Token POSTag="VBD" globalID="164" id="147" offset="1062:1069"><Text>started</Text></Token><Token POSTag="IN" globalID="165" id="148" offset="1070:1072"><Text>on</Text></Token><Token POSTag="DT" globalID="166" id="149" offset="1073:1075"><Text>an</Text></Token><Token POSTag="JJ" globalID="167" id="150" offset="1076:1083"><Text>unknown</Text></Token><Token POSTag="NN" globalID="168" id="151" offset="1084:1088"><Text>date</Text></Token><Token POSTag="CC" globalID="169" id="152" offset="1089:1092"><Text>and</Text></Token><Token POSTag="JJ" globalID="170" id="153" offset="1093:1104"><Text>intravenous</Text></Token><Token POSTag="-LRB-" globalID="171" id="154" offset="1105:1106"><Text>(</Text></Token><Token POSTag="RB" globalID="172" id="155" offset="1106:1109"><Text>not</Text></Token><Token POSTag="RB" globalID="173" id="156" offset="1110:1119"><Text>otherwise</Text></Token><Token POSTag="VBN" globalID="174" id="157" offset="1120:1129"><Text>specified</Text></Token><Token POSTag="-RRB-" globalID="175" id="158" offset="1129:1130"><Text>)</Text></Token><Token POSTag="NNP" globalID="176" id="159" offset="1131:1138"><Text>Rituxan</Text></Token><Token POSTag="-LRB-" globalID="177" id="160" offset="1139:1140"><Text>(</Text></Token><Token POSTag="NN" globalID="178" id="161" offset="1140:1149"><Text>Rituximab</Text></Token><Token POSTag="-RRB-" globalID="179" id="162" offset="1149:1150"><Text>)</Text></Token><Token POSTag="," globalID="180" id="163" offset="1150:1151"><Text>,</Text></Token><Token POSTag="CD" globalID="181" id="164" offset="1152:1158"><Text>1000.0</Text></Token><Token POSTag="NNS" globalID="182" id="165" offset="1159:1169"><Text>milligrams</Text></Token><Token POSTag="," globalID="183" id="166" offset="1169:1170"><Text>,</Text></Token><Token POSTag="JJ" globalID="184" id="167" offset="1171:1178"><Text>unknown</Text></Token><Token POSTag="IN" globalID="185" id="168" offset="1179:1182"><Text>for</Text></Token><Token POSTag="NN" globalID="186" id="169" offset="1183:1190"><Text>product</Text></Token><Token POSTag="VBN" globalID="187" id="170" offset="1191:1195"><Text>used</Text></Token><Token POSTag="IN" globalID="188" id="171" offset="1196:1199"><Text>for</Text></Token><Token POSTag="JJ" globalID="189" id="172" offset="1200:1207"><Text>unknown</Text></Token><Token POSTag="NN" globalID="190" id="173" offset="1208:1218"><Text>indication</Text></Token><Token POSTag="," globalID="191" id="174" offset="1218:1219"><Text>,</Text></Token><Token POSTag="VBN" globalID="192" id="175" offset="1220:1227"><Text>started</Text></Token><Token POSTag="IN" globalID="193" id="176" offset="1228:1230"><Text>on</Text></Token><Token POSTag="DT" globalID="194" id="177" offset="1231:1233"><Text>an</Text></Token><Token POSTag="JJ" globalID="195" id="178" offset="1234:1241"><Text>unknown</Text></Token><Token POSTag="NN" globalID="196" id="179" offset="1242:1249"><Text>date.It</Text></Token><Token POSTag="VBD" globalID="197" id="180" offset="1250:1253"><Text>was</Text></Token><Token POSTag="VBN" globalID="198" id="181" offset="1254:1262"><Text>reported</Text></Token><Token POSTag="IN" globalID="199" id="182" offset="1263:1267"><Text>that</Text></Token><Token POSTag="DT" globalID="200" id="183" offset="1265:1266"><Text>a</Text></Token><Token POSTag="NN" globalID="201" id="184" offset="1270:1277"><Text>patient</Text></Token><Token POSTag="VBD" globalID="202" id="185" offset="1278:1281"><Text>had</Text></Token><Token POSTag="NN" globalID="203" id="186" offset="1282:1291"><Text>arthritis</Text><METAMAP>[dsyn]</METAMAP></Token><Token POSTag="-LRB-" globalID="204" id="187" offset="1292:1293"><Text>(</Text></Token><Token POSTag="JJ" globalID="205" id="188" offset="1293:1302"><Text>preferred</Text></Token><Token POSTag="NN" globalID="206" id="189" offset="1303:1307"><Text>term</Text></Token><Token POSTag=":" globalID="207" id="190" offset="1307:1308"><Text>:</Text></Token><Token POSTag="NN" globalID="208" id="191" offset="1309:1318"><Text>arthritis</Text><METAMAP>[dsyn]</METAMAP></Token><Token POSTag="-RRB-" globalID="209" id="192" offset="1318:1319"><Text>)</Text></Token><Token POSTag="CC" globalID="210" id="193" offset="1320:1323"><Text>and</Text></Token><Token POSTag="PRP$" globalID="211" id="194" offset="1324:1327"><Text>her</Text></Token><Token POSTag="NN" globalID="212" id="195" offset="1328:1337"><Text>condition</Text><METAMAP>[dsyn]</METAMAP></Token><Token POSTag="VBD" globalID="213" id="196" offset="1338:1348"><Text>aggravated</Text></Token><Token POSTag="-LRB-" globalID="214" id="197" offset="1349:1350"><Text>(</Text></Token><Token POSTag="JJ" globalID="215" id="198" offset="1350:1359"><Text>preferred</Text></Token><Token POSTag="NN" globalID="216" id="199" offset="1360:1364"><Text>term</Text></Token><Token POSTag=":" globalID="217" id="200" offset="1364:1365"><Text>:</Text></Token><Token POSTag="NN" globalID="218" id="201" offset="1366:1375"><Text>condition</Text><METAMAP>[dsyn]</METAMAP></Token><Token POSTag="VBD" globalID="219" id="202" offset="1376:1386"><Text>aggravated</Text></Token><Token POSTag="-RRB-" globalID="220" id="203" offset="1386:1387"><Text>)</Text></Token><Token POSTag="." globalID="221" id="204" offset="1387:1388"><Text>.</Text></Token></Tokens><ParseTree>(S1 (S (S (NP (DT A) (JJ spontaneous) (NN report)) (VP (VBD was) (VP (VBN received) (PP (IN from) (NP (NP (DT a) (NN Health) (NN canada) (IN via) (NN Health) (NN professional)) (VP (VBG concerning) (NP (DT a) (JJ Female) (NN patient)))))))) (. .)))</ParseTree></Sentence><Sentence id="2" offset="1389:1797"><Text>Patient also had coronary artery occlusion (preferred term: coronary artery occlusion).Action taken with all suspect drugs were unknown.The outcome of the event of arthritis, condition aggravated and coronary artery occlusion were unknown.The reporter has assessed the events of arthritis, condition aggravated and coronary artery occlusion to be serious with seriousness criteria of important medical event.</Text><Tokens Count="62"><Token POSTag="NN" globalID="222" id="0" offset="1389:1396"><Text>Patient</Text></Token><Token POSTag="RB" globalID="223" id="1" offset="1397:1401"><Text>also</Text></Token><Token POSTag="VBD" globalID="224" id="2" offset="1402:1405"><Text>had</Text></Token><Token POSTag="JJ" globalID="225" id="3" offset="1406:1414"><Text>coronary</Text><METAMAP>[dsyn]</METAMAP></Token><Token POSTag="NN" globalID="226" id="4" offset="1415:1421"><Text>artery</Text><METAMAP>[dsyn]</METAMAP></Token><Token POSTag="NN" globalID="227" id="5" offset="1422:1431"><Text>occlusion</Text><METAMAP>[dsyn]</METAMAP></Token><Token POSTag="-LRB-" globalID="228" id="6" offset="1432:1433"><Text>(</Text></Token><Token POSTag="JJ" globalID="229" id="7" offset="1433:1442"><Text>preferred</Text></Token><Token POSTag="NN" globalID="230" id="8" offset="1443:1447"><Text>term</Text></Token><Token POSTag=":" globalID="231" id="9" offset="1447:1448"><Text>:</Text></Token><Token POSTag="JJ" globalID="232" id="10" offset="1449:1457"><Text>coronary</Text><METAMAP>[dsyn]</METAMAP></Token><Token POSTag="NN" globalID="233" id="11" offset="1458:1464"><Text>artery</Text><METAMAP>[dsyn]</METAMAP></Token><Token POSTag="NN" globalID="234" id="12" offset="1465:1474"><Text>occlusion</Text><METAMAP>[dsyn]</METAMAP></Token><Token POSTag="-RRB-" globalID="235" id="13" offset="1474:1475"><Text>)</Text></Token><Token POSTag="NN" globalID="236" id="14" offset="1475:1482"><Text>.Action</Text></Token><Token POSTag="VBN" globalID="237" id="15" offset="1483:1488"><Text>taken</Text></Token><Token POSTag="IN" globalID="238" id="16" offset="1489:1493"><Text>with</Text></Token><Token POSTag="DT" globalID="239" id="17" offset="1494:1497"><Text>all</Text></Token><Token POSTag="NN" globalID="240" id="18" offset="1498:1505"><Text>suspect</Text></Token><Token POSTag="NNS" globalID="241" id="19" offset="1506:1511"><Text>drugs</Text><METAMAP>[phsu]</METAMAP></Token><Token POSTag="VBD" globalID="242" id="20" offset="1512:1516"><Text>were</Text></Token><Token POSTag="NN" globalID="243" id="21" offset="1517:1528"><Text>unknown.The</Text></Token><Token POSTag="NN" globalID="244" id="22" offset="1529:1536"><Text>outcome</Text></Token><Token POSTag="IN" globalID="245" id="23" offset="1537:1539"><Text>of</Text></Token><Token POSTag="DT" globalID="246" id="24" offset="1540:1543"><Text>the</Text></Token><Token POSTag="NN" globalID="247" id="25" offset="1544:1549"><Text>event</Text></Token><Token POSTag="IN" globalID="248" id="26" offset="1550:1552"><Text>of</Text></Token><Token POSTag="NN" globalID="249" id="27" offset="1553:1562"><Text>arthritis</Text><METAMAP>[dsyn]</METAMAP></Token><Token POSTag="," globalID="250" id="28" offset="1562:1563"><Text>,</Text></Token><Token POSTag="NN" globalID="251" id="29" offset="1564:1573"><Text>condition</Text><METAMAP>[dsyn]</METAMAP></Token><Token POSTag="VBN" globalID="252" id="30" offset="1574:1584"><Text>aggravated</Text></Token><Token POSTag="CC" globalID="253" id="31" offset="1585:1588"><Text>and</Text></Token><Token POSTag="JJ" globalID="254" id="32" offset="1589:1597"><Text>coronary</Text><METAMAP>[dsyn]</METAMAP></Token><Token POSTag="NN" globalID="255" id="33" offset="1598:1604"><Text>artery</Text><METAMAP>[dsyn]</METAMAP></Token><Token POSTag="NN" globalID="256" id="34" offset="1605:1614"><Text>occlusion</Text><METAMAP>[dsyn]</METAMAP></Token><Token POSTag="VBD" globalID="257" id="35" offset="1615:1619"><Text>were</Text></Token><Token POSTag="VBG" globalID="258" id="36" offset="1620:1631"><Text>unknown.The</Text></Token><Token POSTag="NN" globalID="259" id="37" offset="1632:1640"><Text>reporter</Text></Token><Token POSTag="VBZ" globalID="260" id="38" offset="1641:1644"><Text>has</Text></Token><Token POSTag="VBN" globalID="261" id="39" offset="1645:1653"><Text>assessed</Text></Token><Token POSTag="DT" globalID="262" id="40" offset="1654:1657"><Text>the</Text></Token><Token POSTag="NNS" globalID="263" id="41" offset="1658:1664"><Text>events</Text></Token><Token POSTag="IN" globalID="264" id="42" offset="1665:1667"><Text>of</Text></Token><Token POSTag="NN" globalID="265" id="43" offset="1668:1677"><Text>arthritis</Text><METAMAP>[dsyn]</METAMAP></Token><Token POSTag="," globalID="266" id="44" offset="1677:1678"><Text>,</Text></Token><Token POSTag="NN" globalID="267" id="45" offset="1679:1688"><Text>condition</Text><METAMAP>[dsyn]</METAMAP></Token><Token POSTag="VBN" globalID="268" id="46" offset="1689:1699"><Text>aggravated</Text></Token><Token POSTag="CC" globalID="269" id="47" offset="1700:1703"><Text>and</Text></Token><Token POSTag="JJ" globalID="270" id="48" offset="1704:1712"><Text>coronary</Text><METAMAP>[dsyn]</METAMAP></Token><Token POSTag="NN" globalID="271" id="49" offset="1713:1719"><Text>artery</Text><METAMAP>[dsyn]</METAMAP></Token><Token POSTag="NN" globalID="272" id="50" offset="1720:1729"><Text>occlusion</Text><METAMAP>[dsyn]</METAMAP></Token><Token POSTag="TO" globalID="273" id="51" offset="1730:1732"><Text>to</Text></Token><Token POSTag="VB" globalID="274" id="52" offset="1733:1735"><Text>be</Text></Token><Token POSTag="JJ" globalID="275" id="53" offset="1736:1743"><Text>serious</Text></Token><Token POSTag="IN" globalID="276" id="54" offset="1744:1748"><Text>with</Text></Token><Token POSTag="NNS" globalID="277" id="55" offset="1749:1760"><Text>seriousness</Text></Token><Token POSTag="NNS" globalID="278" id="56" offset="1761:1769"><Text>criteria</Text></Token><Token POSTag="IN" globalID="279" id="57" offset="1770:1772"><Text>of</Text></Token><Token POSTag="JJ" globalID="280" id="58" offset="1773:1782"><Text>important</Text></Token><Token POSTag="JJ" globalID="281" id="59" offset="1783:1790"><Text>medical</Text></Token><Token POSTag="NN" globalID="282" id="60" offset="1791:1796"><Text>event</Text></Token><Token POSTag="." globalID="283" id="61" offset="1796:1797"><Text>.</Text></Token></Tokens><ParseTree>(S1 (S (S (NP (DT A) (JJ spontaneous) (NN report)) (VP (VBD was) (VP (VBN received) (PP (IN from) (NP (NP (DT a) (NN Health) (NN canada) (IN via) (NN Health) (NN professional)) (VP (VBG concerning) (NP (DT a) (JJ Female) (NN patient)))))))) (. .)))</ParseTree></Sentence></Sentences></Paragraph></Paragraphs></StartOutput>