<StartOutput><Paragraphs Count="4"><Paragraph id="0"><Sentences Count="1"><Sentence id="0" offset="0:126"><Text>This spontaneous report from a patient concerns a 71-year-old Caucasian female from the United States: Local ID: 1-1878275180.</Text><Tokens Count="21"><Token POSTag="DT" globalID="0" id="0" offset="0:4"><Text>This</Text></Token><Token POSTag="JJ" globalID="1" id="1" offset="5:16"><Text>spontaneous</Text></Token><Token POSTag="NN" globalID="2" id="2" offset="17:23"><Text>report</Text></Token><Token POSTag="IN" globalID="3" id="3" offset="24:28"><Text>from</Text></Token><Token POSTag="DT" globalID="4" id="4" offset="29:30"><Text>a</Text></Token><Token POSTag="NN" globalID="5" id="5" offset="31:38"><Text>patient</Text></Token><Token POSTag="VBZ" globalID="6" id="6" offset="39:47"><Text>concerns</Text></Token><Token POSTag="DT" globalID="7" id="7" offset="48:49"><Text>a</Text></Token><Token POSTag="JJ" globalID="8" id="8" offset="50:61"><Text>71-year-old</Text></Token><Token POSTag="NN" globalID="9" id="9" offset="62:71"><Text>Caucasian</Text></Token><Token POSTag="NN" globalID="10" id="10" offset="72:78"><Text>female</Text></Token><Token POSTag="IN" globalID="11" id="11" offset="79:83"><Text>from</Text></Token><Token POSTag="DT" globalID="12" id="12" offset="84:87"><Text>the</Text></Token><Token POSTag="JJ" globalID="13" id="13" offset="88:94"><Text>United</Text></Token><Token POSTag="NNS" globalID="14" id="14" offset="95:101"><Text>States</Text></Token><Token POSTag=":" globalID="15" id="15" offset="101:102"><Text>:</Text></Token><Token POSTag="JJ" globalID="16" id="16" offset="103:108"><Text>Local</Text></Token><Token POSTag="NN" globalID="17" id="17" offset="109:111"><Text>ID</Text></Token><Token POSTag=":" globalID="18" id="18" offset="111:112"><Text>:</Text></Token><Token POSTag="CD" globalID="19" id="19" offset="113:125"><Text>1-1878275180</Text></Token><Token POSTag="." globalID="20" id="20" offset="125:126"><Text>.</Text></Token></Tokens><ParseTree>(S1 (S (S (NP (NP (DT This) (JJ spontaneous) (NN report)) (PP (IN from) (NP (DT a) (NN patient)))) (VP (VBZ concerns) (NP (NP (DT a) (JJ 71-year-old) (NN Caucasian) (NN female)) (PP (IN from) (NP (NP (DT the) (JJ United) (NNS States)) (: :) (NP (JJ Local) (NN ID)) (: :) (NP (CD 1-1878275180))))))) (. .)))</ParseTree></Sentence></Sentences></Paragraph><Paragraph id="1"><Sentences Count="14"><Sentence id="0" offset="128:191"><Text>The patient's weight was 160 pounds and height was 67.5 inches.</Text><Tokens Count="13"><Token POSTag="DT" globalID="21" id="0" offset="128:131"><Text>The</Text></Token><Token POSTag="NN" globalID="22" id="1" offset="132:139"><Text>patient</Text></Token><Token POSTag="POS" globalID="23" id="2" offset="139:141"><Text>'s</Text></Token><Token POSTag="NN" globalID="24" id="3" offset="142:148"><Text>weight</Text></Token><Token POSTag="VBD" globalID="25" id="4" offset="149:152"><Text>was</Text></Token><Token POSTag="CD" globalID="26" id="5" offset="153:156"><Text>160</Text></Token><Token POSTag="NNS" globalID="27" id="6" offset="157:163"><Text>pounds</Text></Token><Token POSTag="CC" globalID="28" id="7" offset="164:167"><Text>and</Text></Token><Token POSTag="NN" globalID="29" id="8" offset="168:174"><Text>height</Text></Token><Token POSTag="VBD" globalID="30" id="9" offset="175:178"><Text>was</Text></Token><Token POSTag="CD" globalID="31" id="10" offset="179:183"><Text>67.5</Text></Token><Token POSTag="NNS" globalID="32" id="11" offset="184:190"><Text>inches</Text></Token><Token POSTag="." globalID="33" id="12" offset="190:191"><Text>.</Text></Token></Tokens><ParseTree>(S1 (S (S (NP (NP (DT This) (JJ spontaneous) (NN report)) (PP (IN from) (NP (DT a) (NN patient)))) (VP (VBZ concerns) (NP (NP (DT a) (JJ 71-year-old) (NN Caucasian) (NN female)) (PP (IN from) (NP (NP (DT the) (JJ United) (NNS States)) (: :) (NP (JJ Local) (NN ID)) (: :) (NP (CD 1-1878275180))))))) (. .)))</ParseTree></Sentence><Sentence id="1" offset="193:415"><Text>Concurrent conditions included abdominal bloating, abdominal gas, abdominal pain, allergy to trees, belching (abdominal), diabetic paresis (coded as diabetic gastroparesis), no alcohol use, no smoking, and type 2 diabetes.</Text><Tokens Count="42"><Token POSTag="JJ" globalID="34" id="0" offset="193:203"><Text>Concurrent</Text></Token><Token POSTag="NNS" globalID="35" id="1" offset="204:214"><Text>conditions</Text></Token><Token POSTag="VBD" globalID="36" id="2" offset="215:223"><Text>included</Text></Token><Token POSTag="JJ" globalID="37" id="3" offset="224:233"><Text>abdominal</Text></Token><Token POSTag="NN" globalID="38" id="4" offset="234:242"><Text>bloating</Text></Token><Token POSTag="," globalID="39" id="5" offset="242:243"><Text>,</Text></Token><Token POSTag="JJ" globalID="40" id="6" offset="244:253"><Text>abdominal</Text></Token><Token POSTag="NN" globalID="41" id="7" offset="254:257"><Text>gas</Text></Token><Token POSTag="," globalID="42" id="8" offset="257:258"><Text>,</Text></Token><Token POSTag="JJ" globalID="43" id="9" offset="259:268"><Text>abdominal</Text></Token><Token POSTag="NN" globalID="44" id="10" offset="269:273"><Text>pain</Text></Token><Token POSTag="," globalID="45" id="11" offset="273:274"><Text>,</Text></Token><Token POSTag="NN" globalID="46" id="12" offset="275:282"><Text>allergy</Text></Token><Token POSTag="TO" globalID="47" id="13" offset="283:285"><Text>to</Text></Token><Token POSTag="NNS" globalID="48" id="14" offset="286:291"><Text>trees</Text></Token><Token POSTag="," globalID="49" id="15" offset="291:292"><Text>,</Text></Token><Token POSTag="NN" globalID="50" id="16" offset="293:301"><Text>belching</Text></Token><Token POSTag="-LRB-" globalID="51" id="17" offset="302:303"><Text>(</Text></Token><Token POSTag="JJ" globalID="52" id="18" offset="303:312"><Text>abdominal</Text></Token><Token POSTag="-RRB-" globalID="53" id="19" offset="312:313"><Text>)</Text></Token><Token POSTag="," globalID="54" id="20" offset="313:314"><Text>,</Text></Token><Token POSTag="JJ" globalID="55" id="21" offset="315:323"><Text>diabetic</Text></Token><Token POSTag="NN" globalID="56" id="22" offset="324:331"><Text>paresis</Text></Token><Token POSTag="-LRB-" globalID="57" id="23" offset="332:333"><Text>(</Text></Token><Token POSTag="VBN" globalID="58" id="24" offset="333:338"><Text>coded</Text></Token><Token POSTag="IN" globalID="59" id="25" offset="339:341"><Text>as</Text></Token><Token POSTag="JJ" globalID="60" id="26" offset="342:350"><Text>diabetic</Text></Token><Token POSTag="NN" globalID="61" id="27" offset="351:364"><Text>gastroparesis</Text></Token><Token POSTag="-RRB-" globalID="62" id="28" offset="364:365"><Text>)</Text></Token><Token POSTag="," globalID="63" id="29" offset="365:366"><Text>,</Text></Token><Token POSTag="DT" globalID="64" id="30" offset="367:369"><Text>no</Text></Token><Token POSTag="NN" globalID="65" id="31" offset="370:377"><Text>alcohol</Text></Token><Token POSTag="NN" globalID="66" id="32" offset="378:381"><Text>use</Text></Token><Token POSTag="," globalID="67" id="33" offset="381:382"><Text>,</Text></Token><Token POSTag="NN" globalID="68" id="34" offset="383:385"><Text>no</Text></Token><Token POSTag="NN" globalID="69" id="35" offset="386:393"><Text>smoking</Text></Token><Token POSTag="," globalID="70" id="36" offset="393:394"><Text>,</Text></Token><Token POSTag="CC" globalID="71" id="37" offset="395:398"><Text>and</Text></Token><Token POSTag="NN" globalID="72" id="38" offset="399:403"><Text>type</Text></Token><Token POSTag="CD" globalID="73" id="39" offset="404:405"><Text>2</Text></Token><Token POSTag="NNS" globalID="74" id="40" offset="406:414"><Text>diabetes</Text></Token><Token POSTag="." globalID="75" id="41" offset="414:415"><Text>.</Text></Token></Tokens><ParseTree>(S1 (S (S (NP (NP (DT This) (JJ spontaneous) (NN report)) (PP (IN from) (NP (DT a) (NN patient)))) (VP (VBZ concerns) (NP (NP (DT a) (JJ 71-year-old) (NN Caucasian) (NN female)) (PP (IN from) (NP (NP (DT the) (JJ United) (NNS States)) (: :) (NP (JJ Local) (NN ID)) (: :) (NP (CD 1-1878275180))))))) (. .)))</ParseTree></Sentence><Sentence id="2" offset="417:490"><Text>Other medical history included no history of drug abuse/illicit drug use.</Text><Tokens Count="12"><Token POSTag="JJ" globalID="76" id="0" offset="417:422"><Text>Other</Text></Token><Token POSTag="JJ" globalID="77" id="1" offset="423:430"><Text>medical</Text></Token><Token POSTag="NN" globalID="78" id="2" offset="431:438"><Text>history</Text></Token><Token POSTag="VBD" globalID="79" id="3" offset="439:447"><Text>included</Text></Token><Token POSTag="DT" globalID="80" id="4" offset="448:450"><Text>no</Text></Token><Token POSTag="NN" globalID="81" id="5" offset="451:458"><Text>history</Text></Token><Token POSTag="IN" globalID="82" id="6" offset="459:461"><Text>of</Text></Token><Token POSTag="NN" globalID="83" id="7" offset="462:466"><Text>drug</Text></Token><Token POSTag="NN" globalID="84" id="8" offset="467:480"><Text>abuse/illicit</Text></Token><Token POSTag="NN" globalID="85" id="9" offset="481:485"><Text>drug</Text></Token><Token POSTag="NN" globalID="86" id="10" offset="486:489"><Text>use</Text></Token><Token POSTag="." globalID="87" id="11" offset="489:490"><Text>.</Text></Token></Tokens><ParseTree>(S1 (S (S (NP (NP (DT This) (JJ spontaneous) (NN report)) (PP (IN from) (NP (DT a) (NN patient)))) (VP (VBZ concerns) (NP (NP (DT a) (JJ 71-year-old) (NN Caucasian) (NN female)) (PP (IN from) (NP (NP (DT the) (JJ United) (NNS States)) (: :) (NP (JJ Local) (NN ID)) (: :) (NP (CD 1-1878275180))))))) (. .)))</ParseTree></Sentence><Sentence id="3" offset="492:658"><Text>The patient had previously experienced allergy when taking mycins (not otherwise specified or NOS) (antibacterials for systemic use) and sulfa (sulfacetamide sodium).</Text><Tokens Count="29"><Token POSTag="DT" globalID="88" id="0" offset="492:495"><Text>The</Text></Token><Token POSTag="NN" globalID="89" id="1" offset="496:503"><Text>patient</Text></Token><Token POSTag="VBD" globalID="90" id="2" offset="504:507"><Text>had</Text></Token><Token POSTag="RB" globalID="91" id="3" offset="508:518"><Text>previously</Text></Token><Token POSTag="VBN" globalID="92" id="4" offset="519:530"><Text>experienced</Text></Token><Token POSTag="NN" globalID="93" id="5" offset="531:538"><Text>allergy</Text></Token><Token POSTag="WRB" globalID="94" id="6" offset="539:543"><Text>when</Text></Token><Token POSTag="VBG" globalID="95" id="7" offset="544:550"><Text>taking</Text></Token><Token POSTag="NNS" globalID="96" id="8" offset="551:557"><Text>mycins</Text></Token><Token POSTag="-LRB-" globalID="97" id="9" offset="558:559"><Text>(</Text></Token><Token POSTag="RB" globalID="98" id="10" offset="559:562"><Text>not</Text></Token><Token POSTag="RB" globalID="99" id="11" offset="563:572"><Text>otherwise</Text></Token><Token POSTag="VBN" globalID="100" id="12" offset="573:582"><Text>specified</Text></Token><Token POSTag="NN" globalID="101" id="13" offset="583:585"><Text>or</Text></Token><Token POSTag="NN" globalID="102" id="14" offset="586:589"><Text>NOS</Text></Token><Token POSTag="-RRB-" globalID="103" id="15" offset="589:590"><Text>)</Text></Token><Token POSTag="-LRB-" globalID="104" id="16" offset="591:592"><Text>(</Text></Token><Token POSTag="NNS" globalID="105" id="17" offset="592:606"><Text>antibacterials</Text></Token><Token POSTag="IN" globalID="106" id="18" offset="607:610"><Text>for</Text></Token><Token POSTag="JJ" globalID="107" id="19" offset="611:619"><Text>systemic</Text></Token><Token POSTag="NN" globalID="108" id="20" offset="620:623"><Text>use</Text></Token><Token POSTag="-RRB-" globalID="109" id="21" offset="623:624"><Text>)</Text></Token><Token POSTag="CC" globalID="110" id="22" offset="625:628"><Text>and</Text></Token><Token POSTag="NN" globalID="111" id="23" offset="629:634"><Text>sulfa</Text></Token><Token POSTag="-LRB-" globalID="112" id="24" offset="635:636"><Text>(</Text></Token><Token POSTag="NN" globalID="113" id="25" offset="636:649"><Text>sulfacetamide</Text></Token><Token POSTag="NN" globalID="114" id="26" offset="650:656"><Text>sodium</Text></Token><Token POSTag="-RRB-" globalID="115" id="27" offset="656:657"><Text>)</Text></Token><Token POSTag="." globalID="116" id="28" offset="657:658"><Text>.</Text></Token></Tokens><ParseTree>(S1 (S (S (NP (NP (DT This) (JJ spontaneous) (NN report)) (PP (IN from) (NP (DT a) (NN patient)))) (VP (VBZ concerns) (NP (NP (DT a) (JJ 71-year-old) (NN Caucasian) (NN female)) (PP (IN from) (NP (NP (DT the) (JJ United) (NNS States)) (: :) (NP (JJ Local) (NN ID)) (: :) (NP (CD 1-1878275180))))))) (. .)))</ParseTree></Sentence><Sentence id="4" offset="660:936"><Text>The patient was treated with canagliflozin (tablet, oral, batch unknown) 300 mg once a day, initiated on 06-AUG-2014, for type 2 diabetes and domperidone (unspecified, batch unknown) dose and frequency unspecified, initiated on an unspecified date, for diabetic gastroparesis.</Text><Tokens Count="51"><Token POSTag="DT" globalID="117" id="0" offset="660:663"><Text>The</Text></Token><Token POSTag="NN" globalID="118" id="1" offset="664:671"><Text>patient</Text></Token><Token POSTag="VBD" globalID="119" id="2" offset="672:675"><Text>was</Text></Token><Token POSTag="VBN" globalID="120" id="3" offset="676:683"><Text>treated</Text></Token><Token POSTag="IN" globalID="121" id="4" offset="684:688"><Text>with</Text></Token><Token POSTag="NN" globalID="122" id="5" offset="689:702"><Text>canagliflozin</Text></Token><Token POSTag="-LRB-" globalID="123" id="6" offset="703:704"><Text>(</Text></Token><Token POSTag="NN" globalID="124" id="7" offset="704:710"><Text>tablet</Text></Token><Token POSTag="," globalID="125" id="8" offset="710:711"><Text>,</Text></Token><Token POSTag="JJ" globalID="126" id="9" offset="712:716"><Text>oral</Text></Token><Token POSTag="," globalID="127" id="10" offset="716:717"><Text>,</Text></Token><Token POSTag="JJ" globalID="128" id="11" offset="718:723"><Text>batch</Text></Token><Token POSTag="JJ" globalID="129" id="12" offset="724:731"><Text>unknown</Text></Token><Token POSTag="-RRB-" globalID="130" id="13" offset="731:732"><Text>)</Text></Token><Token POSTag="CD" globalID="131" id="14" offset="733:736"><Text>300</Text></Token><Token POSTag="NN" globalID="132" id="15" offset="737:739"><Text>mg</Text></Token><Token POSTag="IN" globalID="133" id="16" offset="740:744"><Text>once</Text></Token><Token POSTag="DT" globalID="134" id="17" offset="745:746"><Text>a</Text></Token><Token POSTag="NN" globalID="135" id="18" offset="747:750"><Text>day</Text></Token><Token POSTag="," globalID="136" id="19" offset="750:751"><Text>,</Text></Token><Token POSTag="VBN" globalID="137" id="20" offset="752:761"><Text>initiated</Text></Token><Token POSTag="IN" globalID="138" id="21" offset="762:764"><Text>on</Text></Token><Token POSTag="NN" globalID="139" id="22" offset="765:776"><Text>06-AUG-2014</Text></Token><Token POSTag="," globalID="140" id="23" offset="776:777"><Text>,</Text></Token><Token POSTag="IN" globalID="141" id="24" offset="778:781"><Text>for</Text></Token><Token POSTag="NN" globalID="142" id="25" offset="782:786"><Text>type</Text></Token><Token POSTag="CD" globalID="143" id="26" offset="787:788"><Text>2</Text></Token><Token POSTag="NNS" globalID="144" id="27" offset="789:797"><Text>diabetes</Text></Token><Token POSTag="CC" globalID="145" id="28" offset="798:801"><Text>and</Text></Token><Token POSTag="NN" globalID="146" id="29" offset="802:813"><Text>domperidone</Text></Token><Token POSTag="-LRB-" globalID="147" id="30" offset="814:815"><Text>(</Text></Token><Token POSTag="JJ" globalID="148" id="31" offset="815:826"><Text>unspecified</Text></Token><Token POSTag="," globalID="149" id="32" offset="826:827"><Text>,</Text></Token><Token POSTag="NN" globalID="150" id="33" offset="828:833"><Text>batch</Text></Token><Token POSTag="JJ" globalID="151" id="34" offset="834:841"><Text>unknown</Text></Token><Token POSTag="-RRB-" globalID="152" id="35" offset="841:842"><Text>)</Text></Token><Token POSTag="NN" globalID="153" id="36" offset="843:847"><Text>dose</Text></Token><Token POSTag="CC" globalID="154" id="37" offset="848:851"><Text>and</Text></Token><Token POSTag="NN" globalID="155" id="38" offset="852:861"><Text>frequency</Text></Token><Token POSTag="NN" globalID="156" id="39" offset="862:873"><Text>unspecified</Text></Token><Token POSTag="," globalID="157" id="40" offset="873:874"><Text>,</Text></Token><Token POSTag="VBN" globalID="158" id="41" offset="875:884"><Text>initiated</Text></Token><Token POSTag="IN" globalID="159" id="42" offset="885:887"><Text>on</Text></Token><Token POSTag="DT" globalID="160" id="43" offset="888:890"><Text>an</Text></Token><Token POSTag="JJ" globalID="161" id="44" offset="891:902"><Text>unspecified</Text></Token><Token POSTag="NN" globalID="162" id="45" offset="903:907"><Text>date</Text></Token><Token POSTag="," globalID="163" id="46" offset="907:908"><Text>,</Text></Token><Token POSTag="IN" globalID="164" id="47" offset="909:912"><Text>for</Text></Token><Token POSTag="JJ" globalID="165" id="48" offset="913:921"><Text>diabetic</Text></Token><Token POSTag="NN" globalID="166" id="49" offset="922:935"><Text>gastroparesis</Text></Token><Token POSTag="." globalID="167" id="50" offset="935:936"><Text>.</Text></Token></Tokens><ParseTree>(S1 (S (S (NP (NP (DT This) (JJ spontaneous) (NN report)) (PP (IN from) (NP (DT a) (NN patient)))) (VP (VBZ concerns) (NP (NP (DT a) (JJ 71-year-old) (NN Caucasian) (NN female)) (PP (IN from) (NP (NP (DT the) (JJ United) (NNS States)) (: :) (NP (JJ Local) (NN ID)) (: :) (NP (CD 1-1878275180))))))) (. .)))</ParseTree></Sentence><Sentence id="5" offset="938:980"><Text>Concomitant medications were not reported.</Text><Tokens Count="6"><Token POSTag="JJ" globalID="168" id="0" offset="938:949"><Text>Concomitant</Text></Token><Token POSTag="NNS" globalID="169" id="1" offset="950:961"><Text>medications</Text></Token><Token POSTag="VBD" globalID="170" id="2" offset="962:966"><Text>were</Text></Token><Token POSTag="RB" globalID="171" id="3" offset="967:970"><Text>not</Text></Token><Token POSTag="VBN" globalID="172" id="4" offset="971:979"><Text>reported</Text></Token><Token POSTag="." globalID="173" id="5" offset="979:980"><Text>.</Text></Token></Tokens><ParseTree>(S1 (S (S (NP (NP (DT This) (JJ spontaneous) (NN report)) (PP (IN from) (NP (DT a) (NN patient)))) (VP (VBZ concerns) (NP (NP (DT a) (JJ 71-year-old) (NN Caucasian) (NN female)) (PP (IN from) (NP (NP (DT the) (JJ United) (NNS States)) (: :) (NP (JJ Local) (NN ID)) (: :) (NP (CD 1-1878275180))))))) (. .)))</ParseTree></Sentence><Sentence id="6" offset="982:1052"><Text>The patient was not initially prescribed 100 mg dose of canagliflozin.</Text><Tokens Count="12"><Token POSTag="DT" globalID="174" id="0" offset="982:985"><Text>The</Text></Token><Token POSTag="NN" globalID="175" id="1" offset="986:993"><Text>patient</Text></Token><Token POSTag="VBD" globalID="176" id="2" offset="994:997"><Text>was</Text></Token><Token POSTag="RB" globalID="177" id="3" offset="998:1001"><Text>not</Text></Token><Token POSTag="RB" globalID="178" id="4" offset="1002:1011"><Text>initially</Text></Token><Token POSTag="VBN" globalID="179" id="5" offset="1012:1022"><Text>prescribed</Text></Token><Token POSTag="CD" globalID="180" id="6" offset="1023:1026"><Text>100</Text></Token><Token POSTag="NN" globalID="181" id="7" offset="1027:1029"><Text>mg</Text></Token><Token POSTag="NN" globalID="182" id="8" offset="1030:1034"><Text>dose</Text></Token><Token POSTag="IN" globalID="183" id="9" offset="1035:1037"><Text>of</Text></Token><Token POSTag="NN" globalID="184" id="10" offset="1038:1051"><Text>canagliflozin</Text></Token><Token POSTag="." globalID="185" id="11" offset="1051:1052"><Text>.</Text></Token></Tokens><ParseTree>(S1 (S (S (NP (NP (DT This) (JJ spontaneous) (NN report)) (PP (IN from) (NP (DT a) (NN patient)))) (VP (VBZ concerns) (NP (NP (DT a) (JJ 71-year-old) (NN Caucasian) (NN female)) (PP (IN from) (NP (NP (DT the) (JJ United) (NNS States)) (: :) (NP (JJ Local) (NN ID)) (: :) (NP (CD 1-1878275180))))))) (. .)))</ParseTree></Sentence><Sentence id="7" offset="1054:1412"><Text>On 06-AUG-2014, the patient experienced "worsening of pre-existing abdominal belching" (coded as increased belching), "worsening of pre-existing abdominal pain" (coded as worsening of abdominal pain), "worsening of pre-existing abdominal gassiness" (coded as very gaseous), and "worsening of pre-existing abdominal bloating" (coded as worsening of bloating).</Text><Tokens Count="66"><Token POSTag="IN" globalID="186" id="0" offset="1054:1056"><Text>On</Text></Token><Token POSTag="NN" globalID="187" id="1" offset="1057:1068"><Text>06-AUG-2014</Text></Token><Token POSTag="," globalID="188" id="2" offset="1068:1069"><Text>,</Text></Token><Token POSTag="DT" globalID="189" id="3" offset="1070:1073"><Text>the</Text></Token><Token POSTag="NN" globalID="190" id="4" offset="1074:1081"><Text>patient</Text></Token><Token POSTag="VBN" globalID="191" id="5" offset="1082:1093"><Text>experienced</Text></Token><Token POSTag="``" globalID="192" id="6" offset="-1:1"><Text>``</Text></Token><Token POSTag="JJ" globalID="193" id="7" offset="-1:8"><Text>worsening</Text></Token><Token POSTag="IN" globalID="194" id="8" offset="-1:1"><Text>of</Text></Token><Token POSTag="JJ" globalID="195" id="9" offset="-1:11"><Text>pre-existing</Text></Token><Token POSTag="JJ" globalID="196" id="10" offset="-1:8"><Text>abdominal</Text></Token><Token POSTag="NN" globalID="197" id="11" offset="-1:7"><Text>belching</Text></Token><Token POSTag="NNS" globalID="198" id="12" offset="-1:1"><Text>''</Text></Token><Token POSTag="-LRB-" globalID="199" id="13" offset="-1:0"><Text>(</Text></Token><Token POSTag="VBN" globalID="200" id="14" offset="-1:4"><Text>coded</Text></Token><Token POSTag="IN" globalID="201" id="15" offset="-1:1"><Text>as</Text></Token><Token POSTag="VBN" globalID="202" id="16" offset="-1:8"><Text>increased</Text></Token><Token POSTag="NN" globalID="203" id="17" offset="-1:7"><Text>belching</Text></Token><Token POSTag="-RRB-" globalID="204" id="18" offset="-1:0"><Text>)</Text></Token><Token POSTag="," globalID="205" id="19" offset="-1:0"><Text>,</Text></Token><Token POSTag="``" globalID="206" id="20" offset="-1:1"><Text>``</Text></Token><Token POSTag="JJ" globalID="207" id="21" offset="-1:8"><Text>worsening</Text></Token><Token POSTag="IN" globalID="208" id="22" offset="-1:1"><Text>of</Text></Token><Token POSTag="JJ" globalID="209" id="23" offset="-1:11"><Text>pre-existing</Text></Token><Token POSTag="JJ" globalID="210" id="24" offset="-1:8"><Text>abdominal</Text></Token><Token POSTag="NN" globalID="211" id="25" offset="-1:3"><Text>pain</Text></Token><Token POSTag="NNS" globalID="212" id="26" offset="-1:1"><Text>''</Text></Token><Token POSTag="-LRB-" globalID="213" id="27" offset="-1:0"><Text>(</Text></Token><Token POSTag="VBN" globalID="214" id="28" offset="-1:4"><Text>coded</Text></Token><Token POSTag="IN" globalID="215" id="29" offset="-1:1"><Text>as</Text></Token><Token POSTag="NN" globalID="216" id="30" offset="-1:8"><Text>worsening</Text></Token><Token POSTag="IN" globalID="217" id="31" offset="-1:1"><Text>of</Text></Token><Token POSTag="JJ" globalID="218" id="32" offset="-1:8"><Text>abdominal</Text></Token><Token POSTag="NN" globalID="219" id="33" offset="-1:3"><Text>pain</Text></Token><Token POSTag="-RRB-" globalID="220" id="34" offset="-1:0"><Text>)</Text></Token><Token POSTag="," globalID="221" id="35" offset="-1:0"><Text>,</Text></Token><Token POSTag="``" globalID="222" id="36" offset="-1:1"><Text>``</Text></Token><Token POSTag="NN" globalID="223" id="37" offset="-1:8"><Text>worsening</Text></Token><Token POSTag="IN" globalID="224" id="38" offset="-1:1"><Text>of</Text></Token><Token POSTag="JJ" globalID="225" id="39" offset="-1:11"><Text>pre-existing</Text></Token><Token POSTag="JJ" globalID="226" id="40" offset="-1:8"><Text>abdominal</Text></Token><Token POSTag="NN" globalID="227" id="41" offset="-1:8"><Text>gassiness</Text></Token><Token POSTag="NNS" globalID="228" id="42" offset="-1:1"><Text>''</Text></Token><Token POSTag="-LRB-" globalID="229" id="43" offset="-1:0"><Text>(</Text></Token><Token POSTag="VBN" globalID="230" id="44" offset="-1:4"><Text>coded</Text></Token><Token POSTag="IN" globalID="231" id="45" offset="-1:1"><Text>as</Text></Token><Token POSTag="RB" globalID="232" id="46" offset="-1:3"><Text>very</Text></Token><Token POSTag="JJ" globalID="233" id="47" offset="-1:6"><Text>gaseous</Text></Token><Token POSTag="-RRB-" globalID="234" id="48" offset="-1:0"><Text>)</Text></Token><Token POSTag="," globalID="235" id="49" offset="-1:0"><Text>,</Text></Token><Token POSTag="CC" globalID="236" id="50" offset="-1:2"><Text>and</Text></Token><Token POSTag="``" globalID="237" id="51" offset="-1:1"><Text>``</Text></Token><Token POSTag="NN" globalID="238" id="52" offset="-1:8"><Text>worsening</Text></Token><Token POSTag="IN" globalID="239" id="53" offset="-1:1"><Text>of</Text></Token><Token POSTag="JJ" globalID="240" id="54" offset="-1:11"><Text>pre-existing</Text></Token><Token POSTag="JJ" globalID="241" id="55" offset="-1:8"><Text>abdominal</Text></Token><Token POSTag="NN" globalID="242" id="56" offset="-1:7"><Text>bloating</Text></Token><Token POSTag="NNS" globalID="243" id="57" offset="-1:1"><Text>''</Text></Token><Token POSTag="-LRB-" globalID="244" id="58" offset="-1:0"><Text>(</Text></Token><Token POSTag="VBN" globalID="245" id="59" offset="-1:4"><Text>coded</Text></Token><Token POSTag="IN" globalID="246" id="60" offset="-1:1"><Text>as</Text></Token><Token POSTag="NN" globalID="247" id="61" offset="-1:8"><Text>worsening</Text></Token><Token POSTag="IN" globalID="248" id="62" offset="-1:1"><Text>of</Text></Token><Token POSTag="NN" globalID="249" id="63" offset="-1:7"><Text>bloating</Text></Token><Token POSTag="-RRB-" globalID="250" id="64" offset="-1:0"><Text>)</Text></Token><Token POSTag="." globalID="251" id="65" offset="-1:0"><Text>.</Text></Token></Tokens><ParseTree>(S1 (S (S (NP (NP (DT This) (JJ spontaneous) (NN report)) (PP (IN from) (NP (DT a) (NN patient)))) (VP (VBZ concerns) (NP (NP (DT a) (JJ 71-year-old) (NN Caucasian) (NN female)) (PP (IN from) (NP (NP (DT the) (JJ United) (NNS States)) (: :) (NP (JJ Local) (NN ID)) (: :) (NP (CD 1-1878275180))))))) (. .)))</ParseTree></Sentence><Sentence id="8" offset="1414:1534"><Text>In AUG-2014, the patient contacted her physician about the events and was prescribed an increased dosage of domperidone.</Text><Tokens Count="20"><Token POSTag="IN" globalID="252" id="0" offset="-1:1"><Text>In</Text></Token><Token POSTag="NN" globalID="253" id="1" offset="-1:7"><Text>AUG-2014</Text></Token><Token POSTag="," globalID="254" id="2" offset="-1:0"><Text>,</Text></Token><Token POSTag="DT" globalID="255" id="3" offset="-1:2"><Text>the</Text></Token><Token POSTag="NN" globalID="256" id="4" offset="-1:6"><Text>patient</Text></Token><Token POSTag="VBD" globalID="257" id="5" offset="-1:8"><Text>contacted</Text></Token><Token POSTag="PRP$" globalID="258" id="6" offset="-1:2"><Text>her</Text></Token><Token POSTag="NN" globalID="259" id="7" offset="-1:8"><Text>physician</Text></Token><Token POSTag="IN" globalID="260" id="8" offset="-1:4"><Text>about</Text></Token><Token POSTag="DT" globalID="261" id="9" offset="-1:2"><Text>the</Text></Token><Token POSTag="NNS" globalID="262" id="10" offset="-1:5"><Text>events</Text></Token><Token POSTag="CC" globalID="263" id="11" offset="-1:2"><Text>and</Text></Token><Token POSTag="VBD" globalID="264" id="12" offset="-1:2"><Text>was</Text></Token><Token POSTag="VBN" globalID="265" id="13" offset="-1:9"><Text>prescribed</Text></Token><Token POSTag="DT" globalID="266" id="14" offset="-1:1"><Text>an</Text></Token><Token POSTag="VBN" globalID="267" id="15" offset="-1:8"><Text>increased</Text></Token><Token POSTag="NN" globalID="268" id="16" offset="-1:5"><Text>dosage</Text></Token><Token POSTag="IN" globalID="269" id="17" offset="-1:1"><Text>of</Text></Token><Token POSTag="NN" globalID="270" id="18" offset="-1:10"><Text>domperidone</Text></Token><Token POSTag="." globalID="271" id="19" offset="-1:0"><Text>.</Text></Token></Tokens><ParseTree>(S1 (S (S (NP (NP (DT This) (JJ spontaneous) (NN report)) (PP (IN from) (NP (DT a) (NN patient)))) (VP (VBZ concerns) (NP (NP (DT a) (JJ 71-year-old) (NN Caucasian) (NN female)) (PP (IN from) (NP (NP (DT the) (JJ United) (NNS States)) (: :) (NP (JJ Local) (NN ID)) (: :) (NP (CD 1-1878275180))))))) (. .)))</ParseTree></Sentence><Sentence id="9" offset="1536:1631"><Text>The patient reported the increased dose of domperidone had not relieved her worsening symptoms.</Text><Tokens Count="15"><Token POSTag="DT" globalID="272" id="0" offset="-1:2"><Text>The</Text></Token><Token POSTag="NN" globalID="273" id="1" offset="-1:6"><Text>patient</Text></Token><Token POSTag="VBD" globalID="274" id="2" offset="-1:7"><Text>reported</Text></Token><Token POSTag="DT" globalID="275" id="3" offset="-1:2"><Text>the</Text></Token><Token POSTag="VBN" globalID="276" id="4" offset="-1:8"><Text>increased</Text></Token><Token POSTag="NN" globalID="277" id="5" offset="-1:3"><Text>dose</Text></Token><Token POSTag="IN" globalID="278" id="6" offset="-1:1"><Text>of</Text></Token><Token POSTag="NN" globalID="279" id="7" offset="-1:10"><Text>domperidone</Text></Token><Token POSTag="VBD" globalID="280" id="8" offset="-1:2"><Text>had</Text></Token><Token POSTag="RB" globalID="281" id="9" offset="-1:2"><Text>not</Text></Token><Token POSTag="VBN" globalID="282" id="10" offset="-1:7"><Text>relieved</Text></Token><Token POSTag="PRP$" globalID="283" id="11" offset="-1:2"><Text>her</Text></Token><Token POSTag="JJ" globalID="284" id="12" offset="-1:8"><Text>worsening</Text></Token><Token POSTag="NNS" globalID="285" id="13" offset="-1:7"><Text>symptoms</Text></Token><Token POSTag="." globalID="286" id="14" offset="-1:0"><Text>.</Text></Token></Tokens><ParseTree>(S1 (S (S (NP (NP (DT This) (JJ spontaneous) (NN report)) (PP (IN from) (NP (DT a) (NN patient)))) (VP (VBZ concerns) (NP (NP (DT a) (JJ 71-year-old) (NN Caucasian) (NN female)) (PP (IN from) (NP (NP (DT the) (JJ United) (NNS States)) (: :) (NP (JJ Local) (NN ID)) (: :) (NP (CD 1-1878275180))))))) (. .)))</ParseTree></Sentence><Sentence id="10" offset="1633:1696"><Text>On 13-AUG-2014, the patient experienced not feeling well today.</Text><Tokens Count="11"><Token POSTag="IN" globalID="287" id="0" offset="-1:1"><Text>On</Text></Token><Token POSTag="NN" globalID="288" id="1" offset="-1:10"><Text>13-AUG-2014</Text></Token><Token POSTag="," globalID="289" id="2" offset="-1:0"><Text>,</Text></Token><Token POSTag="DT" globalID="290" id="3" offset="-1:2"><Text>the</Text></Token><Token POSTag="NN" globalID="291" id="4" offset="-1:6"><Text>patient</Text></Token><Token POSTag="VBN" globalID="292" id="5" offset="-1:10"><Text>experienced</Text></Token><Token POSTag="RB" globalID="293" id="6" offset="-1:2"><Text>not</Text></Token><Token POSTag="NN" globalID="294" id="7" offset="-1:6"><Text>feeling</Text></Token><Token POSTag="RB" globalID="295" id="8" offset="-1:3"><Text>well</Text></Token><Token POSTag="RB" globalID="296" id="9" offset="-1:4"><Text>today</Text></Token><Token POSTag="." globalID="297" id="10" offset="-1:0"><Text>.</Text></Token></Tokens><ParseTree>(S1 (S (S (NP (NP (DT This) (JJ spontaneous) (NN report)) (PP (IN from) (NP (DT a) (NN patient)))) (VP (VBZ concerns) (NP (NP (DT a) (JJ 71-year-old) (NN Caucasian) (NN female)) (PP (IN from) (NP (NP (DT the) (JJ United) (NNS States)) (: :) (NP (JJ Local) (NN ID)) (: :) (NP (CD 1-1878275180))))))) (. .)))</ParseTree></Sentence><Sentence id="11" offset="1698:1735"><Text>No laboratory findings were provided.</Text><Tokens Count="6"><Token POSTag="NN" globalID="298" id="0" offset="-1:1"><Text>No</Text></Token><Token POSTag="NN" globalID="299" id="1" offset="-1:9"><Text>laboratory</Text></Token><Token POSTag="NNS" globalID="300" id="2" offset="-1:7"><Text>findings</Text></Token><Token POSTag="VBD" globalID="301" id="3" offset="-1:3"><Text>were</Text></Token><Token POSTag="VBN" globalID="302" id="4" offset="-1:7"><Text>provided</Text></Token><Token POSTag="." globalID="303" id="5" offset="-1:0"><Text>.</Text></Token></Tokens><ParseTree>(S1 (S (S (NP (NP (DT This) (JJ spontaneous) (NN report)) (PP (IN from) (NP (DT a) (NN patient)))) (VP (VBZ concerns) (NP (NP (DT a) (JJ 71-year-old) (NN Caucasian) (NN female)) (PP (IN from) (NP (NP (DT the) (JJ United) (NNS States)) (: :) (NP (JJ Local) (NN ID)) (: :) (NP (CD 1-1878275180))))))) (. .)))</ParseTree></Sentence><Sentence id="12" offset="1737:1821"><Text>The dose of domperidone was increased and the dose of canagliflozin was not changed.</Text><Tokens Count="15"><Token POSTag="DT" globalID="304" id="0" offset="-1:2"><Text>The</Text></Token><Token POSTag="NN" globalID="305" id="1" offset="-1:3"><Text>dose</Text></Token><Token POSTag="IN" globalID="306" id="2" offset="-1:1"><Text>of</Text></Token><Token POSTag="NN" globalID="307" id="3" offset="-1:10"><Text>domperidone</Text></Token><Token POSTag="VBD" globalID="308" id="4" offset="-1:2"><Text>was</Text></Token><Token POSTag="VBN" globalID="309" id="5" offset="-1:8"><Text>increased</Text></Token><Token POSTag="CC" globalID="310" id="6" offset="-1:2"><Text>and</Text></Token><Token POSTag="DT" globalID="311" id="7" offset="-1:2"><Text>the</Text></Token><Token POSTag="NN" globalID="312" id="8" offset="-1:3"><Text>dose</Text></Token><Token POSTag="IN" globalID="313" id="9" offset="-1:1"><Text>of</Text></Token><Token POSTag="NN" globalID="314" id="10" offset="-1:12"><Text>canagliflozin</Text></Token><Token POSTag="VBD" globalID="315" id="11" offset="-1:2"><Text>was</Text></Token><Token POSTag="RB" globalID="316" id="12" offset="-1:2"><Text>not</Text></Token><Token POSTag="VBN" globalID="317" id="13" offset="-1:6"><Text>changed</Text></Token><Token POSTag="." globalID="318" id="14" offset="-1:0"><Text>.</Text></Token></Tokens><ParseTree>(S1 (S (S (NP (NP (DT This) (JJ spontaneous) (NN report)) (PP (IN from) (NP (DT a) (NN patient)))) (VP (VBZ concerns) (NP (NP (DT a) (JJ 71-year-old) (NN Caucasian) (NN female)) (PP (IN from) (NP (NP (DT the) (JJ United) (NNS States)) (: :) (NP (JJ Local) (NN ID)) (: :) (NP (CD 1-1878275180))))))) (. .)))</ParseTree></Sentence><Sentence id="13" offset="1823:1972"><Text>The patient had not recovered from increased belching, worsening of abdominal pain, very gaseous, worsening of bloating, and not feeling well today. </Text><Tokens Count="27"><Token POSTag="DT" globalID="319" id="0" offset="-1:2"><Text>The</Text></Token><Token POSTag="NN" globalID="320" id="1" offset="-1:6"><Text>patient</Text></Token><Token POSTag="VBD" globalID="321" id="2" offset="-1:2"><Text>had</Text></Token><Token POSTag="RB" globalID="322" id="3" offset="-1:2"><Text>not</Text></Token><Token POSTag="VBN" globalID="323" id="4" offset="-1:8"><Text>recovered</Text></Token><Token POSTag="IN" globalID="324" id="5" offset="-1:3"><Text>from</Text></Token><Token POSTag="VBN" globalID="325" id="6" offset="-1:8"><Text>increased</Text></Token><Token POSTag="JJ" globalID="326" id="7" offset="-1:7"><Text>belching</Text></Token><Token POSTag="," globalID="327" id="8" offset="-1:0"><Text>,</Text></Token><Token POSTag="NN" globalID="328" id="9" offset="-1:8"><Text>worsening</Text></Token><Token POSTag="IN" globalID="329" id="10" offset="-1:1"><Text>of</Text></Token><Token POSTag="JJ" globalID="330" id="11" offset="-1:8"><Text>abdominal</Text></Token><Token POSTag="NN" globalID="331" id="12" offset="-1:3"><Text>pain</Text></Token><Token POSTag="," globalID="332" id="13" offset="-1:0"><Text>,</Text></Token><Token POSTag="RB" globalID="333" id="14" offset="-1:3"><Text>very</Text></Token><Token POSTag="JJ" globalID="334" id="15" offset="-1:6"><Text>gaseous</Text></Token><Token POSTag="," globalID="335" id="16" offset="-1:0"><Text>,</Text></Token><Token POSTag="JJ" globalID="336" id="17" offset="-1:8"><Text>worsening</Text></Token><Token POSTag="IN" globalID="337" id="18" offset="-1:1"><Text>of</Text></Token><Token POSTag="NN" globalID="338" id="19" offset="-1:7"><Text>bloating</Text></Token><Token POSTag="," globalID="339" id="20" offset="-1:0"><Text>,</Text></Token><Token POSTag="CC" globalID="340" id="21" offset="-1:2"><Text>and</Text></Token><Token POSTag="RB" globalID="341" id="22" offset="-1:2"><Text>not</Text></Token><Token POSTag="JJ" globalID="342" id="23" offset="-1:6"><Text>feeling</Text></Token><Token POSTag="NN" globalID="343" id="24" offset="-1:3"><Text>well</Text></Token><Token POSTag="NN" globalID="344" id="25" offset="-1:4"><Text>today</Text></Token><Token POSTag="." globalID="345" id="26" offset="-1:0"><Text>.</Text></Token></Tokens><ParseTree>(S1 (S (S (NP (NP (DT This) (JJ spontaneous) (NN report)) (PP (IN from) (NP (DT a) (NN patient)))) (VP (VBZ concerns) (NP (NP (DT a) (JJ 71-year-old) (NN Caucasian) (NN female)) (PP (IN from) (NP (NP (DT the) (JJ United) (NNS States)) (: :) (NP (JJ Local) (NN ID)) (: :) (NP (CD 1-1878275180))))))) (. .)))</ParseTree></Sentence></Sentences></Paragraph><Paragraph id="2"><Sentences Count="1"><Sentence id="0" offset="1974:2087"><Text>This report was identified by the call center as a product quality complaint:  PQMS reference number 10000228235.</Text><Tokens Count="19"><Token POSTag="DT" globalID="346" id="0" offset="-1:3"><Text>This</Text></Token><Token POSTag="NN" globalID="347" id="1" offset="-1:5"><Text>report</Text></Token><Token POSTag="VBD" globalID="348" id="2" offset="-1:2"><Text>was</Text></Token><Token POSTag="VBN" globalID="349" id="3" offset="-1:9"><Text>identified</Text></Token><Token POSTag="IN" globalID="350" id="4" offset="-1:1"><Text>by</Text></Token><Token POSTag="DT" globalID="351" id="5" offset="-1:2"><Text>the</Text></Token><Token POSTag="NN" globalID="352" id="6" offset="-1:3"><Text>call</Text></Token><Token POSTag="NN" globalID="353" id="7" offset="-1:5"><Text>center</Text></Token><Token POSTag="IN" globalID="354" id="8" offset="-1:1"><Text>as</Text></Token><Token POSTag="DT" globalID="355" id="9" offset="-1:0"><Text>a</Text></Token><Token POSTag="NN" globalID="356" id="10" offset="-1:6"><Text>product</Text></Token><Token POSTag="NN" globalID="357" id="11" offset="-1:6"><Text>quality</Text></Token><Token POSTag="NN" globalID="358" id="12" offset="-1:8"><Text>complaint</Text></Token><Token POSTag=":" globalID="359" id="13" offset="-1:0"><Text>:</Text></Token><Token POSTag="NN" globalID="360" id="14" offset="-1:3"><Text>PQMS</Text></Token><Token POSTag="NN" globalID="361" id="15" offset="-1:8"><Text>reference</Text></Token><Token POSTag="NN" globalID="362" id="16" offset="-1:5"><Text>number</Text></Token><Token POSTag="CD" globalID="363" id="17" offset="-1:10"><Text>10000228235</Text></Token><Token POSTag="." globalID="364" id="18" offset="-1:0"><Text>.</Text></Token></Tokens><ParseTree>(S1 (S (S (NP (NP (DT This) (JJ spontaneous) (NN report)) (PP (IN from) (NP (DT a) (NN patient)))) (VP (VBZ concerns) (NP (NP (DT a) (JJ 71-year-old) (NN Caucasian) (NN female)) (PP (IN from) (NP (NP (DT the) (JJ United) (NNS States)) (: :) (NP (JJ Local) (NN ID)) (: :) (NP (CD 1-1878275180))))))) (. .)))</ParseTree></Sentence></Sentences></Paragraph><Paragraph id="3"><Sentences Count="1"><Sentence id="0" offset="2089:2117"><Text>This report was not serious.</Text><Tokens Count="6"><Token POSTag="DT" globalID="365" id="0" offset="-1:3"><Text>This</Text></Token><Token POSTag="NN" globalID="366" id="1" offset="-1:5"><Text>report</Text></Token><Token POSTag="VBD" globalID="367" id="2" offset="-1:2"><Text>was</Text></Token><Token POSTag="RB" globalID="368" id="3" offset="-1:2"><Text>not</Text></Token><Token POSTag="JJ" globalID="369" id="4" offset="-1:6"><Text>serious</Text></Token><Token POSTag="." globalID="370" id="5" offset="-1:0"><Text>.</Text></Token></Tokens><ParseTree>(S1 (S (S (NP (NP (DT This) (JJ spontaneous) (NN report)) (PP (IN from) (NP (DT a) (NN patient)))) (VP (VBZ concerns) (NP (NP (DT a) (JJ 71-year-old) (NN Caucasian) (NN female)) (PP (IN from) (NP (NP (DT the) (JJ United) (NNS States)) (: :) (NP (JJ Local) (NN ID)) (: :) (NP (CD 1-1878275180))))))) (. .)))</ParseTree></Sentence></Sentences></Paragraph></Paragraphs></StartOutput>