<StartOutput><Paragraphs Count="1"><Paragraph id="0"><Sentences Count="4"><Sentence id="0" offset="0:164"><Text>The patient is an 80-year-old white female 152.3lb with history of atrial fibrillation, on Coumadin, who presented as outpatient, complaining of increasing fatigue.</Text><Tokens Count="27"><Token POSTag="DT" globalID="0" id="0" offset="0:3"><Text>The</Text></Token><Token POSTag="NN" globalID="1" id="1" offset="4:11"><Text>patient</Text></Token><Token POSTag="VBZ" globalID="2" id="2" offset="12:14"><Text>is</Text></Token><Token POSTag="DT" globalID="3" id="3" offset="15:17"><Text>an</Text><METAMAP>[orch,phsu]</METAMAP></Token><Token POSTag="JJ" globalID="4" id="4" offset="18:29"><Text>80-year-old</Text></Token><Token POSTag="JJ" globalID="5" id="5" offset="30:35"><Text>white</Text></Token><Token POSTag="NN" globalID="6" id="6" offset="36:42"><Text>female</Text></Token><Token POSTag="NN" globalID="7" id="7" offset="43:50"><Text>152.3lb</Text><METAMAP>[orch,phsu]</METAMAP></Token><Token POSTag="IN" globalID="8" id="8" offset="51:55"><Text>with</Text></Token><Token POSTag="NN" globalID="9" id="9" offset="56:63"><Text>history</Text></Token><Token POSTag="IN" globalID="10" id="10" offset="64:66"><Text>of</Text></Token><Token POSTag="JJ" globalID="11" id="11" offset="67:73"><Text>atrial</Text></Token><Token POSTag="NN" globalID="12" id="12" offset="74:86"><Text>fibrillation</Text></Token><Token POSTag="," globalID="13" id="13" offset="86:87"><Text>,</Text></Token><Token POSTag="IN" globalID="14" id="14" offset="88:90"><Text>on</Text></Token><Token POSTag="NN" globalID="15" id="15" offset="91:99"><Text>Coumadin</Text><METAMAP>[orch,phsu]</METAMAP></Token><Token POSTag="," globalID="16" id="16" offset="99:100"><Text>,</Text></Token><Token POSTag="WP" globalID="17" id="17" offset="101:104"><Text>who</Text></Token><Token POSTag="VBD" globalID="18" id="18" offset="105:114"><Text>presented</Text></Token><Token POSTag="IN" globalID="19" id="19" offset="115:117"><Text>as</Text></Token><Token POSTag="JJ" globalID="20" id="20" offset="118:128"><Text>outpatient</Text></Token><Token POSTag="," globalID="21" id="21" offset="128:129"><Text>,</Text></Token><Token POSTag="VBG" globalID="22" id="22" offset="130:141"><Text>complaining</Text></Token><Token POSTag="IN" globalID="23" id="23" offset="142:144"><Text>of</Text></Token><Token POSTag="VBG" globalID="24" id="24" offset="145:155"><Text>increasing</Text></Token><Token POSTag="NN" globalID="25" id="25" offset="156:163"><Text>fatigue</Text><METAMAP>[sosy]</METAMAP></Token><Token POSTag="." globalID="26" id="26" offset="163:164"><Text>.</Text></Token></Tokens><ParseTree>(S1 (S (S (NP (DT The) (NN patient)) (VP (VBZ is) (NP (NP (DT an) (JJ 80-year-old) (JJ white) (NN female) (NN 152.3lb)) (PP (IN with) (NP (NP (NN history)) (PP (IN of) (NP (JJ atrial) (NN fibrillation)))))) (, ,) (PP (IN on) (NP (NP (NN Coumadin)) (, ,) (SBAR (WHNP (WP who)) (S (VP (VBD presented) (PP (IN as) (NP (NP (JJ outpatient)) (, ,) (VP (VBG complaining) (PP (IN of) (S (VP (VBG increasing) (NP (NN fatigue))))))))))))))) (. .)))</ParseTree></Sentence><Sentence id="1" offset="165:251"><Text>Current medications include Feosol 325 mg daily, KCl 20 mEq daily, Lasix 40 mg b.i.d..</Text><Tokens Count="17"><Token POSTag="JJ" globalID="27" id="0" offset="165:172"><Text>Current</Text></Token><Token POSTag="NNS" globalID="28" id="1" offset="173:184"><Text>medications</Text></Token><Token POSTag="VBP" globalID="29" id="2" offset="185:192"><Text>include</Text></Token><Token POSTag="NN" globalID="30" id="3" offset="193:199"><Text>Feosol</Text></Token><Token POSTag="CD" globalID="31" id="4" offset="200:203"><Text>325</Text></Token><Token POSTag="NN" globalID="32" id="5" offset="204:206"><Text>mg</Text></Token><Token POSTag="RB" globalID="33" id="6" offset="207:212"><Text>daily</Text></Token><Token POSTag="," globalID="34" id="7" offset="212:213"><Text>,</Text></Token><Token POSTag="NN" globalID="35" id="8" offset="214:217"><Text>KCl</Text></Token><Token POSTag="CD" globalID="36" id="9" offset="218:220"><Text>20</Text></Token><Token POSTag="NN" globalID="37" id="10" offset="221:224"><Text>mEq</Text></Token><Token POSTag="RB" globalID="38" id="11" offset="225:230"><Text>daily</Text></Token><Token POSTag="," globalID="39" id="12" offset="230:231"><Text>,</Text></Token><Token POSTag="NN" globalID="40" id="13" offset="232:237"><Text>Lasix</Text></Token><Token POSTag="CD" globalID="41" id="14" offset="238:240"><Text>40</Text></Token><Token POSTag="NN" globalID="42" id="15" offset="241:243"><Text>mg</Text></Token><Token POSTag="CD" globalID="43" id="16" offset="244:251"><Text>b.i.d..</Text></Token></Tokens><ParseTree>(S1 (S (S (NP (DT The) (NN patient)) (VP (VBZ is) (NP (NP (DT an) (JJ 80-year-old) (JJ white) (NN female) (NN 152.3lb)) (PP (IN with) (NP (NP (NN history)) (PP (IN of) (NP (JJ atrial) (NN fibrillation)))))) (, ,) (PP (IN on) (NP (NP (NN Coumadin)) (, ,) (SBAR (WHNP (WP who)) (S (VP (VBD presented) (PP (IN as) (NP (NP (JJ outpatient)) (, ,) (VP (VBG complaining) (PP (IN of) (S (VP (VBG increasing) (NP (NN fatigue))))))))))))))) (. .)))</ParseTree></Sentence><Sentence id="2" offset="252:368"><Text>Patient has been perscribed Actos 30 mg daily to help with fatigue, which appears to be a side effect of the Feosol.</Text><Tokens Count="24"><Token POSTag="NN" globalID="44" id="0" offset="252:259"><Text>Patient</Text></Token><Token POSTag="VBZ" globalID="45" id="1" offset="260:263"><Text>has</Text></Token><Token POSTag="VBN" globalID="46" id="2" offset="264:268"><Text>been</Text></Token><Token POSTag="VBN" globalID="47" id="3" offset="269:279"><Text>perscribed</Text></Token><Token POSTag="NN" globalID="48" id="4" offset="280:285"><Text>Actos</Text><METAMAP>[orch,phsu]</METAMAP></Token><Token POSTag="CD" globalID="49" id="5" offset="286:288"><Text>30</Text></Token><Token POSTag="NN" globalID="50" id="6" offset="289:291"><Text>mg</Text></Token><Token POSTag="RB" globalID="51" id="7" offset="292:297"><Text>daily</Text></Token><Token POSTag="TO" globalID="52" id="8" offset="298:300"><Text>to</Text></Token><Token POSTag="VB" globalID="53" id="9" offset="301:305"><Text>help</Text></Token><Token POSTag="IN" globalID="54" id="10" offset="306:310"><Text>with</Text></Token><Token POSTag="NN" globalID="55" id="11" offset="311:318"><Text>fatigue</Text><METAMAP>[sosy]</METAMAP></Token><Token POSTag="," globalID="56" id="12" offset="318:319"><Text>,</Text></Token><Token POSTag="WDT" globalID="57" id="13" offset="320:325"><Text>which</Text></Token><Token POSTag="VBZ" globalID="58" id="14" offset="326:333"><Text>appears</Text></Token><Token POSTag="TO" globalID="59" id="15" offset="334:336"><Text>to</Text></Token><Token POSTag="VB" globalID="60" id="16" offset="337:339"><Text>be</Text></Token><Token POSTag="DT" globalID="61" id="17" offset="340:341"><Text>a</Text></Token><Token POSTag="JJ" globalID="62" id="18" offset="342:346"><Text>side</Text></Token><Token POSTag="NN" globalID="63" id="19" offset="347:353"><Text>effect</Text></Token><Token POSTag="IN" globalID="64" id="20" offset="354:356"><Text>of</Text></Token><Token POSTag="DT" globalID="65" id="21" offset="357:360"><Text>the</Text></Token><Token POSTag="NN" globalID="66" id="22" offset="361:367"><Text>Feosol</Text><METAMAP>[phsu]</METAMAP></Token><Token POSTag="." globalID="67" id="23" offset="367:368"><Text>.</Text></Token></Tokens><ParseTree>(S1 (S (S (NP (DT The) (NN patient)) (VP (VBZ is) (NP (NP (DT an) (JJ 80-year-old) (JJ white) (NN female) (NN 152.3lb)) (PP (IN with) (NP (NP (NN history)) (PP (IN of) (NP (JJ atrial) (NN fibrillation)))))) (, ,) (PP (IN on) (NP (NP (NN Coumadin)) (, ,) (SBAR (WHNP (WP who)) (S (VP (VBD presented) (PP (IN as) (NP (NP (JJ outpatient)) (, ,) (VP (VBG complaining) (PP (IN of) (S (VP (VBG increasing) (NP (NN fatigue))))))))))))))) (. .)))</ParseTree></Sentence><Sentence id="3" offset="369:511"><Text>If fatigue continues over the next two weeks the Feosol dosage may be reduced to 225 mg daily, with continued reduction until fatuige abates. </Text><Tokens Count="26"><Token POSTag="IN" globalID="68" id="0" offset="369:371"><Text>If</Text></Token><Token POSTag="NN" globalID="69" id="1" offset="372:379"><Text>fatigue</Text><METAMAP>[sosy]</METAMAP></Token><Token POSTag="VBZ" globalID="70" id="2" offset="380:389"><Text>continues</Text></Token><Token POSTag="IN" globalID="71" id="3" offset="390:394"><Text>over</Text></Token><Token POSTag="DT" globalID="72" id="4" offset="395:398"><Text>the</Text></Token><Token POSTag="JJ" globalID="73" id="5" offset="399:403"><Text>next</Text></Token><Token POSTag="CD" globalID="74" id="6" offset="404:407"><Text>two</Text></Token><Token POSTag="NNS" globalID="75" id="7" offset="408:413"><Text>weeks</Text></Token><Token POSTag="DT" globalID="76" id="8" offset="414:417"><Text>the</Text></Token><Token POSTag="NN" globalID="77" id="9" offset="418:424"><Text>Feosol</Text><METAMAP>[phsu]</METAMAP></Token><Token POSTag="NN" globalID="78" id="10" offset="425:431"><Text>dosage</Text></Token><Token POSTag="MD" globalID="79" id="11" offset="432:435"><Text>may</Text></Token><Token POSTag="VB" globalID="80" id="12" offset="436:438"><Text>be</Text></Token><Token POSTag="VBN" globalID="81" id="13" offset="439:446"><Text>reduced</Text></Token><Token POSTag="TO" globalID="82" id="14" offset="447:449"><Text>to</Text></Token><Token POSTag="CD" globalID="83" id="15" offset="450:453"><Text>225</Text></Token><Token POSTag="NN" globalID="84" id="16" offset="454:456"><Text>mg</Text></Token><Token POSTag="RB" globalID="85" id="17" offset="457:462"><Text>daily</Text></Token><Token POSTag="," globalID="86" id="18" offset="462:463"><Text>,</Text></Token><Token POSTag="IN" globalID="87" id="19" offset="464:468"><Text>with</Text></Token><Token POSTag="JJ" globalID="88" id="20" offset="469:478"><Text>continued</Text></Token><Token POSTag="NN" globalID="89" id="21" offset="479:488"><Text>reduction</Text></Token><Token POSTag="IN" globalID="90" id="22" offset="489:494"><Text>until</Text></Token><Token POSTag="NN" globalID="91" id="23" offset="495:502"><Text>fatuige</Text></Token><Token POSTag="VBZ" globalID="92" id="24" offset="503:509"><Text>abates</Text></Token><Token POSTag="." globalID="93" id="25" offset="509:510"><Text>.</Text></Token></Tokens><ParseTree>(S1 (S (S (NP (DT The) (NN patient)) (VP (VBZ is) (NP (NP (DT an) (JJ 80-year-old) (JJ white) (NN female) (NN 152.3lb)) (PP (IN with) (NP (NP (NN history)) (PP (IN of) (NP (JJ atrial) (NN fibrillation)))))) (, ,) (PP (IN on) (NP (NP (NN Coumadin)) (, ,) (SBAR (WHNP (WP who)) (S (VP (VBD presented) (PP (IN as) (NP (NP (JJ outpatient)) (, ,) (VP (VBG complaining) (PP (IN of) (S (VP (VBG increasing) (NP (NN fatigue))))))))))))))) (. .)))</ParseTree></Sentence></Sentences></Paragraph></Paragraphs></StartOutput>