<StartOutput><Paragraphs Count="2"><Paragraph id="0"><Sentences Count="1"><Sentence id="0" offset="0:81"><Text>A 58 yearold caucasian woman from the US participated in this spontaneous report.</Text><Tokens Count="14"><Token POSTag="DT" globalID="0" id="0" offset="0:1"><Text>A</Text></Token><Token POSTag="CD" globalID="1" id="1" offset="2:4"><Text>58</Text></Token><Token POSTag="NN" globalID="2" id="2" offset="5:12"><Text>yearold</Text></Token><Token POSTag="NN" globalID="3" id="3" offset="13:22"><Text>caucasian</Text></Token><Token POSTag="NN" globalID="4" id="4" offset="23:28"><Text>woman</Text></Token><Token POSTag="IN" globalID="5" id="5" offset="29:33"><Text>from</Text></Token><Token POSTag="DT" globalID="6" id="6" offset="34:37"><Text>the</Text></Token><Token POSTag="PRP" globalID="7" id="7" offset="38:40"><Text>US</Text></Token><Token POSTag="VBD" globalID="8" id="8" offset="41:53"><Text>participated</Text></Token><Token POSTag="IN" globalID="9" id="9" offset="54:56"><Text>in</Text></Token><Token POSTag="DT" globalID="10" id="10" offset="57:61"><Text>this</Text></Token><Token POSTag="JJ" globalID="11" id="11" offset="62:73"><Text>spontaneous</Text></Token><Token POSTag="NN" globalID="12" id="12" offset="74:80"><Text>report</Text></Token><Token POSTag="." globalID="13" id="13" offset="80:81"><Text>.</Text></Token></Tokens><ParseTree>(S1 (S (S (NP (NP (DT A) (ADJP (CD 58) (NN yearold)) (NN caucasian) (NN woman)) (PP (IN from) (NP (DT the) (NP (PRP US))))) (VP (VBD participated) (PP (IN in) (NP (DT this) (JJ spontaneous) (NN report))))) (. .)))</ParseTree></Sentence></Sentences></Paragraph><Paragraph id="1"><Sentences Count="8"><Sentence id="0" offset="83:142"><Text>The patient weighed 160 lbs and her height was 67.5 inches.</Text><Tokens Count="12"><Token POSTag="DT" globalID="14" id="0" offset="83:86"><Text>The</Text></Token><Token POSTag="NN" globalID="15" id="1" offset="87:94"><Text>patient</Text></Token><Token POSTag="VBD" globalID="16" id="2" offset="95:102"><Text>weighed</Text></Token><Token POSTag="CD" globalID="17" id="3" offset="103:106"><Text>160</Text></Token><Token POSTag="NNS" globalID="18" id="4" offset="107:110"><Text>lbs</Text></Token><Token POSTag="CC" globalID="19" id="5" offset="111:114"><Text>and</Text></Token><Token POSTag="PRP$" globalID="20" id="6" offset="115:118"><Text>her</Text></Token><Token POSTag="NN" globalID="21" id="7" offset="119:125"><Text>height</Text></Token><Token POSTag="VBD" globalID="22" id="8" offset="126:129"><Text>was</Text></Token><Token POSTag="CD" globalID="23" id="9" offset="130:134"><Text>67.5</Text></Token><Token POSTag="NNS" globalID="24" id="10" offset="135:141"><Text>inches</Text></Token><Token POSTag="." globalID="25" id="11" offset="141:142"><Text>.</Text></Token></Tokens><ParseTree>(S1 (S (S (NP (NP (DT A) (ADJP (CD 58) (NN yearold)) (NN caucasian) (NN woman)) (PP (IN from) (NP (DT the) (NP (PRP US))))) (VP (VBD participated) (PP (IN in) (NP (DT this) (JJ spontaneous) (NN report))))) (. .)))</ParseTree></Sentence><Sentence id="1" offset="144:297"><Text>Concurrent conditions included belching (abdominal), diabetic paresis (coded as diabetic gastroparesis), no alcohol use, no smoking, and type 2 diabetes.</Text><Tokens Count="29"><Token POSTag="JJ" globalID="26" id="0" offset="144:154"><Text>Concurrent</Text></Token><Token POSTag="NNS" globalID="27" id="1" offset="155:165"><Text>conditions</Text><METAMAP>[dsyn]</METAMAP></Token><Token POSTag="VBD" globalID="28" id="2" offset="166:174"><Text>included</Text></Token><Token POSTag="JJ" globalID="29" id="3" offset="175:183"><Text>belching</Text><METAMAP>[sosy]</METAMAP></Token><Token POSTag="-LRB-" globalID="30" id="4" offset="184:185"><Text>(</Text></Token><Token POSTag="JJ" globalID="31" id="5" offset="185:194"><Text>abdominal</Text></Token><Token POSTag="-RRB-" globalID="32" id="6" offset="194:195"><Text>)</Text></Token><Token POSTag="," globalID="33" id="7" offset="195:196"><Text>,</Text></Token><Token POSTag="JJ" globalID="34" id="8" offset="197:205"><Text>diabetic</Text></Token><Token POSTag="NN" globalID="35" id="9" offset="206:213"><Text>paresis</Text><METAMAP>[sosy]</METAMAP></Token><Token POSTag="-LRB-" globalID="36" id="10" offset="214:215"><Text>(</Text></Token><Token POSTag="VBN" globalID="37" id="11" offset="215:220"><Text>coded</Text></Token><Token POSTag="IN" globalID="38" id="12" offset="221:223"><Text>as</Text></Token><Token POSTag="JJ" globalID="39" id="13" offset="224:232"><Text>diabetic</Text><METAMAP>[dsyn]</METAMAP></Token><Token POSTag="NN" globalID="40" id="14" offset="233:246"><Text>gastroparesis</Text><METAMAP>[dsyn]</METAMAP></Token><Token POSTag="-RRB-" globalID="41" id="15" offset="246:247"><Text>)</Text></Token><Token POSTag="," globalID="42" id="16" offset="247:248"><Text>,</Text></Token><Token POSTag="NN" globalID="43" id="17" offset="249:251"><Text>no</Text></Token><Token POSTag="NN" globalID="44" id="18" offset="252:259"><Text>alcohol</Text></Token><Token POSTag="NN" globalID="45" id="19" offset="260:263"><Text>use</Text></Token><Token POSTag="," globalID="46" id="20" offset="263:264"><Text>,</Text></Token><Token POSTag="NN" globalID="47" id="21" offset="265:267"><Text>no</Text></Token><Token POSTag="NN" globalID="48" id="22" offset="268:275"><Text>smoking</Text></Token><Token POSTag="," globalID="49" id="23" offset="275:276"><Text>,</Text></Token><Token POSTag="CC" globalID="50" id="24" offset="277:280"><Text>and</Text></Token><Token POSTag="NN" globalID="51" id="25" offset="281:285"><Text>type</Text><METAMAP>[dsyn]</METAMAP></Token><Token POSTag="CD" globalID="52" id="26" offset="286:287"><Text>2</Text><METAMAP>[dsyn]</METAMAP></Token><Token POSTag="NNS" globalID="53" id="27" offset="288:296"><Text>diabetes</Text><METAMAP>[dsyn]</METAMAP></Token><Token POSTag="." globalID="54" id="28" offset="296:297"><Text>.</Text></Token></Tokens><ParseTree>(S1 (S (S (NP (NP (DT A) (ADJP (CD 58) (NN yearold)) (NN caucasian) (NN woman)) (PP (IN from) (NP (DT the) (NP (PRP US))))) (VP (VBD participated) (PP (IN in) (NP (DT this) (JJ spontaneous) (NN report))))) (. .)))</ParseTree></Sentence><Sentence id="2" offset="299:372"><Text>Other medical history included no history of drug abuse/illicit drug use.</Text><Tokens Count="12"><Token POSTag="JJ" globalID="55" id="0" offset="299:304"><Text>Other</Text></Token><Token POSTag="JJ" globalID="56" id="1" offset="305:312"><Text>medical</Text></Token><Token POSTag="NN" globalID="57" id="2" offset="313:320"><Text>history</Text></Token><Token POSTag="VBD" globalID="58" id="3" offset="321:329"><Text>included</Text></Token><Token POSTag="DT" globalID="59" id="4" offset="330:332"><Text>no</Text></Token><Token POSTag="NN" globalID="60" id="5" offset="333:340"><Text>history</Text></Token><Token POSTag="IN" globalID="61" id="6" offset="341:343"><Text>of</Text></Token><Token POSTag="NN" globalID="62" id="7" offset="344:348"><Text>drug</Text></Token><Token POSTag="NN" globalID="63" id="8" offset="349:362"><Text>abuse/illicit</Text></Token><Token POSTag="NN" globalID="64" id="9" offset="363:367"><Text>drug</Text></Token><Token POSTag="NN" globalID="65" id="10" offset="368:371"><Text>use</Text></Token><Token POSTag="." globalID="66" id="11" offset="371:372"><Text>.</Text></Token></Tokens><ParseTree>(S1 (S (S (NP (NP (DT A) (ADJP (CD 58) (NN yearold)) (NN caucasian) (NN woman)) (PP (IN from) (NP (DT the) (NP (PRP US))))) (VP (VBD participated) (PP (IN in) (NP (DT this) (JJ spontaneous) (NN report))))) (. .)))</ParseTree></Sentence><Sentence id="3" offset="373:501"><Text>The patient was treated with canagliflozin (tablet, oral, batch unknown) 300mg QD, initiated on aug 6 2014, for type 2 diabetes.</Text><Tokens Count="28"><Token POSTag="DT" globalID="67" id="0" offset="373:376"><Text>The</Text></Token><Token POSTag="NN" globalID="68" id="1" offset="377:384"><Text>patient</Text></Token><Token POSTag="VBD" globalID="69" id="2" offset="385:388"><Text>was</Text></Token><Token POSTag="VBN" globalID="70" id="3" offset="389:396"><Text>treated</Text></Token><Token POSTag="IN" globalID="71" id="4" offset="397:401"><Text>with</Text></Token><Token POSTag="NN" globalID="72" id="5" offset="402:415"><Text>canagliflozin</Text></Token><Token POSTag="-LRB-" globalID="73" id="6" offset="416:417"><Text>(</Text></Token><Token POSTag="NN" globalID="74" id="7" offset="417:423"><Text>tablet</Text></Token><Token POSTag="," globalID="75" id="8" offset="423:424"><Text>,</Text></Token><Token POSTag="JJ" globalID="76" id="9" offset="425:429"><Text>oral</Text></Token><Token POSTag="," globalID="77" id="10" offset="429:430"><Text>,</Text></Token><Token POSTag="JJ" globalID="78" id="11" offset="431:436"><Text>batch</Text></Token><Token POSTag="JJ" globalID="79" id="12" offset="437:444"><Text>unknown</Text></Token><Token POSTag="-RRB-" globalID="80" id="13" offset="444:445"><Text>)</Text></Token><Token POSTag="NN" globalID="81" id="14" offset="446:451"><Text>300mg</Text></Token><Token POSTag="NN" globalID="82" id="15" offset="452:454"><Text>QD</Text></Token><Token POSTag="," globalID="83" id="16" offset="454:455"><Text>,</Text></Token><Token POSTag="VBN" globalID="84" id="17" offset="456:465"><Text>initiated</Text></Token><Token POSTag="IN" globalID="85" id="18" offset="466:468"><Text>on</Text></Token><Token POSTag="NN" globalID="86" id="19" offset="469:472"><Text>aug</Text></Token><Token POSTag="CD" globalID="87" id="20" offset="473:474"><Text>6</Text></Token><Token POSTag="NN" globalID="88" id="21" offset="475:479"><Text>2014</Text></Token><Token POSTag="," globalID="89" id="22" offset="479:480"><Text>,</Text></Token><Token POSTag="IN" globalID="90" id="23" offset="481:484"><Text>for</Text></Token><Token POSTag="NN" globalID="91" id="24" offset="485:489"><Text>type</Text><METAMAP>[dsyn]</METAMAP></Token><Token POSTag="CD" globalID="92" id="25" offset="490:491"><Text>2</Text><METAMAP>[dsyn]</METAMAP></Token><Token POSTag="NNS" globalID="93" id="26" offset="492:500"><Text>diabetes</Text><METAMAP>[dsyn]</METAMAP></Token><Token POSTag="." globalID="94" id="27" offset="500:501"><Text>.</Text></Token></Tokens><ParseTree>(S1 (S (S (NP (NP (DT A) (ADJP (CD 58) (NN yearold)) (NN caucasian) (NN woman)) (PP (IN from) (NP (DT the) (NP (PRP US))))) (VP (VBD participated) (PP (IN in) (NP (DT this) (JJ spontaneous) (NN report))))) (. .)))</ParseTree></Sentence><Sentence id="4" offset="502:860"><Text>On 06-AUG-2014, the patient experienced "worsening of pre-existing abdominal belching" (coded as increased belching), "worsening of pre-existing abdominal pain" (coded as worsening of abdominal pain), "worsening of pre-existing abdominal gassiness" (coded as very gaseous), and "worsening of pre-existing abdominal bloating" (coded as worsening of bloating).</Text><Tokens Count="66"><Token POSTag="IN" globalID="95" id="0" offset="502:504"><Text>On</Text></Token><Token POSTag="NN" globalID="96" id="1" offset="505:516"><Text>06-AUG-2014</Text></Token><Token POSTag="," globalID="97" id="2" offset="516:517"><Text>,</Text></Token><Token POSTag="DT" globalID="98" id="3" offset="518:521"><Text>the</Text></Token><Token POSTag="NN" globalID="99" id="4" offset="522:529"><Text>patient</Text></Token><Token POSTag="VBN" globalID="100" id="5" offset="530:541"><Text>experienced</Text></Token><Token POSTag="``" globalID="101" id="6" offset="-1:1"><Text>``</Text></Token><Token POSTag="JJ" globalID="102" id="7" offset="-1:8"><Text>worsening</Text></Token><Token POSTag="IN" globalID="103" id="8" offset="-1:1"><Text>of</Text></Token><Token POSTag="JJ" globalID="104" id="9" offset="-1:11"><Text>pre-existing</Text></Token><Token POSTag="JJ" globalID="105" id="10" offset="-1:8"><Text>abdominal</Text></Token><Token POSTag="NN" globalID="106" id="11" offset="-1:7"><Text>belching</Text></Token><Token POSTag="NNS" globalID="107" id="12" offset="-1:1"><Text>''</Text></Token><Token POSTag="-LRB-" globalID="108" id="13" offset="-1:0"><Text>(</Text></Token><Token POSTag="VBN" globalID="109" id="14" offset="-1:4"><Text>coded</Text></Token><Token POSTag="IN" globalID="110" id="15" offset="-1:1"><Text>as</Text></Token><Token POSTag="VBN" globalID="111" id="16" offset="-1:8"><Text>increased</Text></Token><Token POSTag="NN" globalID="112" id="17" offset="-1:7"><Text>belching</Text></Token><Token POSTag="-RRB-" globalID="113" id="18" offset="-1:0"><Text>)</Text></Token><Token POSTag="," globalID="114" id="19" offset="-1:0"><Text>,</Text></Token><Token POSTag="``" globalID="115" id="20" offset="-1:1"><Text>``</Text></Token><Token POSTag="JJ" globalID="116" id="21" offset="-1:8"><Text>worsening</Text></Token><Token POSTag="IN" globalID="117" id="22" offset="-1:1"><Text>of</Text></Token><Token POSTag="JJ" globalID="118" id="23" offset="-1:11"><Text>pre-existing</Text></Token><Token POSTag="JJ" globalID="119" id="24" offset="-1:8"><Text>abdominal</Text></Token><Token POSTag="NN" globalID="120" id="25" offset="-1:3"><Text>pain</Text></Token><Token POSTag="NNS" globalID="121" id="26" offset="-1:1"><Text>''</Text></Token><Token POSTag="-LRB-" globalID="122" id="27" offset="-1:0"><Text>(</Text></Token><Token POSTag="VBN" globalID="123" id="28" offset="-1:4"><Text>coded</Text></Token><Token POSTag="IN" globalID="124" id="29" offset="-1:1"><Text>as</Text></Token><Token POSTag="NN" globalID="125" id="30" offset="-1:8"><Text>worsening</Text></Token><Token POSTag="IN" globalID="126" id="31" offset="-1:1"><Text>of</Text></Token><Token POSTag="JJ" globalID="127" id="32" offset="-1:8"><Text>abdominal</Text></Token><Token POSTag="NN" globalID="128" id="33" offset="-1:3"><Text>pain</Text></Token><Token POSTag="-RRB-" globalID="129" id="34" offset="-1:0"><Text>)</Text></Token><Token POSTag="," globalID="130" id="35" offset="-1:0"><Text>,</Text></Token><Token POSTag="``" globalID="131" id="36" offset="-1:1"><Text>``</Text></Token><Token POSTag="NN" globalID="132" id="37" offset="-1:8"><Text>worsening</Text></Token><Token POSTag="IN" globalID="133" id="38" offset="-1:1"><Text>of</Text></Token><Token POSTag="JJ" globalID="134" id="39" offset="-1:11"><Text>pre-existing</Text></Token><Token POSTag="JJ" globalID="135" id="40" offset="-1:8"><Text>abdominal</Text></Token><Token POSTag="NN" globalID="136" id="41" offset="-1:8"><Text>gassiness</Text></Token><Token POSTag="NNS" globalID="137" id="42" offset="-1:1"><Text>''</Text></Token><Token POSTag="-LRB-" globalID="138" id="43" offset="-1:0"><Text>(</Text></Token><Token POSTag="VBN" globalID="139" id="44" offset="-1:4"><Text>coded</Text></Token><Token POSTag="IN" globalID="140" id="45" offset="-1:1"><Text>as</Text></Token><Token POSTag="RB" globalID="141" id="46" offset="-1:3"><Text>very</Text></Token><Token POSTag="JJ" globalID="142" id="47" offset="-1:6"><Text>gaseous</Text></Token><Token POSTag="-RRB-" globalID="143" id="48" offset="-1:0"><Text>)</Text></Token><Token POSTag="," globalID="144" id="49" offset="-1:0"><Text>,</Text></Token><Token POSTag="CC" globalID="145" id="50" offset="-1:2"><Text>and</Text></Token><Token POSTag="``" globalID="146" id="51" offset="-1:1"><Text>``</Text></Token><Token POSTag="NN" globalID="147" id="52" offset="-1:8"><Text>worsening</Text></Token><Token POSTag="IN" globalID="148" id="53" offset="-1:1"><Text>of</Text></Token><Token POSTag="JJ" globalID="149" id="54" offset="-1:11"><Text>pre-existing</Text></Token><Token POSTag="JJ" globalID="150" id="55" offset="-1:8"><Text>abdominal</Text></Token><Token POSTag="NN" globalID="151" id="56" offset="-1:7"><Text>bloating</Text></Token><Token POSTag="NNS" globalID="152" id="57" offset="-1:1"><Text>''</Text></Token><Token POSTag="-LRB-" globalID="153" id="58" offset="-1:0"><Text>(</Text></Token><Token POSTag="VBN" globalID="154" id="59" offset="-1:4"><Text>coded</Text></Token><Token POSTag="IN" globalID="155" id="60" offset="-1:1"><Text>as</Text></Token><Token POSTag="NN" globalID="156" id="61" offset="-1:8"><Text>worsening</Text></Token><Token POSTag="IN" globalID="157" id="62" offset="-1:1"><Text>of</Text></Token><Token POSTag="NN" globalID="158" id="63" offset="-1:7"><Text>bloating</Text></Token><Token POSTag="-RRB-" globalID="159" id="64" offset="-1:0"><Text>)</Text></Token><Token POSTag="." globalID="160" id="65" offset="-1:0"><Text>.</Text></Token></Tokens><ParseTree>(S1 (S (S (NP (NP (DT A) (ADJP (CD 58) (NN yearold)) (NN caucasian) (NN woman)) (PP (IN from) (NP (DT the) (NP (PRP US))))) (VP (VBD participated) (PP (IN in) (NP (DT this) (JJ spontaneous) (NN report))))) (. .)))</ParseTree></Sentence><Sentence id="5" offset="861:898"><Text>No laboratory findings were provided.</Text><Tokens Count="6"><Token POSTag="NN" globalID="161" id="0" offset="-1:1"><Text>No</Text></Token><Token POSTag="NN" globalID="162" id="1" offset="-1:9"><Text>laboratory</Text></Token><Token POSTag="NNS" globalID="163" id="2" offset="-1:7"><Text>findings</Text></Token><Token POSTag="VBD" globalID="164" id="3" offset="-1:3"><Text>were</Text></Token><Token POSTag="VBN" globalID="165" id="4" offset="-1:7"><Text>provided</Text></Token><Token POSTag="." globalID="166" id="5" offset="-1:0"><Text>.</Text></Token></Tokens><ParseTree>(S1 (S (S (NP (NP (DT A) (ADJP (CD 58) (NN yearold)) (NN caucasian) (NN woman)) (PP (IN from) (NP (DT the) (NP (PRP US))))) (VP (VBD participated) (PP (IN in) (NP (DT this) (JJ spontaneous) (NN report))))) (. .)))</ParseTree></Sentence><Sentence id="6" offset="900:984"><Text>The dose of domperidone was increased and the dose of canagliflozin was not changed.</Text><Tokens Count="15"><Token POSTag="DT" globalID="167" id="0" offset="-1:2"><Text>The</Text></Token><Token POSTag="NN" globalID="168" id="1" offset="-1:3"><Text>dose</Text></Token><Token POSTag="IN" globalID="169" id="2" offset="-1:1"><Text>of</Text></Token><Token POSTag="NN" globalID="170" id="3" offset="-1:10"><Text>domperidone</Text></Token><Token POSTag="VBD" globalID="171" id="4" offset="-1:2"><Text>was</Text></Token><Token POSTag="VBN" globalID="172" id="5" offset="-1:8"><Text>increased</Text></Token><Token POSTag="CC" globalID="173" id="6" offset="-1:2"><Text>and</Text></Token><Token POSTag="DT" globalID="174" id="7" offset="-1:2"><Text>the</Text></Token><Token POSTag="NN" globalID="175" id="8" offset="-1:3"><Text>dose</Text></Token><Token POSTag="IN" globalID="176" id="9" offset="-1:1"><Text>of</Text></Token><Token POSTag="NN" globalID="177" id="10" offset="-1:12"><Text>canagliflozin</Text></Token><Token POSTag="VBD" globalID="178" id="11" offset="-1:2"><Text>was</Text></Token><Token POSTag="RB" globalID="179" id="12" offset="-1:2"><Text>not</Text></Token><Token POSTag="VBN" globalID="180" id="13" offset="-1:6"><Text>changed</Text></Token><Token POSTag="." globalID="181" id="14" offset="-1:0"><Text>.</Text></Token></Tokens><ParseTree>(S1 (S (S (NP (NP (DT A) (ADJP (CD 58) (NN yearold)) (NN caucasian) (NN woman)) (PP (IN from) (NP (DT the) (NP (PRP US))))) (VP (VBD participated) (PP (IN in) (NP (DT this) (JJ spontaneous) (NN report))))) (. .)))</ParseTree></Sentence><Sentence id="7" offset="986:1017"><Text>The patient had not recovered. </Text><Tokens Count="6"><Token POSTag="DT" globalID="182" id="0" offset="-1:2"><Text>The</Text></Token><Token POSTag="NN" globalID="183" id="1" offset="-1:6"><Text>patient</Text></Token><Token POSTag="VBD" globalID="184" id="2" offset="-1:2"><Text>had</Text></Token><Token POSTag="RB" globalID="185" id="3" offset="-1:2"><Text>not</Text></Token><Token POSTag="VBN" globalID="186" id="4" offset="-1:8"><Text>recovered</Text></Token><Token POSTag="." globalID="187" id="5" offset="-1:0"><Text>.</Text></Token></Tokens><ParseTree>(S1 (S (S (NP (NP (DT A) (ADJP (CD 58) (NN yearold)) (NN caucasian) (NN woman)) (PP (IN from) (NP (DT the) (NP (PRP US))))) (VP (VBD participated) (PP (IN in) (NP (DT this) (JJ spontaneous) (NN report))))) (. .)))</ParseTree></Sentence></Sentences></Paragraph></Paragraphs></StartOutput>