<StartOutput><Paragraphs Count="13"><Paragraph id="0"><Sentences Count="9"><Sentence id="0" offset="0:79"><Text>SUBJECTIVE: This 23-year-old white female presents with complaint of allergies.</Text><Tokens Count="12"><Token POSTag="NN" globalID="0" id="0" offset="0:10"><Text>SUBJECTIVE</Text></Token><Token POSTag=":" globalID="1" id="1" offset="10:11"><Text>:</Text></Token><Token POSTag="DT" globalID="2" id="2" offset="12:16"><Text>This</Text></Token><Token POSTag="JJ" globalID="3" id="3" offset="17:28"><Text>23-year-old</Text></Token><Token POSTag="JJ" globalID="4" id="4" offset="29:34"><Text>white</Text></Token><Token POSTag="NN" globalID="5" id="5" offset="35:41"><Text>female</Text></Token><Token POSTag="VBZ" globalID="6" id="6" offset="42:50"><Text>presents</Text></Token><Token POSTag="IN" globalID="7" id="7" offset="51:55"><Text>with</Text></Token><Token POSTag="NN" globalID="8" id="8" offset="56:65"><Text>complaint</Text></Token><Token POSTag="IN" globalID="9" id="9" offset="66:68"><Text>of</Text></Token><Token POSTag="NNS" globalID="10" id="10" offset="69:78"><Text>allergies</Text></Token><Token POSTag="." globalID="11" id="11" offset="78:79"><Text>.</Text></Token></Tokens><ParseTree>(S1 (S (NP (NP (NN SUBJECTIVE)) (: :) (S (NP (DT This) (JJ 23-year-old) (JJ white) (NN female)) (VP (VBZ presents) (PP (IN with) (NP (NP (NN complaint)) (PP (IN of) (NP (NNS allergies))))))) (. .))))</ParseTree></Sentence><Sentence id="1" offset="80:168"><Text>She used to have allergies when she lived in Seattle but she thinks they are worse here.</Text><Tokens Count="18"><Token POSTag="PRP" globalID="12" id="0" offset="80:83"><Text>She</Text></Token><Token POSTag="VBD" globalID="13" id="1" offset="84:88"><Text>used</Text></Token><Token POSTag="TO" globalID="14" id="2" offset="89:91"><Text>to</Text></Token><Token POSTag="VB" globalID="15" id="3" offset="92:96"><Text>have</Text></Token><Token POSTag="NNS" globalID="16" id="4" offset="97:106"><Text>allergies</Text></Token><Token POSTag="WRB" globalID="17" id="5" offset="107:111"><Text>when</Text></Token><Token POSTag="PRP" globalID="18" id="6" offset="112:115"><Text>she</Text></Token><Token POSTag="VBN" globalID="19" id="7" offset="116:121"><Text>lived</Text></Token><Token POSTag="IN" globalID="20" id="8" offset="122:124"><Text>in</Text></Token><Token POSTag="NN" globalID="21" id="9" offset="125:132"><Text>Seattle</Text></Token><Token POSTag="CC" globalID="22" id="10" offset="133:136"><Text>but</Text></Token><Token POSTag="PRP" globalID="23" id="11" offset="137:140"><Text>she</Text></Token><Token POSTag="VBZ" globalID="24" id="12" offset="141:147"><Text>thinks</Text></Token><Token POSTag="PRP" globalID="25" id="13" offset="148:152"><Text>they</Text></Token><Token POSTag="VBP" globalID="26" id="14" offset="153:156"><Text>are</Text></Token><Token POSTag="JJ" globalID="27" id="15" offset="157:162"><Text>worse</Text></Token><Token POSTag="RB" globalID="28" id="16" offset="163:167"><Text>here</Text></Token><Token POSTag="." globalID="29" id="17" offset="167:168"><Text>.</Text></Token></Tokens><ParseTree>(S1 (S (NP (NP (NN SUBJECTIVE)) (: :) (S (NP (DT This) (JJ 23-year-old) (JJ white) (NN female)) (VP (VBZ presents) (PP (IN with) (NP (NP (NN complaint)) (PP (IN of) (NP (NNS allergies))))))) (. .))))</ParseTree></Sentence><Sentence id="2" offset="169:217"><Text>In the past, she has tried Claritin, and Zyrtec.</Text><Tokens Count="12"><Token POSTag="IN" globalID="30" id="0" offset="169:171"><Text>In</Text></Token><Token POSTag="DT" globalID="31" id="1" offset="172:175"><Text>the</Text></Token><Token POSTag="JJ" globalID="32" id="2" offset="176:180"><Text>past</Text></Token><Token POSTag="," globalID="33" id="3" offset="180:181"><Text>,</Text></Token><Token POSTag="PRP" globalID="34" id="4" offset="182:185"><Text>she</Text></Token><Token POSTag="VBZ" globalID="35" id="5" offset="186:189"><Text>has</Text></Token><Token POSTag="VBN" globalID="36" id="6" offset="190:195"><Text>tried</Text></Token><Token POSTag="NN" globalID="37" id="7" offset="196:204"><Text>Claritin</Text><METAMAP>[orch,phsu]</METAMAP></Token><Token POSTag="," globalID="38" id="8" offset="204:205"><Text>,</Text></Token><Token POSTag="CC" globalID="39" id="9" offset="206:209"><Text>and</Text></Token><Token POSTag="NN" globalID="40" id="10" offset="210:216"><Text>Zyrtec</Text><METAMAP>[orch,phsu]</METAMAP></Token><Token POSTag="." globalID="41" id="11" offset="216:217"><Text>.</Text></Token></Tokens><ParseTree>(S1 (S (NP (NP (NN SUBJECTIVE)) (: :) (S (NP (DT This) (JJ 23-year-old) (JJ white) (NN female)) (VP (VBZ presents) (PP (IN with) (NP (NP (NN complaint)) (PP (IN of) (NP (NNS allergies))))))) (. .))))</ParseTree></Sentence><Sentence id="3" offset="218:283"><Text>Both worked for short time but then seemed to lose effectiveness.</Text><Tokens Count="12"><Token POSTag="DT" globalID="42" id="0" offset="218:222"><Text>Both</Text></Token><Token POSTag="VBD" globalID="43" id="1" offset="223:229"><Text>worked</Text></Token><Token POSTag="IN" globalID="44" id="2" offset="230:233"><Text>for</Text></Token><Token POSTag="JJ" globalID="45" id="3" offset="234:239"><Text>short</Text></Token><Token POSTag="NN" globalID="46" id="4" offset="240:244"><Text>time</Text></Token><Token POSTag="CC" globalID="47" id="5" offset="245:248"><Text>but</Text></Token><Token POSTag="RB" globalID="48" id="6" offset="249:253"><Text>then</Text></Token><Token POSTag="VBD" globalID="49" id="7" offset="254:260"><Text>seemed</Text></Token><Token POSTag="TO" globalID="50" id="8" offset="261:263"><Text>to</Text></Token><Token POSTag="VB" globalID="51" id="9" offset="264:268"><Text>lose</Text></Token><Token POSTag="NN" globalID="52" id="10" offset="269:282"><Text>effectiveness</Text></Token><Token POSTag="." globalID="53" id="11" offset="282:283"><Text>.</Text></Token></Tokens><ParseTree>(S1 (S (NP (NP (NN SUBJECTIVE)) (: :) (S (NP (DT This) (JJ 23-year-old) (JJ white) (NN female)) (VP (VBZ presents) (PP (IN with) (NP (NP (NN complaint)) (PP (IN of) (NP (NNS allergies))))))) (. .))))</ParseTree></Sentence><Sentence id="4" offset="284:310"><Text>She has used Allegra also.</Text><Tokens Count="6"><Token POSTag="PRP" globalID="54" id="0" offset="284:287"><Text>She</Text></Token><Token POSTag="VBZ" globalID="55" id="1" offset="288:291"><Text>has</Text></Token><Token POSTag="VBN" globalID="56" id="2" offset="292:296"><Text>used</Text></Token><Token POSTag="NN" globalID="57" id="3" offset="297:304"><Text>Allegra</Text><METAMAP>[orch,phsu]</METAMAP></Token><Token POSTag="RB" globalID="58" id="4" offset="305:309"><Text>also</Text></Token><Token POSTag="." globalID="59" id="5" offset="309:310"><Text>.</Text></Token></Tokens><ParseTree>(S1 (S (NP (NP (NN SUBJECTIVE)) (: :) (S (NP (DT This) (JJ 23-year-old) (JJ white) (NN female)) (VP (VBZ presents) (PP (IN with) (NP (NP (NN complaint)) (PP (IN of) (NP (NNS allergies))))))) (. .))))</ParseTree></Sentence><Sentence id="5" offset="311:380"><Text>She used that last summer and she began using it again two weeks ago.</Text><Tokens Count="15"><Token POSTag="PRP" globalID="60" id="0" offset="311:314"><Text>She</Text></Token><Token POSTag="VBD" globalID="61" id="1" offset="315:319"><Text>used</Text></Token><Token POSTag="DT" globalID="62" id="2" offset="320:324"><Text>that</Text></Token><Token POSTag="JJ" globalID="63" id="3" offset="325:329"><Text>last</Text></Token><Token POSTag="NN" globalID="64" id="4" offset="330:336"><Text>summer</Text></Token><Token POSTag="CC" globalID="65" id="5" offset="337:340"><Text>and</Text></Token><Token POSTag="PRP" globalID="66" id="6" offset="341:344"><Text>she</Text></Token><Token POSTag="VBD" globalID="67" id="7" offset="345:350"><Text>began</Text></Token><Token POSTag="VBG" globalID="68" id="8" offset="351:356"><Text>using</Text></Token><Token POSTag="PRP" globalID="69" id="9" offset="357:359"><Text>it</Text></Token><Token POSTag="RB" globalID="70" id="10" offset="360:365"><Text>again</Text></Token><Token POSTag="CD" globalID="71" id="11" offset="366:369"><Text>two</Text></Token><Token POSTag="NNS" globalID="72" id="12" offset="370:375"><Text>weeks</Text></Token><Token POSTag="RB" globalID="73" id="13" offset="376:379"><Text>ago</Text></Token><Token POSTag="." globalID="74" id="14" offset="379:380"><Text>.</Text></Token></Tokens><ParseTree>(S1 (S (NP (NP (NN SUBJECTIVE)) (: :) (S (NP (DT This) (JJ 23-year-old) (JJ white) (NN female)) (VP (VBZ presents) (PP (IN with) (NP (NP (NN complaint)) (PP (IN of) (NP (NNS allergies))))))) (. .))))</ParseTree></Sentence><Sentence id="6" offset="381:424"><Text>It does not appear to be working very well.</Text><Tokens Count="10"><Token POSTag="PRP" globalID="75" id="0" offset="381:383"><Text>It</Text></Token><Token POSTag="VBZ" globalID="76" id="1" offset="384:388"><Text>does</Text></Token><Token POSTag="RB" globalID="77" id="2" offset="389:392"><Text>not</Text></Token><Token POSTag="VB" globalID="78" id="3" offset="393:399"><Text>appear</Text></Token><Token POSTag="TO" globalID="79" id="4" offset="400:402"><Text>to</Text></Token><Token POSTag="VB" globalID="80" id="5" offset="403:405"><Text>be</Text></Token><Token POSTag="NNP" globalID="81" id="6" offset="406:413"><Text>working</Text></Token><Token POSTag="RB" globalID="82" id="7" offset="414:418"><Text>very</Text></Token><Token POSTag="RB" globalID="83" id="8" offset="419:423"><Text>well</Text></Token><Token POSTag="." globalID="84" id="9" offset="423:424"><Text>.</Text></Token></Tokens><ParseTree>(S1 (S (NP (NP (NN SUBJECTIVE)) (: :) (S (NP (DT This) (JJ 23-year-old) (JJ white) (NN female)) (VP (VBZ presents) (PP (IN with) (NP (NP (NN complaint)) (PP (IN of) (NP (NNS allergies))))))) (. .))))</ParseTree></Sentence><Sentence id="7" offset="425:495"><Text>She has used over-the-counter sprays but no prescription nasal sprays.</Text><Tokens Count="11"><Token POSTag="PRP" globalID="85" id="0" offset="425:428"><Text>She</Text></Token><Token POSTag="VBZ" globalID="86" id="1" offset="429:432"><Text>has</Text></Token><Token POSTag="VBN" globalID="87" id="2" offset="433:437"><Text>used</Text></Token><Token POSTag="JJ" globalID="88" id="3" offset="438:454"><Text>over-the-counter</Text><METAMAP>[phsu]</METAMAP></Token><Token POSTag="NNS" globalID="89" id="4" offset="455:461"><Text>sprays</Text></Token><Token POSTag="CC" globalID="90" id="5" offset="462:465"><Text>but</Text></Token><Token POSTag="DT" globalID="91" id="6" offset="466:468"><Text>no</Text></Token><Token POSTag="NN" globalID="92" id="7" offset="469:481"><Text>prescription</Text></Token><Token POSTag="JJ" globalID="93" id="8" offset="482:487"><Text>nasal</Text><METAMAP>[phsu]</METAMAP></Token><Token POSTag="NNS" globalID="94" id="9" offset="488:494"><Text>sprays</Text><METAMAP>[phsu]</METAMAP></Token><Token POSTag="." globalID="95" id="10" offset="494:495"><Text>.</Text></Token></Tokens><ParseTree>(S1 (S (NP (NP (NN SUBJECTIVE)) (: :) (S (NP (DT This) (JJ 23-year-old) (JJ white) (NN female)) (VP (VBZ presents) (PP (IN with) (NP (NP (NN complaint)) (PP (IN of) (NP (NNS allergies))))))) (. .))))</ParseTree></Sentence><Sentence id="8" offset="496:601"><Text>She does have asthma but doest not require daily medication for this and does not think it is flaring up.</Text><Tokens Count="21"><Token POSTag="PRP" globalID="96" id="0" offset="496:499"><Text>She</Text></Token><Token POSTag="VBZ" globalID="97" id="1" offset="500:504"><Text>does</Text></Token><Token POSTag="VB" globalID="98" id="2" offset="505:509"><Text>have</Text></Token><Token POSTag="NN" globalID="99" id="3" offset="510:516"><Text>asthma</Text><METAMAP>[dsyn]</METAMAP></Token><Token POSTag="CC" globalID="100" id="4" offset="517:520"><Text>but</Text></Token><Token POSTag="VBP" globalID="101" id="5" offset="521:526"><Text>doest</Text></Token><Token POSTag="RB" globalID="102" id="6" offset="527:530"><Text>not</Text></Token><Token POSTag="VB" globalID="103" id="7" offset="531:538"><Text>require</Text></Token><Token POSTag="JJ" globalID="104" id="8" offset="539:544"><Text>daily</Text></Token><Token POSTag="NN" globalID="105" id="9" offset="545:555"><Text>medication</Text><METAMAP>[phsu]</METAMAP></Token><Token POSTag="IN" globalID="106" id="10" offset="556:559"><Text>for</Text></Token><Token POSTag="DT" globalID="107" id="11" offset="560:564"><Text>this</Text></Token><Token POSTag="CC" globalID="108" id="12" offset="565:568"><Text>and</Text></Token><Token POSTag="VBZ" globalID="109" id="13" offset="569:573"><Text>does</Text></Token><Token POSTag="RB" globalID="110" id="14" offset="574:577"><Text>not</Text></Token><Token POSTag="VBP" globalID="111" id="15" offset="578:583"><Text>think</Text></Token><Token POSTag="PRP" globalID="112" id="16" offset="584:586"><Text>it</Text></Token><Token POSTag="VBZ" globalID="113" id="17" offset="587:589"><Text>is</Text></Token><Token POSTag="NN" globalID="114" id="18" offset="590:597"><Text>flaring</Text><METAMAP>[sosy]</METAMAP></Token><Token POSTag="NN" globalID="115" id="19" offset="598:600"><Text>up</Text></Token><Token POSTag="." globalID="116" id="20" offset="600:601"><Text>.</Text></Token></Tokens><ParseTree>(S1 (S (NP (NP (NN SUBJECTIVE)) (: :) (S (NP (DT This) (JJ 23-year-old) (JJ white) (NN female)) (VP (VBZ presents) (PP (IN with) (NP (NP (NN complaint)) (PP (IN of) (NP (NNS allergies))))))) (. .))))</ParseTree></Sentence></Sentences></Paragraph><Paragraph id="1"><Sentences Count="1"><Sentence id="0" offset="603:682"><Text>MEDICATIONS: Her only medication currently is Ortho Tri-Cyclen and the Allegra.</Text><Tokens Count="13"><Token POSTag="NNS" globalID="117" id="0" offset="603:614"><Text>MEDICATIONS</Text></Token><Token POSTag=":" globalID="118" id="1" offset="614:615"><Text>:</Text></Token><Token POSTag="PRP$" globalID="119" id="2" offset="616:619"><Text>Her</Text></Token><Token POSTag="JJ" globalID="120" id="3" offset="620:624"><Text>only</Text></Token><Token POSTag="NN" globalID="121" id="4" offset="625:635"><Text>medication</Text><METAMAP>[phsu]</METAMAP></Token><Token POSTag="RB" globalID="122" id="5" offset="636:645"><Text>currently</Text></Token><Token POSTag="VBZ" globalID="123" id="6" offset="646:648"><Text>is</Text></Token><Token POSTag="NN" globalID="124" id="7" offset="649:654"><Text>Ortho</Text></Token><Token POSTag="NN" globalID="125" id="8" offset="655:665"><Text>Tri-Cyclen</Text></Token><Token POSTag="CC" globalID="126" id="9" offset="666:669"><Text>and</Text></Token><Token POSTag="DT" globalID="127" id="10" offset="670:673"><Text>the</Text></Token><Token POSTag="NN" globalID="128" id="11" offset="674:681"><Text>Allegra</Text><METAMAP>[orch,phsu]</METAMAP></Token><Token POSTag="." globalID="129" id="12" offset="681:682"><Text>.</Text></Token></Tokens><ParseTree>(S1 (S (NP (NP (NN SUBJECTIVE)) (: :) (S (NP (DT This) (JJ 23-year-old) (JJ white) (NN female)) (VP (VBZ presents) (PP (IN with) (NP (NP (NN complaint)) (PP (IN of) (NP (NNS allergies))))))) (. .))))</ParseTree></Sentence></Sentences></Paragraph><Paragraph id="2"><Sentences Count="1"><Sentence id="0" offset="684:731"><Text>ALLERGIES: She has no known medicine allergies.</Text><Tokens Count="9"><Token POSTag="NNS" globalID="130" id="0" offset="684:693"><Text>ALLERGIES</Text></Token><Token POSTag=":" globalID="131" id="1" offset="693:694"><Text>:</Text></Token><Token POSTag="PRP" globalID="132" id="2" offset="695:698"><Text>She</Text></Token><Token POSTag="VBZ" globalID="133" id="3" offset="699:702"><Text>has</Text></Token><Token POSTag="DT" globalID="134" id="4" offset="703:705"><Text>no</Text></Token><Token POSTag="JJ" globalID="135" id="5" offset="706:711"><Text>known</Text></Token><Token POSTag="NN" globalID="136" id="6" offset="712:720"><Text>medicine</Text><METAMAP>[dsyn]</METAMAP></Token><Token POSTag="NNS" globalID="137" id="7" offset="721:730"><Text>allergies</Text><METAMAP>[dsyn]</METAMAP></Token><Token POSTag="." globalID="138" id="8" offset="730:731"><Text>.</Text></Token></Tokens><ParseTree>(S1 (S (NP (NP (NN SUBJECTIVE)) (: :) (S (NP (DT This) (JJ 23-year-old) (JJ white) (NN female)) (VP (VBZ presents) (PP (IN with) (NP (NP (NN complaint)) (PP (IN of) (NP (NNS allergies))))))) (. .))))</ParseTree></Sentence></Sentences></Paragraph><Paragraph id="3"><Sentences Count="1"><Sentence id="0" offset="733:743"><Text>OBJECTIVE:</Text><Tokens Count="2"><Token POSTag="NN" globalID="139" id="0" offset="733:742"><Text>OBJECTIVE</Text></Token><Token POSTag=":" globalID="140" id="1" offset="742:743"><Text>:</Text></Token></Tokens><ParseTree>(S1 (S (NP (NP (NN SUBJECTIVE)) (: :) (S (NP (DT This) (JJ 23-year-old) (JJ white) (NN female)) (VP (VBZ presents) (PP (IN with) (NP (NP (NN complaint)) (PP (IN of) (NP (NNS allergies))))))) (. .))))</ParseTree></Sentence></Sentences></Paragraph><Paragraph id="4"><Sentences Count="1"><Sentence id="0" offset="744:800"><Text>Vitals: Weight was 130 pounds and blood pressure 124/78.</Text><Tokens Count="11"><Token POSTag="NNS" globalID="141" id="0" offset="744:750"><Text>Vitals</Text></Token><Token POSTag=":" globalID="142" id="1" offset="750:751"><Text>:</Text></Token><Token POSTag="NN" globalID="143" id="2" offset="752:758"><Text>Weight</Text></Token><Token POSTag="VBD" globalID="144" id="3" offset="759:762"><Text>was</Text></Token><Token POSTag="CD" globalID="145" id="4" offset="763:766"><Text>130</Text></Token><Token POSTag="NN" globalID="146" id="5" offset="767:773"><Text>pounds</Text></Token><Token POSTag="CC" globalID="147" id="6" offset="774:777"><Text>and</Text></Token><Token POSTag="NN" globalID="148" id="7" offset="778:783"><Text>blood</Text></Token><Token POSTag="NN" globalID="149" id="8" offset="784:792"><Text>pressure</Text></Token><Token POSTag="CD" globalID="150" id="9" offset="793:799"><Text>124/78</Text></Token><Token POSTag="." globalID="151" id="10" offset="799:800"><Text>.</Text></Token></Tokens><ParseTree>(S1 (S (NP (NP (NN SUBJECTIVE)) (: :) (S (NP (DT This) (JJ 23-year-old) (JJ white) (NN female)) (VP (VBZ presents) (PP (IN with) (NP (NP (NN complaint)) (PP (IN of) (NP (NNS allergies))))))) (. .))))</ParseTree></Sentence></Sentences></Paragraph><Paragraph id="5"><Sentences Count="4"><Sentence id="0" offset="801:859"><Text>HEENT: Her throat was mildly erythematous without exudate.</Text><Tokens Count="10"><Token POSTag="NN" globalID="152" id="0" offset="801:806"><Text>HEENT</Text></Token><Token POSTag=":" globalID="153" id="1" offset="806:807"><Text>:</Text></Token><Token POSTag="PRP$" globalID="154" id="2" offset="808:811"><Text>Her</Text></Token><Token POSTag="NN" globalID="155" id="3" offset="812:818"><Text>throat</Text></Token><Token POSTag="VBD" globalID="156" id="4" offset="819:822"><Text>was</Text></Token><Token POSTag="RB" globalID="157" id="5" offset="823:829"><Text>mildly</Text></Token><Token POSTag="JJ" globalID="158" id="6" offset="830:842"><Text>erythematous</Text></Token><Token POSTag="IN" globalID="159" id="7" offset="843:850"><Text>without</Text></Token><Token POSTag="NN" globalID="160" id="8" offset="851:858"><Text>exudate</Text></Token><Token POSTag="." globalID="161" id="9" offset="858:859"><Text>.</Text></Token></Tokens><ParseTree>(S1 (S (NP (NP (NN SUBJECTIVE)) (: :) (S (NP (DT This) (JJ 23-year-old) (JJ white) (NN female)) (VP (VBZ presents) (PP (IN with) (NP (NP (NN complaint)) (PP (IN of) (NP (NNS allergies))))))) (. .))))</ParseTree></Sentence><Sentence id="1" offset="860:902"><Text>Nasal mucosa was erythematous and swollen.</Text><Tokens Count="7"><Token POSTag="JJ" globalID="162" id="0" offset="860:865"><Text>Nasal</Text></Token><Token POSTag="NN" globalID="163" id="1" offset="866:872"><Text>mucosa</Text></Token><Token POSTag="VBD" globalID="164" id="2" offset="873:876"><Text>was</Text></Token><Token POSTag="JJ" globalID="165" id="3" offset="877:889"><Text>erythematous</Text></Token><Token POSTag="CC" globalID="166" id="4" offset="890:893"><Text>and</Text></Token><Token POSTag="JJ" globalID="167" id="5" offset="894:901"><Text>swollen</Text></Token><Token POSTag="." globalID="168" id="6" offset="901:902"><Text>.</Text></Token></Tokens><ParseTree>(S1 (S (NP (NP (NN SUBJECTIVE)) (: :) (S (NP (DT This) (JJ 23-year-old) (JJ white) (NN female)) (VP (VBZ presents) (PP (IN with) (NP (NP (NN complaint)) (PP (IN of) (NP (NNS allergies))))))) (. .))))</ParseTree></Sentence><Sentence id="2" offset="903:932"><Text>Only clear drainage was seen.</Text><Tokens Count="6"><Token POSTag="JJ" globalID="169" id="0" offset="903:907"><Text>Only</Text></Token><Token POSTag="JJ" globalID="170" id="1" offset="908:913"><Text>clear</Text></Token><Token POSTag="NN" globalID="171" id="2" offset="914:922"><Text>drainage</Text></Token><Token POSTag="VBD" globalID="172" id="3" offset="923:926"><Text>was</Text></Token><Token POSTag="VBN" globalID="173" id="4" offset="927:931"><Text>seen</Text></Token><Token POSTag="." globalID="174" id="5" offset="931:932"><Text>.</Text></Token></Tokens><ParseTree>(S1 (S (NP (NP (NN SUBJECTIVE)) (: :) (S (NP (DT This) (JJ 23-year-old) (JJ white) (NN female)) (VP (VBZ presents) (PP (IN with) (NP (NP (NN complaint)) (PP (IN of) (NP (NNS allergies))))))) (. .))))</ParseTree></Sentence><Sentence id="3" offset="933:948"><Text>TMs were clear.</Text><Tokens Count="4"><Token POSTag="NNS" globalID="175" id="0" offset="933:936"><Text>TMs</Text></Token><Token POSTag="VBD" globalID="176" id="1" offset="937:941"><Text>were</Text></Token><Token POSTag="JJ" globalID="177" id="2" offset="942:947"><Text>clear</Text></Token><Token POSTag="." globalID="178" id="3" offset="947:948"><Text>.</Text></Token></Tokens><ParseTree>(S1 (S (NP (NP (NN SUBJECTIVE)) (: :) (S (NP (DT This) (JJ 23-year-old) (JJ white) (NN female)) (VP (VBZ presents) (PP (IN with) (NP (NP (NN complaint)) (PP (IN of) (NP (NNS allergies))))))) (. .))))</ParseTree></Sentence></Sentences></Paragraph><Paragraph id="6"><Sentences Count="1"><Sentence id="0" offset="949:981"><Text>Neck: Supple without adenopathy.</Text><Tokens Count="6"><Token POSTag="NN" globalID="179" id="0" offset="949:953"><Text>Neck</Text></Token><Token POSTag=":" globalID="180" id="1" offset="953:954"><Text>:</Text></Token><Token POSTag="NN" globalID="181" id="2" offset="955:961"><Text>Supple</Text></Token><Token POSTag="IN" globalID="182" id="3" offset="962:969"><Text>without</Text></Token><Token POSTag="NN" globalID="183" id="4" offset="970:980"><Text>adenopathy</Text></Token><Token POSTag="." globalID="184" id="5" offset="980:981"><Text>.</Text></Token></Tokens><ParseTree>(S1 (S (NP (NP (NN SUBJECTIVE)) (: :) (S (NP (DT This) (JJ 23-year-old) (JJ white) (NN female)) (VP (VBZ presents) (PP (IN with) (NP (NP (NN complaint)) (PP (IN of) (NP (NNS allergies))))))) (. .))))</ParseTree></Sentence></Sentences></Paragraph><Paragraph id="7"><Sentences Count="1"><Sentence id="0" offset="982:995"><Text>Lungs: Clear.</Text><Tokens Count="4"><Token POSTag="NNS" globalID="185" id="0" offset="982:987"><Text>Lungs</Text></Token><Token POSTag=":" globalID="186" id="1" offset="987:988"><Text>:</Text></Token><Token POSTag="JJ" globalID="187" id="2" offset="989:994"><Text>Clear</Text></Token><Token POSTag="." globalID="188" id="3" offset="994:995"><Text>.</Text></Token></Tokens><ParseTree>(S1 (S (NP (NP (NN SUBJECTIVE)) (: :) (S (NP (DT This) (JJ 23-year-old) (JJ white) (NN female)) (VP (VBZ presents) (PP (IN with) (NP (NP (NN complaint)) (PP (IN of) (NP (NNS allergies))))))) (. .))))</ParseTree></Sentence></Sentences></Paragraph><Paragraph id="8"><Sentences Count="1"><Sentence id="0" offset="997:1027"><Text>ASSESSMENT: Allergic rhinitis.</Text><Tokens Count="5"><Token POSTag="NN" globalID="189" id="0" offset="997:1007"><Text>ASSESSMENT</Text></Token><Token POSTag=":" globalID="190" id="1" offset="1007:1008"><Text>:</Text></Token><Token POSTag="JJ" globalID="191" id="2" offset="1009:1017"><Text>Allergic</Text><METAMAP>[dsyn]</METAMAP></Token><Token POSTag="NN" globalID="192" id="3" offset="1018:1026"><Text>rhinitis</Text><METAMAP>[dsyn]</METAMAP></Token><Token POSTag="." globalID="193" id="4" offset="1026:1027"><Text>.</Text></Token></Tokens><ParseTree>(S1 (S (NP (NP (NN SUBJECTIVE)) (: :) (S (NP (DT This) (JJ 23-year-old) (JJ white) (NN female)) (VP (VBZ presents) (PP (IN with) (NP (NP (NN complaint)) (PP (IN of) (NP (NNS allergies))))))) (. .))))</ParseTree></Sentence></Sentences></Paragraph><Paragraph id="9"><Sentences Count="1"><Sentence id="0" offset="1029:1034"><Text>PLAN:</Text><Tokens Count="2"><Token POSTag="NN" globalID="194" id="0" offset="1029:1033"><Text>PLAN</Text></Token><Token POSTag=":" globalID="195" id="1" offset="1033:1034"><Text>:</Text></Token></Tokens><ParseTree>(S1 (S (NP (NP (NN SUBJECTIVE)) (: :) (S (NP (DT This) (JJ 23-year-old) (JJ white) (NN female)) (VP (VBZ presents) (PP (IN with) (NP (NP (NN complaint)) (PP (IN of) (NP (NNS allergies))))))) (. .))))</ParseTree></Sentence></Sentences></Paragraph><Paragraph id="10"><Sentences Count="4"><Sentence id="0" offset="1035:1037"><Text>1.</Text><Tokens Count="2"><Token POSTag="CD" globalID="196" id="0" offset="1035:1036"><Text>1</Text></Token><Token POSTag="." globalID="197" id="1" offset="1036:1037"><Text>.</Text></Token></Tokens><ParseTree>(S1 (S (NP (NP (NN SUBJECTIVE)) (: :) (S (NP (DT This) (JJ 23-year-old) (JJ white) (NN female)) (VP (VBZ presents) (PP (IN with) (NP (NP (NN complaint)) (PP (IN of) (NP (NNS allergies))))))) (. .))))</ParseTree></Sentence><Sentence id="1" offset="1038:1083"><Text>She will try Zyrtec instead of Allegra again.</Text><Tokens Count="9"><Token POSTag="PRP" globalID="198" id="0" offset="1038:1041"><Text>She</Text></Token><Token POSTag="MD" globalID="199" id="1" offset="1042:1046"><Text>will</Text></Token><Token POSTag="VB" globalID="200" id="2" offset="1047:1050"><Text>try</Text></Token><Token POSTag="NN" globalID="201" id="3" offset="1051:1057"><Text>Zyrtec</Text><METAMAP>[orch,phsu]</METAMAP></Token><Token POSTag="RB" globalID="202" id="4" offset="1058:1065"><Text>instead</Text></Token><Token POSTag="IN" globalID="203" id="5" offset="1066:1068"><Text>of</Text></Token><Token POSTag="NN" globalID="204" id="6" offset="1069:1076"><Text>Allegra</Text><METAMAP>[orch,phsu]</METAMAP></Token><Token POSTag="RB" globalID="205" id="7" offset="1077:1082"><Text>again</Text></Token><Token POSTag="." globalID="206" id="8" offset="1082:1083"><Text>.</Text></Token></Tokens><ParseTree>(S1 (S (NP (NP (NN SUBJECTIVE)) (: :) (S (NP (DT This) (JJ 23-year-old) (JJ white) (NN female)) (VP (VBZ presents) (PP (IN with) (NP (NP (NN complaint)) (PP (IN of) (NP (NNS allergies))))))) (. .))))</ParseTree></Sentence><Sentence id="2" offset="1084:1125"><Text>Another option will be to use loratadine.</Text><Tokens Count="8"><Token POSTag="DT" globalID="207" id="0" offset="1084:1091"><Text>Another</Text></Token><Token POSTag="NN" globalID="208" id="1" offset="1092:1098"><Text>option</Text></Token><Token POSTag="MD" globalID="209" id="2" offset="1099:1103"><Text>will</Text></Token><Token POSTag="VB" globalID="210" id="3" offset="1104:1106"><Text>be</Text></Token><Token POSTag="TO" globalID="211" id="4" offset="1107:1109"><Text>to</Text></Token><Token POSTag="VB" globalID="212" id="5" offset="1110:1113"><Text>use</Text></Token><Token POSTag="NN" globalID="213" id="6" offset="1114:1124"><Text>loratadine</Text><METAMAP>[orch,phsu]</METAMAP></Token><Token POSTag="." globalID="214" id="7" offset="1124:1125"><Text>.</Text></Token></Tokens><ParseTree>(S1 (S (NP (NP (NN SUBJECTIVE)) (: :) (S (NP (DT This) (JJ 23-year-old) (JJ white) (NN female)) (VP (VBZ presents) (PP (IN with) (NP (NP (NN complaint)) (PP (IN of) (NP (NNS allergies))))))) (. .))))</ParseTree></Sentence><Sentence id="3" offset="1126:1200"><Text>She does not think she has prescription coverage so that might be cheaper.</Text><Tokens Count="14"><Token POSTag="PRP" globalID="215" id="0" offset="1126:1129"><Text>She</Text></Token><Token POSTag="VBZ" globalID="216" id="1" offset="1130:1134"><Text>does</Text></Token><Token POSTag="RB" globalID="217" id="2" offset="1135:1138"><Text>not</Text></Token><Token POSTag="VBP" globalID="218" id="3" offset="1139:1144"><Text>think</Text></Token><Token POSTag="PRP" globalID="219" id="4" offset="1145:1148"><Text>she</Text></Token><Token POSTag="VBZ" globalID="220" id="5" offset="1149:1152"><Text>has</Text></Token><Token POSTag="NN" globalID="221" id="6" offset="1153:1165"><Text>prescription</Text></Token><Token POSTag="NN" globalID="222" id="7" offset="1166:1174"><Text>coverage</Text></Token><Token POSTag="IN" globalID="223" id="8" offset="1175:1177"><Text>so</Text></Token><Token POSTag="WDT" globalID="224" id="9" offset="1178:1182"><Text>that</Text></Token><Token POSTag="MD" globalID="225" id="10" offset="1183:1188"><Text>might</Text></Token><Token POSTag="VB" globalID="226" id="11" offset="1189:1191"><Text>be</Text></Token><Token POSTag="JJ" globalID="227" id="12" offset="1192:1199"><Text>cheaper</Text></Token><Token POSTag="." globalID="228" id="13" offset="1199:1200"><Text>.</Text></Token></Tokens><ParseTree>(S1 (S (NP (NP (NN SUBJECTIVE)) (: :) (S (NP (DT This) (JJ 23-year-old) (JJ white) (NN female)) (VP (VBZ presents) (PP (IN with) (NP (NP (NN complaint)) (PP (IN of) (NP (NNS allergies))))))) (. .))))</ParseTree></Sentence></Sentences></Paragraph><Paragraph id="11"><Sentences Count="3"><Sentence id="0" offset="1201:1203"><Text>2.</Text><Tokens Count="2"><Token POSTag="CD" globalID="229" id="0" offset="1201:1202"><Text>2</Text></Token><Token POSTag="." globalID="230" id="1" offset="1202:1203"><Text>.</Text></Token></Tokens><ParseTree>(S1 (S (NP (NP (NN SUBJECTIVE)) (: :) (S (NP (DT This) (JJ 23-year-old) (JJ white) (NN female)) (VP (VBZ presents) (PP (IN with) (NP (NP (NN complaint)) (PP (IN of) (NP (NNS allergies))))))) (. .))))</ParseTree></Sentence><Sentence id="1" offset="1204:1272"><Text>Samples of Nasonex two sprays in each nostril given for three weeks.</Text><Tokens Count="13"><Token POSTag="NNS" globalID="231" id="0" offset="1204:1211"><Text>Samples</Text></Token><Token POSTag="IN" globalID="232" id="1" offset="1212:1214"><Text>of</Text></Token><Token POSTag="NN" globalID="233" id="2" offset="1215:1222"><Text>Nasonex</Text></Token><Token POSTag="CD" globalID="234" id="3" offset="1223:1226"><Text>two</Text></Token><Token POSTag="NNS" globalID="235" id="4" offset="1227:1233"><Text>sprays</Text></Token><Token POSTag="IN" globalID="236" id="5" offset="1234:1236"><Text>in</Text></Token><Token POSTag="DT" globalID="237" id="6" offset="1237:1241"><Text>each</Text></Token><Token POSTag="NN" globalID="238" id="7" offset="1242:1249"><Text>nostril</Text></Token><Token POSTag="VBN" globalID="239" id="8" offset="1250:1255"><Text>given</Text></Token><Token POSTag="IN" globalID="240" id="9" offset="1256:1259"><Text>for</Text></Token><Token POSTag="CD" globalID="241" id="10" offset="1260:1265"><Text>three</Text></Token><Token POSTag="NNS" globalID="242" id="11" offset="1266:1271"><Text>weeks</Text></Token><Token POSTag="." globalID="243" id="12" offset="1271:1272"><Text>.</Text></Token></Tokens><ParseTree>(S1 (S (NP (NP (NN SUBJECTIVE)) (: :) (S (NP (DT This) (JJ 23-year-old) (JJ white) (NN female)) (VP (VBZ presents) (PP (IN with) (NP (NP (NN complaint)) (PP (IN of) (NP (NNS allergies))))))) (. .))))</ParseTree></Sentence><Sentence id="2" offset="1273:1309"><Text>A prescription was written as well. </Text><Tokens Count="7"><Token POSTag="DT" globalID="244" id="0" offset="1273:1274"><Text>A</Text></Token><Token POSTag="NN" globalID="245" id="1" offset="1275:1287"><Text>prescription</Text></Token><Token POSTag="VBD" globalID="246" id="2" offset="1288:1291"><Text>was</Text></Token><Token POSTag="VBN" globalID="247" id="3" offset="1292:1299"><Text>written</Text></Token><Token POSTag="IN" globalID="248" id="4" offset="1300:1302"><Text>as</Text></Token><Token POSTag="NN" globalID="249" id="5" offset="1303:1307"><Text>well</Text></Token><Token POSTag="." globalID="250" id="6" offset="1307:1308"><Text>.</Text></Token></Tokens><ParseTree>(S1 (S (NP (NP (NN SUBJECTIVE)) (: :) (S (NP (DT This) (JJ 23-year-old) (JJ white) (NN female)) (VP (VBZ presents) (PP (IN with) (NP (NP (NN complaint)) (PP (IN of) (NP (NNS allergies))))))) (. .))))</ParseTree></Sentence></Sentences></Paragraph><Paragraph id="12"><Sentences Count="1"><Sentence id="0" offset="1311:1359"><Text>//http://www.mtsamples.com/site/pages/sample.asp</Text><Tokens Count="3"><Token POSTag="NN" globalID="251" id="0" offset="1311:1317"><Text>//http</Text></Token><Token POSTag=":" globalID="252" id="1" offset="1317:1318"><Text>:</Text></Token><Token POSTag="NN" globalID="253" id="2" offset="1318:1359"><Text>//www.mtsamples.com/site/pages/sample.asp</Text></Token></Tokens><ParseTree>(S1 (S (NP (NP (NN SUBJECTIVE)) (: :) (S (NP (DT This) (JJ 23-year-old) (JJ white) (NN female)) (VP (VBZ presents) (PP (IN with) (NP (NP (NN complaint)) (PP (IN of) (NP (NNS allergies))))))) (. .))))</ParseTree></Sentence></Sentences></Paragraph></Paragraphs></StartOutput>