<StartOutput><Paragraphs Count="18"><Paragraph id="0"><Sentences Count="1"><Sentence id="0" offset="0:12"><Text>CC: Vertigo.</Text><Tokens Count="4"><Token POSTag="NN" globalID="0" id="0" offset="0:2"><Text>CC</Text></Token><Token POSTag=":" globalID="1" id="1" offset="2:3"><Text>:</Text></Token><Token POSTag="NN" globalID="2" id="2" offset="4:11"><Text>Vertigo</Text><METAMAP>[sosy]</METAMAP></Token><Token POSTag="." globalID="3" id="3" offset="11:12"><Text>.</Text></Token></Tokens><ParseTree>(S1 (S (S (NP (NN CC)) (: :) (NP (NN Vertigo))) (. .)))</ParseTree></Sentence></Sentences></Paragraph><Paragraph id="1"><Sentences Count="8"><Sentence id="0" offset="14:129"><Text>HX: This 61y/o RHF experienced a 2-3 minute episode of lightheadedness while driving home from the dentist in 5/92.</Text><Tokens Count="21"><Token POSTag="NN" globalID="4" id="0" offset="14:16"><Text>HX</Text></Token><Token POSTag=":" globalID="5" id="1" offset="16:17"><Text>:</Text></Token><Token POSTag="DT" globalID="6" id="2" offset="18:22"><Text>This</Text></Token><Token POSTag="NN" globalID="7" id="3" offset="23:28"><Text>61y/o</Text></Token><Token POSTag="NN" globalID="8" id="4" offset="29:32"><Text>RHF</Text></Token><Token POSTag="VBN" globalID="9" id="5" offset="33:44"><Text>experienced</Text></Token><Token POSTag="DT" globalID="10" id="6" offset="45:46"><Text>a</Text></Token><Token POSTag="CD" globalID="11" id="7" offset="47:50"><Text>2-3</Text></Token><Token POSTag="NN" globalID="12" id="8" offset="51:57"><Text>minute</Text></Token><Token POSTag="NN" globalID="13" id="9" offset="58:65"><Text>episode</Text></Token><Token POSTag="IN" globalID="14" id="10" offset="66:68"><Text>of</Text></Token><Token POSTag="NNS" globalID="15" id="11" offset="69:84"><Text>lightheadedness</Text><METAMAP>[sosy]</METAMAP></Token><Token POSTag="IN" globalID="16" id="12" offset="85:90"><Text>while</Text></Token><Token POSTag="VBG" globalID="17" id="13" offset="91:98"><Text>driving</Text></Token><Token POSTag="NN" globalID="18" id="14" offset="99:103"><Text>home</Text></Token><Token POSTag="IN" globalID="19" id="15" offset="104:108"><Text>from</Text></Token><Token POSTag="DT" globalID="20" id="16" offset="109:112"><Text>the</Text></Token><Token POSTag="NN" globalID="21" id="17" offset="113:120"><Text>dentist</Text></Token><Token POSTag="IN" globalID="22" id="18" offset="121:123"><Text>in</Text></Token><Token POSTag="NN" globalID="23" id="19" offset="124:128"><Text>5/92</Text></Token><Token POSTag="." globalID="24" id="20" offset="128:129"><Text>.</Text></Token></Tokens><ParseTree>(S1 (S (S (NP (NN CC)) (: :) (NP (NN Vertigo))) (. .)))</ParseTree></Sentence><Sentence id="1" offset="130:197"><Text>In 11/92, while eating breakfast, she suddenly experienced vertigo.</Text><Tokens Count="12"><Token POSTag="IN" globalID="25" id="0" offset="130:132"><Text>In</Text></Token><Token POSTag="NN" globalID="26" id="1" offset="133:138"><Text>11/92</Text></Token><Token POSTag="," globalID="27" id="2" offset="138:139"><Text>,</Text></Token><Token POSTag="IN" globalID="28" id="3" offset="140:145"><Text>while</Text></Token><Token POSTag="VBG" globalID="29" id="4" offset="146:152"><Text>eating</Text></Token><Token POSTag="NN" globalID="30" id="5" offset="153:162"><Text>breakfast</Text></Token><Token POSTag="," globalID="31" id="6" offset="162:163"><Text>,</Text></Token><Token POSTag="PRP" globalID="32" id="7" offset="164:167"><Text>she</Text></Token><Token POSTag="RB" globalID="33" id="8" offset="168:176"><Text>suddenly</Text></Token><Token POSTag="VBN" globalID="34" id="9" offset="177:188"><Text>experienced</Text></Token><Token POSTag="NN" globalID="35" id="10" offset="189:196"><Text>vertigo</Text><METAMAP>[sosy]</METAMAP></Token><Token POSTag="." globalID="36" id="11" offset="196:197"><Text>.</Text></Token></Tokens><ParseTree>(S1 (S (S (NP (NN CC)) (: :) (NP (NN Vertigo))) (. .)))</ParseTree></Sentence><Sentence id="2" offset="198:271"><Text>This was immediately followed by nausea and several episodes of vomiting.</Text><Tokens Count="12"><Token POSTag="DT" globalID="37" id="0" offset="198:202"><Text>This</Text></Token><Token POSTag="VBD" globalID="38" id="1" offset="203:206"><Text>was</Text></Token><Token POSTag="RB" globalID="39" id="2" offset="207:218"><Text>immediately</Text></Token><Token POSTag="VBN" globalID="40" id="3" offset="219:227"><Text>followed</Text></Token><Token POSTag="IN" globalID="41" id="4" offset="228:230"><Text>by</Text></Token><Token POSTag="NN" globalID="42" id="5" offset="231:237"><Text>nausea</Text><METAMAP>[sosy]</METAMAP></Token><Token POSTag="CC" globalID="43" id="6" offset="238:241"><Text>and</Text></Token><Token POSTag="JJ" globalID="44" id="7" offset="242:249"><Text>several</Text></Token><Token POSTag="NNS" globalID="45" id="8" offset="250:258"><Text>episodes</Text></Token><Token POSTag="IN" globalID="46" id="9" offset="259:261"><Text>of</Text></Token><Token POSTag="NN" globalID="47" id="10" offset="262:270"><Text>vomiting</Text><METAMAP>[sosy]</METAMAP></Token><Token POSTag="." globalID="48" id="11" offset="270:271"><Text>.</Text></Token></Tokens><ParseTree>(S1 (S (S (NP (NN CC)) (: :) (NP (NN Vertigo))) (. .)))</ParseTree></Sentence><Sentence id="3" offset="272:302"><Text>The vertigo lasted 2-3minutes.</Text><Tokens Count="5"><Token POSTag="DT" globalID="49" id="0" offset="272:275"><Text>The</Text></Token><Token POSTag="NN" globalID="50" id="1" offset="276:283"><Text>vertigo</Text><METAMAP>[sosy]</METAMAP></Token><Token POSTag="VBD" globalID="51" id="2" offset="284:290"><Text>lasted</Text></Token><Token POSTag="NN" globalID="52" id="3" offset="291:301"><Text>2-3minutes</Text></Token><Token POSTag="." globalID="53" id="4" offset="301:302"><Text>.</Text></Token></Tokens><ParseTree>(S1 (S (S (NP (NN CC)) (: :) (NP (NN Vertigo))) (. .)))</ParseTree></Sentence><Sentence id="4" offset="303:359"><Text>She retired to her room for a 2 hour nap after vomiting.</Text><Tokens Count="13"><Token POSTag="PRP" globalID="54" id="0" offset="303:306"><Text>She</Text></Token><Token POSTag="VBD" globalID="55" id="1" offset="307:314"><Text>retired</Text></Token><Token POSTag="TO" globalID="56" id="2" offset="315:317"><Text>to</Text></Token><Token POSTag="PRP$" globalID="57" id="3" offset="318:321"><Text>her</Text></Token><Token POSTag="NN" globalID="58" id="4" offset="322:326"><Text>room</Text></Token><Token POSTag="IN" globalID="59" id="5" offset="327:330"><Text>for</Text></Token><Token POSTag="DT" globalID="60" id="6" offset="331:332"><Text>a</Text></Token><Token POSTag="CD" globalID="61" id="7" offset="333:334"><Text>2</Text></Token><Token POSTag="NN" globalID="62" id="8" offset="335:339"><Text>hour</Text></Token><Token POSTag="NN" globalID="63" id="9" offset="340:343"><Text>nap</Text></Token><Token POSTag="IN" globalID="64" id="10" offset="344:349"><Text>after</Text></Token><Token POSTag="NN" globalID="65" id="11" offset="350:358"><Text>vomiting</Text><METAMAP>[sosy]</METAMAP></Token><Token POSTag="." globalID="66" id="12" offset="358:359"><Text>.</Text></Token></Tokens><ParseTree>(S1 (S (S (NP (NN CC)) (: :) (NP (NN Vertigo))) (. .)))</ParseTree></Sentence><Sentence id="5" offset="360:402"><Text>When she awoke, the symptoms had resolved.</Text><Tokens Count="9"><Token POSTag="WRB" globalID="67" id="0" offset="360:364"><Text>When</Text></Token><Token POSTag="PRP" globalID="68" id="1" offset="365:368"><Text>she</Text></Token><Token POSTag="VBP" globalID="69" id="2" offset="369:374"><Text>awoke</Text></Token><Token POSTag="," globalID="70" id="3" offset="374:375"><Text>,</Text></Token><Token POSTag="DT" globalID="71" id="4" offset="376:379"><Text>the</Text></Token><Token POSTag="NNS" globalID="72" id="5" offset="380:388"><Text>symptoms</Text><METAMAP>[sosy]</METAMAP></Token><Token POSTag="VBD" globalID="73" id="6" offset="389:392"><Text>had</Text></Token><Token POSTag="VBN" globalID="74" id="7" offset="393:401"><Text>resolved</Text></Token><Token POSTag="." globalID="75" id="8" offset="401:402"><Text>.</Text></Token></Tokens><ParseTree>(S1 (S (S (NP (NN CC)) (: :) (NP (NN Vertigo))) (. .)))</ParseTree></Sentence><Sentence id="6" offset="403:472"><Text>On 1/13/93 she had an episode of right arm numbness lasting 4-5hours.</Text><Tokens Count="13"><Token POSTag="IN" globalID="76" id="0" offset="403:405"><Text>On</Text></Token><Token POSTag="NN" globalID="77" id="1" offset="406:413"><Text>1/13/93</Text></Token><Token POSTag="PRP" globalID="78" id="2" offset="414:417"><Text>she</Text></Token><Token POSTag="VBD" globalID="79" id="3" offset="418:421"><Text>had</Text></Token><Token POSTag="DT" globalID="80" id="4" offset="422:424"><Text>an</Text></Token><Token POSTag="NN" globalID="81" id="5" offset="425:432"><Text>episode</Text></Token><Token POSTag="IN" globalID="82" id="6" offset="433:435"><Text>of</Text></Token><Token POSTag="JJ" globalID="83" id="7" offset="436:441"><Text>right</Text></Token><Token POSTag="NN" globalID="84" id="8" offset="442:445"><Text>arm</Text></Token><Token POSTag="NNS" globalID="85" id="9" offset="446:454"><Text>numbness</Text><METAMAP>[sosy]</METAMAP></Token><Token POSTag="VBG" globalID="86" id="10" offset="455:462"><Text>lasting</Text></Token><Token POSTag="NNS" globalID="87" id="11" offset="463:471"><Text>4-5hours</Text></Token><Token POSTag="." globalID="88" id="12" offset="471:472"><Text>.</Text></Token></Tokens><ParseTree>(S1 (S (S (NP (NN CC)) (: :) (NP (NN Vertigo))) (. .)))</ParseTree></Sentence><Sentence id="7" offset="473:576"><Text>There was no associated weakness, HA, dysarthria, dysphagia, visual change, vertigo or lightheadedness.</Text><Tokens Count="19"><Token POSTag="EX" globalID="89" id="0" offset="473:478"><Text>There</Text></Token><Token POSTag="VBD" globalID="90" id="1" offset="479:482"><Text>was</Text></Token><Token POSTag="DT" globalID="91" id="2" offset="483:485"><Text>no</Text></Token><Token POSTag="VBN" globalID="92" id="3" offset="486:496"><Text>associated</Text></Token><Token POSTag="NN" globalID="93" id="4" offset="497:505"><Text>weakness</Text><METAMAP>[sosy]</METAMAP></Token><Token POSTag="," globalID="94" id="5" offset="505:506"><Text>,</Text></Token><Token POSTag="NN" globalID="95" id="6" offset="507:509"><Text>HA</Text></Token><Token POSTag="," globalID="96" id="7" offset="509:510"><Text>,</Text></Token><Token POSTag="NN" globalID="97" id="8" offset="511:521"><Text>dysarthria</Text></Token><Token POSTag="," globalID="98" id="9" offset="521:522"><Text>,</Text></Token><Token POSTag="NN" globalID="99" id="10" offset="523:532"><Text>dysphagia</Text><METAMAP>[dsyn]</METAMAP></Token><Token POSTag="," globalID="100" id="11" offset="532:533"><Text>,</Text></Token><Token POSTag="JJ" globalID="101" id="12" offset="534:540"><Text>visual</Text></Token><Token POSTag="NN" globalID="102" id="13" offset="541:547"><Text>change</Text></Token><Token POSTag="," globalID="103" id="14" offset="547:548"><Text>,</Text></Token><Token POSTag="NN" globalID="104" id="15" offset="549:556"><Text>vertigo</Text><METAMAP>[sosy]</METAMAP></Token><Token POSTag="CC" globalID="105" id="16" offset="557:559"><Text>or</Text></Token><Token POSTag="NNS" globalID="106" id="17" offset="560:575"><Text>lightheadedness</Text><METAMAP>[sosy]</METAMAP></Token><Token POSTag="." globalID="107" id="18" offset="575:576"><Text>.</Text></Token></Tokens><ParseTree>(S1 (S (S (NP (NN CC)) (: :) (NP (NN Vertigo))) (. .)))</ParseTree></Sentence></Sentences></Paragraph><Paragraph id="2"><Sentences Count="2"><Sentence id="0" offset="578:647"><Text>OUTSIDE RECORDS: 12/16/92 Carotid Doppler (RICA 30-40%, LICA 10-20%).</Text><Tokens Count="16"><Token POSTag="JJ" globalID="108" id="0" offset="578:585"><Text>OUTSIDE</Text></Token><Token POSTag="NNS" globalID="109" id="1" offset="586:593"><Text>RECORDS</Text></Token><Token POSTag=":" globalID="110" id="2" offset="593:594"><Text>:</Text></Token><Token POSTag="NN" globalID="111" id="3" offset="595:603"><Text>12/16/92</Text></Token><Token POSTag="NN" globalID="112" id="4" offset="604:611"><Text>Carotid</Text></Token><Token POSTag="NN" globalID="113" id="5" offset="612:619"><Text>Doppler</Text></Token><Token POSTag="-LRB-" globalID="114" id="6" offset="620:621"><Text>(</Text></Token><Token POSTag="NNP" globalID="115" id="7" offset="621:625"><Text>RICA</Text></Token><Token POSTag="CD" globalID="116" id="8" offset="626:631"><Text>30-40</Text></Token><Token POSTag="NN" globalID="117" id="9" offset="631:632"><Text>%</Text></Token><Token POSTag="," globalID="118" id="10" offset="632:633"><Text>,</Text></Token><Token POSTag="NN" globalID="119" id="11" offset="634:638"><Text>LICA</Text></Token><Token POSTag="CD" globalID="120" id="12" offset="639:644"><Text>10-20</Text></Token><Token POSTag="NN" globalID="121" id="13" offset="644:645"><Text>%</Text></Token><Token POSTag="-RRB-" globalID="122" id="14" offset="645:646"><Text>)</Text></Token><Token POSTag="." globalID="123" id="15" offset="646:647"><Text>.</Text></Token></Tokens><ParseTree>(S1 (S (S (NP (NN CC)) (: :) (NP (NN Vertigo))) (. .)))</ParseTree></Sentence><Sentence id="1" offset="648:731"><Text>12/4/92, brain MRI revealed a right cerebellar hypodensity consistent with infarct.</Text><Tokens Count="13"><Token POSTag="CD" globalID="124" id="0" offset="648:655"><Text>12/4/92</Text></Token><Token POSTag="," globalID="125" id="1" offset="655:656"><Text>,</Text></Token><Token POSTag="NN" globalID="126" id="2" offset="657:662"><Text>brain</Text></Token><Token POSTag="NN" globalID="127" id="3" offset="663:666"><Text>MRI</Text></Token><Token POSTag="VBD" globalID="128" id="4" offset="667:675"><Text>revealed</Text></Token><Token POSTag="DT" globalID="129" id="5" offset="671:672"><Text>a</Text></Token><Token POSTag="JJ" globalID="130" id="6" offset="678:683"><Text>right</Text></Token><Token POSTag="NN" globalID="131" id="7" offset="684:694"><Text>cerebellar</Text></Token><Token POSTag="NN" globalID="132" id="8" offset="695:706"><Text>hypodensity</Text></Token><Token POSTag="JJ" globalID="133" id="9" offset="707:717"><Text>consistent</Text></Token><Token POSTag="IN" globalID="134" id="10" offset="718:722"><Text>with</Text></Token><Token POSTag="NN" globalID="135" id="11" offset="723:730"><Text>infarct</Text></Token><Token POSTag="." globalID="136" id="12" offset="730:731"><Text>.</Text></Token></Tokens><ParseTree>(S1 (S (S (NP (NN CC)) (: :) (NP (NN Vertigo))) (. .)))</ParseTree></Sentence></Sentences></Paragraph><Paragraph id="3"><Sentences Count="2"><Sentence id="0" offset="733:855"><Text>MEDS: Zantac 150mg bid, Proventil MDI bid, Azmacort MDI bid, Doxycycline 100mg bid, Premarin 0.625mg qd, Provera 2.5mg qd.</Text><Tokens Count="26"><Token POSTag="NN" globalID="137" id="0" offset="733:737"><Text>MEDS</Text></Token><Token POSTag=":" globalID="138" id="1" offset="737:738"><Text>:</Text></Token><Token POSTag="NN" globalID="139" id="2" offset="739:745"><Text>Zantac</Text><METAMAP>[orch,phsu]</METAMAP></Token><Token POSTag="NN" globalID="140" id="3" offset="746:751"><Text>150mg</Text></Token><Token POSTag="NN" globalID="141" id="4" offset="752:755"><Text>bid</Text></Token><Token POSTag="," globalID="142" id="5" offset="755:756"><Text>,</Text></Token><Token POSTag="NN" globalID="143" id="6" offset="757:766"><Text>Proventil</Text><METAMAP>[orch,phsu]</METAMAP></Token><Token POSTag="NN" globalID="144" id="7" offset="767:770"><Text>MDI</Text></Token><Token POSTag="NN" globalID="145" id="8" offset="771:774"><Text>bid</Text></Token><Token POSTag="," globalID="146" id="9" offset="774:775"><Text>,</Text></Token><Token POSTag="NNP" globalID="147" id="10" offset="776:784"><Text>Azmacort</Text></Token><Token POSTag="NNP" globalID="148" id="11" offset="785:788"><Text>MDI</Text></Token><Token POSTag="NN" globalID="149" id="12" offset="789:792"><Text>bid</Text></Token><Token POSTag="," globalID="150" id="13" offset="792:793"><Text>,</Text></Token><Token POSTag="NN" globalID="151" id="14" offset="794:805"><Text>Doxycycline</Text></Token><Token POSTag="NN" globalID="152" id="15" offset="806:811"><Text>100mg</Text></Token><Token POSTag="NN" globalID="153" id="16" offset="812:815"><Text>bid</Text></Token><Token POSTag="," globalID="154" id="17" offset="815:816"><Text>,</Text></Token><Token POSTag="NN" globalID="155" id="18" offset="817:825"><Text>Premarin</Text></Token><Token POSTag="NN" globalID="156" id="19" offset="826:833"><Text>0.625mg</Text></Token><Token POSTag="NN" globalID="157" id="20" offset="834:836"><Text>qd</Text></Token><Token POSTag="," globalID="158" id="21" offset="836:837"><Text>,</Text></Token><Token POSTag="NN" globalID="159" id="22" offset="838:845"><Text>Provera</Text></Token><Token POSTag="NN" globalID="160" id="23" offset="846:851"><Text>2.5mg</Text></Token><Token POSTag="NN" globalID="161" id="24" offset="852:854"><Text>qd</Text></Token><Token POSTag="." globalID="162" id="25" offset="854:855"><Text>.</Text></Token></Tokens><ParseTree>(S1 (S (S (NP (NN CC)) (: :) (NP (NN Vertigo))) (. .)))</ParseTree></Sentence><Sentence id="1" offset="856:869"><Text>ASA 325mg qd.</Text><Tokens Count="4"><Token POSTag="NN" globalID="163" id="0" offset="856:859"><Text>ASA</Text><METAMAP>[orch,phsu]</METAMAP></Token><Token POSTag="VBZ" globalID="164" id="1" offset="860:865"><Text>325mg</Text></Token><Token POSTag="NN" globalID="165" id="2" offset="866:868"><Text>qd</Text></Token><Token POSTag="." globalID="166" id="3" offset="868:869"><Text>.</Text></Token></Tokens><ParseTree>(S1 (S (S (NP (NN CC)) (: :) (NP (NN Vertigo))) (. .)))</ParseTree></Sentence></Sentences></Paragraph><Paragraph id="4"><Sentences Count="9"><Sentence id="0" offset="871:913"><Text>PMH: 1)MDD off antidepressants since 6/92.</Text><Tokens Count="10"><Token POSTag="NN" globalID="167" id="0" offset="871:874"><Text>PMH</Text></Token><Token POSTag=":" globalID="168" id="1" offset="874:875"><Text>:</Text></Token><Token POSTag="CD" globalID="169" id="2" offset="876:877"><Text>1</Text></Token><Token POSTag="-RRB-" globalID="170" id="3" offset="877:878"><Text>)</Text></Token><Token POSTag="NN" globalID="171" id="4" offset="878:881"><Text>MDD</Text></Token><Token POSTag="RP" globalID="172" id="5" offset="882:885"><Text>off</Text></Token><Token POSTag="NNS" globalID="173" id="6" offset="886:901"><Text>antidepressants</Text><METAMAP>[phsu]</METAMAP></Token><Token POSTag="IN" globalID="174" id="7" offset="902:907"><Text>since</Text></Token><Token POSTag="CD" globalID="175" id="8" offset="908:912"><Text>6/92</Text></Token><Token POSTag="." globalID="176" id="9" offset="912:913"><Text>.</Text></Token></Tokens><ParseTree>(S1 (S (S (NP (NN CC)) (: :) (NP (NN Vertigo))) (. .)))</ParseTree></Sentence><Sentence id="1" offset="914:923"><Text>2)asthma.</Text><Tokens Count="4"><Token POSTag="LS" globalID="177" id="0" offset="914:915"><Text>2</Text></Token><Token POSTag="-RRB-" globalID="178" id="1" offset="915:916"><Text>)</Text></Token><Token POSTag="NN" globalID="179" id="2" offset="916:922"><Text>asthma</Text><METAMAP>[dsyn]</METAMAP></Token><Token POSTag="." globalID="180" id="3" offset="922:923"><Text>.</Text></Token></Tokens><ParseTree>(S1 (S (S (NP (NN CC)) (: :) (NP (NN Vertigo))) (. .)))</ParseTree></Sentence><Sentence id="2" offset="924:944"><Text>3)allergic rhinitis.</Text><Tokens Count="5"><Token POSTag="LS" globalID="181" id="0" offset="924:925"><Text>3</Text></Token><Token POSTag="-RRB-" globalID="182" id="1" offset="925:926"><Text>)</Text></Token><Token POSTag="JJ" globalID="183" id="2" offset="926:934"><Text>allergic</Text><METAMAP>[dsyn]</METAMAP></Token><Token POSTag="NN" globalID="184" id="3" offset="935:943"><Text>rhinitis</Text><METAMAP>[dsyn]</METAMAP></Token><Token POSTag="." globalID="185" id="4" offset="943:944"><Text>.</Text></Token></Tokens><ParseTree>(S1 (S (S (NP (NN CC)) (: :) (NP (NN Vertigo))) (. .)))</ParseTree></Sentence><Sentence id="3" offset="945:965"><Text>4)chronic sinusitis.</Text><Tokens Count="5"><Token POSTag="LS" globalID="186" id="0" offset="945:946"><Text>4</Text></Token><Token POSTag="-RRB-" globalID="187" id="1" offset="946:947"><Text>)</Text></Token><Token POSTag="JJ" globalID="188" id="2" offset="947:954"><Text>chronic</Text><METAMAP>[dsyn]</METAMAP></Token><Token POSTag="NN" globalID="189" id="3" offset="955:964"><Text>sinusitis</Text><METAMAP>[dsyn]</METAMAP></Token><Token POSTag="." globalID="190" id="4" offset="964:965"><Text>.</Text></Token></Tokens><ParseTree>(S1 (S (S (NP (NN CC)) (: :) (NP (NN Vertigo))) (. .)))</ParseTree></Sentence><Sentence id="4" offset="966:1013"><Text>5)s/p Caldwell-Luc 1978, and nasal polypectomy.</Text><Tokens Count="10"><Token POSTag="LS" globalID="191" id="0" offset="966:967"><Text>5</Text></Token><Token POSTag="-RRB-" globalID="192" id="1" offset="967:968"><Text>)</Text></Token><Token POSTag="NNP" globalID="193" id="2" offset="968:971"><Text>s/p</Text></Token><Token POSTag="NNP" globalID="194" id="3" offset="972:984"><Text>Caldwell-Luc</Text></Token><Token POSTag="CD" globalID="195" id="4" offset="985:989"><Text>1978</Text></Token><Token POSTag="," globalID="196" id="5" offset="989:990"><Text>,</Text></Token><Token POSTag="CC" globalID="197" id="6" offset="991:994"><Text>and</Text></Token><Token POSTag="JJ" globalID="198" id="7" offset="995:1000"><Text>nasal</Text></Token><Token POSTag="NN" globalID="199" id="8" offset="1001:1012"><Text>polypectomy</Text></Token><Token POSTag="." globalID="200" id="9" offset="1012:1013"><Text>.</Text></Token></Tokens><ParseTree>(S1 (S (S (NP (NN CC)) (: :) (NP (NN Vertigo))) (. .)))</ParseTree></Sentence><Sentence id="5" offset="1014:1022"><Text>6) GERD.</Text><Tokens Count="4"><Token POSTag="CD" globalID="201" id="0" offset="1014:1015"><Text>6</Text></Token><Token POSTag="-RRB-" globalID="202" id="1" offset="1015:1016"><Text>)</Text></Token><Token POSTag="VBP" globalID="203" id="2" offset="1017:1021"><Text>GERD</Text><METAMAP>[dsyn]</METAMAP></Token><Token POSTag="." globalID="204" id="3" offset="1021:1022"><Text>.</Text></Token></Tokens><ParseTree>(S1 (S (S (NP (NN CC)) (: :) (NP (NN Vertigo))) (. .)))</ParseTree></Sentence><Sentence id="6" offset="1023:1042"><Text>7)h/o elevated TSH.</Text><Tokens Count="6"><Token POSTag="CD" globalID="205" id="0" offset="1023:1024"><Text>7</Text></Token><Token POSTag="-RRB-" globalID="206" id="1" offset="1024:1025"><Text>)</Text></Token><Token POSTag="NN" globalID="207" id="2" offset="1025:1028"><Text>h/o</Text></Token><Token POSTag="VBD" globalID="208" id="3" offset="1029:1037"><Text>elevated</Text></Token><Token POSTag="NN" globalID="209" id="4" offset="1038:1041"><Text>TSH</Text></Token><Token POSTag="." globalID="210" id="5" offset="1041:1042"><Text>.</Text></Token></Tokens><ParseTree>(S1 (S (S (NP (NN CC)) (: :) (NP (NN Vertigo))) (. .)))</ParseTree></Sentence><Sentence id="7" offset="1043:1082"><Text>8)hypercholesterolemia 287 on 11/20/93.</Text><Tokens Count="7"><Token POSTag="CD" globalID="211" id="0" offset="1043:1044"><Text>8</Text></Token><Token POSTag="-RRB-" globalID="212" id="1" offset="1044:1045"><Text>)</Text></Token><Token POSTag="NN" globalID="213" id="2" offset="1045:1065"><Text>hypercholesterolemia</Text><METAMAP>[dsyn]</METAMAP></Token><Token POSTag="NN" globalID="214" id="3" offset="1066:1069"><Text>287</Text></Token><Token POSTag="IN" globalID="215" id="4" offset="1070:1072"><Text>on</Text></Token><Token POSTag="NN" globalID="216" id="5" offset="1073:1081"><Text>11/20/93</Text></Token><Token POSTag="." globalID="217" id="6" offset="1081:1082"><Text>.</Text></Token></Tokens><ParseTree>(S1 (S (S (NP (NN CC)) (: :) (NP (NN Vertigo))) (. .)))</ParseTree></Sentence><Sentence id="8" offset="1083:1148"><Text>9)h/o heme positive stool: BE 11/24/92 and UGI 11/25/92 negative.</Text><Tokens Count="14"><Token POSTag="CD" globalID="218" id="0" offset="1083:1084"><Text>9</Text></Token><Token POSTag="-RRB-" globalID="219" id="1" offset="1084:1085"><Text>)</Text></Token><Token POSTag="NN" globalID="220" id="2" offset="1085:1088"><Text>h/o</Text></Token><Token POSTag="NN" globalID="221" id="3" offset="1089:1093"><Text>heme</Text></Token><Token POSTag="JJ" globalID="222" id="4" offset="1094:1102"><Text>positive</Text></Token><Token POSTag="NN" globalID="223" id="5" offset="1103:1108"><Text>stool</Text></Token><Token POSTag=":" globalID="224" id="6" offset="1108:1109"><Text>:</Text></Token><Token POSTag="VB" globalID="225" id="7" offset="1110:1112"><Text>BE</Text></Token><Token POSTag="NN" globalID="226" id="8" offset="1113:1121"><Text>11/24/92</Text></Token><Token POSTag="CC" globalID="227" id="9" offset="1122:1125"><Text>and</Text></Token><Token POSTag="NN" globalID="228" id="10" offset="1126:1129"><Text>UGI</Text></Token><Token POSTag="NN" globalID="229" id="11" offset="1130:1138"><Text>11/25/92</Text></Token><Token POSTag="JJ" globalID="230" id="12" offset="1139:1147"><Text>negative</Text></Token><Token POSTag="." globalID="231" id="13" offset="1147:1148"><Text>.</Text></Token></Tokens><ParseTree>(S1 (S (S (NP (NN CC)) (: :) (NP (NN Vertigo))) (. .)))</ParseTree></Sentence></Sentences></Paragraph><Paragraph id="5"><Sentences Count="2"><Sentence id="0" offset="1150:1205"><Text>FHX: Father died of a thoracic aortic aneurysm, age 71.</Text><Tokens Count="13"><Token POSTag="NN" globalID="232" id="0" offset="1150:1153"><Text>FHX</Text></Token><Token POSTag=":" globalID="233" id="1" offset="1153:1154"><Text>:</Text></Token><Token POSTag="NN" globalID="234" id="2" offset="1155:1161"><Text>Father</Text></Token><Token POSTag="VBD" globalID="235" id="3" offset="1162:1166"><Text>died</Text></Token><Token POSTag="IN" globalID="236" id="4" offset="1167:1169"><Text>of</Text></Token><Token POSTag="DT" globalID="237" id="5" offset="1170:1171"><Text>a</Text></Token><Token POSTag="JJ" globalID="238" id="6" offset="1172:1180"><Text>thoracic</Text><METAMAP>[dsyn]</METAMAP></Token><Token POSTag="JJ" globalID="239" id="7" offset="1181:1187"><Text>aortic</Text><METAMAP>[dsyn]</METAMAP></Token><Token POSTag="NN" globalID="240" id="8" offset="1188:1196"><Text>aneurysm</Text><METAMAP>[dsyn]</METAMAP></Token><Token POSTag="," globalID="241" id="9" offset="1196:1197"><Text>,</Text></Token><Token POSTag="NN" globalID="242" id="10" offset="1198:1201"><Text>age</Text></Token><Token POSTag="CD" globalID="243" id="11" offset="1202:1204"><Text>71</Text></Token><Token POSTag="." globalID="244" id="12" offset="1204:1205"><Text>.</Text></Token></Tokens><ParseTree>(S1 (S (S (NP (NN CC)) (: :) (NP (NN Vertigo))) (. .)))</ParseTree></Sentence><Sentence id="1" offset="1206:1236"><Text>Mother died of stroke, age 81.</Text><Tokens Count="8"><Token POSTag="NN" globalID="245" id="0" offset="1206:1212"><Text>Mother</Text></Token><Token POSTag="VBD" globalID="246" id="1" offset="1213:1217"><Text>died</Text></Token><Token POSTag="IN" globalID="247" id="2" offset="1218:1220"><Text>of</Text></Token><Token POSTag="NN" globalID="248" id="3" offset="1221:1227"><Text>stroke</Text><METAMAP>[dsyn]</METAMAP></Token><Token POSTag="," globalID="249" id="4" offset="1227:1228"><Text>,</Text></Token><Token POSTag="NN" globalID="250" id="5" offset="1229:1232"><Text>age</Text></Token><Token POSTag="CD" globalID="251" id="6" offset="1233:1235"><Text>81</Text></Token><Token POSTag="." globalID="252" id="7" offset="1235:1236"><Text>.</Text></Token></Tokens><ParseTree>(S1 (S (S (NP (NN CC)) (: :) (NP (NN Vertigo))) (. .)))</ParseTree></Sentence></Sentences></Paragraph><Paragraph id="6"><Sentences Count="4"><Sentence id="0" offset="1238:1251"><Text>SHX: Married.</Text><Tokens Count="4"><Token POSTag="NN" globalID="253" id="0" offset="1238:1241"><Text>SHX</Text></Token><Token POSTag=":" globalID="254" id="1" offset="1241:1242"><Text>:</Text></Token><Token POSTag="JJ" globalID="255" id="2" offset="1243:1250"><Text>Married</Text></Token><Token POSTag="." globalID="256" id="3" offset="1250:1251"><Text>.</Text></Token></Tokens><ParseTree>(S1 (S (S (NP (NN CC)) (: :) (NP (NN Vertigo))) (. .)))</ParseTree></Sentence><Sentence id="1" offset="1252:1269"><Text>One son deceased.</Text><Tokens Count="4"><Token POSTag="CD" globalID="257" id="0" offset="1252:1255"><Text>One</Text></Token><Token POSTag="NN" globalID="258" id="1" offset="1256:1259"><Text>son</Text></Token><Token POSTag="VBN" globalID="259" id="2" offset="1260:1268"><Text>deceased</Text></Token><Token POSTag="." globalID="260" id="3" offset="1268:1269"><Text>.</Text></Token></Tokens><ParseTree>(S1 (S (S (NP (NN CC)) (: :) (NP (NN Vertigo))) (. .)))</ParseTree></Sentence><Sentence id="2" offset="1270:1282"><Text>Salesperson.</Text><Tokens Count="2"><Token POSTag="NN" globalID="261" id="0" offset="1270:1281"><Text>Salesperson</Text></Token><Token POSTag="." globalID="262" id="1" offset="1281:1282"><Text>.</Text></Token></Tokens><ParseTree>(S1 (S (S (NP (NN CC)) (: :) (NP (NN Vertigo))) (. .)))</ParseTree></Sentence><Sentence id="3" offset="1283:1320"><Text>Denied tobacco/ETOH/illicit drug use.</Text><Tokens Count="5"><Token POSTag="VBN" globalID="263" id="0" offset="1283:1289"><Text>Denied</Text></Token><Token POSTag="VBP" globalID="264" id="1" offset="1290:1310"><Text>tobacco/ETOH/illicit</Text></Token><Token POSTag="NN" globalID="265" id="2" offset="1311:1315"><Text>drug</Text></Token><Token POSTag="NN" globalID="266" id="3" offset="1316:1319"><Text>use</Text></Token><Token POSTag="." globalID="267" id="4" offset="1319:1320"><Text>.</Text></Token></Tokens><ParseTree>(S1 (S (S (NP (NN CC)) (: :) (NP (NN Vertigo))) (. .)))</ParseTree></Sentence></Sentences></Paragraph><Paragraph id="7"><Sentences Count="3"><Sentence id="0" offset="1322:1356"><Text>EXAM: BP (RUE)132/72 LUE (136/76).</Text><Tokens Count="12"><Token POSTag="NN" globalID="268" id="0" offset="1322:1326"><Text>EXAM</Text></Token><Token POSTag=":" globalID="269" id="1" offset="1326:1327"><Text>:</Text></Token><Token POSTag="NN" globalID="270" id="2" offset="1328:1330"><Text>BP</Text></Token><Token POSTag="-LRB-" globalID="271" id="3" offset="1331:1332"><Text>(</Text></Token><Token POSTag="NN" globalID="272" id="4" offset="1332:1335"><Text>RUE</Text><METAMAP>[orch,phsu]</METAMAP></Token><Token POSTag="-RRB-" globalID="273" id="5" offset="1335:1336"><Text>)</Text></Token><Token POSTag="NN" globalID="274" id="6" offset="1336:1342"><Text>132/72</Text></Token><Token POSTag="NN" globalID="275" id="7" offset="1343:1346"><Text>LUE</Text></Token><Token POSTag="-LRB-" globalID="276" id="8" offset="1347:1348"><Text>(</Text></Token><Token POSTag="NN" globalID="277" id="9" offset="1348:1354"><Text>136/76</Text></Token><Token POSTag="-RRB-" globalID="278" id="10" offset="1354:1355"><Text>)</Text></Token><Token POSTag="." globalID="279" id="11" offset="1355:1356"><Text>.</Text></Token></Tokens><ParseTree>(S1 (S (S (NP (NN CC)) (: :) (NP (NN Vertigo))) (. .)))</ParseTree></Sentence><Sentence id="1" offset="1357:1376"><Text>HR67 RR16 Afebrile.</Text><Tokens Count="4"><Token POSTag="NN" globalID="280" id="0" offset="1357:1361"><Text>HR67</Text></Token><Token POSTag="VBZ" globalID="281" id="1" offset="1362:1366"><Text>RR16</Text></Token><Token POSTag="JJ" globalID="282" id="2" offset="1367:1375"><Text>Afebrile</Text></Token><Token POSTag="." globalID="283" id="3" offset="1375:1376"><Text>.</Text></Token></Tokens><ParseTree>(S1 (S (S (NP (NN CC)) (: :) (NP (NN Vertigo))) (. .)))</ParseTree></Sentence><Sentence id="2" offset="1377:1384"><Text>59.2kg.</Text><Tokens Count="2"><Token POSTag="NN" globalID="284" id="0" offset="1377:1383"><Text>59.2kg</Text></Token><Token POSTag="." globalID="285" id="1" offset="1379:1380"><Text>.</Text></Token></Tokens><ParseTree>(S1 (S (S (NP (NN CC)) (: :) (NP (NN Vertigo))) (. .)))</ParseTree></Sentence></Sentences></Paragraph><Paragraph id="8"><Sentences Count="3"><Sentence id="0" offset="1386:1417"><Text>MS: A&amp;O to person, place, time.</Text><Tokens Count="12"><Token POSTag="NN" globalID="286" id="0" offset="1386:1388"><Text>MS</Text></Token><Token POSTag=":" globalID="287" id="1" offset="1388:1389"><Text>:</Text></Token><Token POSTag="DT" globalID="288" id="2" offset="1390:1391"><Text>A</Text><METAMAP>[dsyn]</METAMAP></Token><Token POSTag="JJ" globalID="289" id="3" offset="1391:1392"><Text>&amp;</Text><METAMAP>[dsyn]</METAMAP></Token><Token POSTag="NN" globalID="290" id="4" offset="1392:1393"><Text>O</Text><METAMAP>[dsyn]</METAMAP></Token><Token POSTag="TO" globalID="291" id="5" offset="1394:1396"><Text>to</Text></Token><Token POSTag="NN" globalID="292" id="6" offset="1397:1403"><Text>person</Text></Token><Token POSTag="," globalID="293" id="7" offset="1403:1404"><Text>,</Text></Token><Token POSTag="NN" globalID="294" id="8" offset="1405:1410"><Text>place</Text></Token><Token POSTag="," globalID="295" id="9" offset="1410:1411"><Text>,</Text></Token><Token POSTag="NN" globalID="296" id="10" offset="1412:1416"><Text>time</Text></Token><Token POSTag="." globalID="297" id="11" offset="1416:1417"><Text>.</Text></Token></Tokens><ParseTree>(S1 (S (S (NP (NN CC)) (: :) (NP (NN Vertigo))) (. .)))</ParseTree></Sentence><Sentence id="1" offset="1418:1455"><Text>Speech fluent and without dysarthria.</Text><Tokens Count="6"><Token POSTag="NN" globalID="298" id="0" offset="1418:1424"><Text>Speech</Text></Token><Token POSTag="JJ" globalID="299" id="1" offset="1425:1431"><Text>fluent</Text></Token><Token POSTag="CC" globalID="300" id="2" offset="1432:1435"><Text>and</Text></Token><Token POSTag="IN" globalID="301" id="3" offset="1436:1443"><Text>without</Text></Token><Token POSTag="NN" globalID="302" id="4" offset="1444:1454"><Text>dysarthria</Text></Token><Token POSTag="." globalID="303" id="5" offset="1454:1455"><Text>.</Text></Token></Tokens><ParseTree>(S1 (S (S (NP (NN CC)) (: :) (NP (NN Vertigo))) (. .)))</ParseTree></Sentence><Sentence id="2" offset="1456:1470"><Text>Thought lucid.</Text><Tokens Count="3"><Token POSTag="VBN" globalID="304" id="0" offset="1456:1463"><Text>Thought</Text></Token><Token POSTag="NN" globalID="305" id="1" offset="1464:1469"><Text>lucid</Text></Token><Token POSTag="." globalID="306" id="2" offset="1469:1470"><Text>.</Text></Token></Tokens><ParseTree>(S1 (S (S (NP (NN CC)) (: :) (NP (NN Vertigo))) (. .)))</ParseTree></Sentence></Sentences></Paragraph><Paragraph id="9"><Sentences Count="1"><Sentence id="0" offset="1472:1489"><Text>CN: unremarkable.</Text><Tokens Count="4"><Token POSTag="NN" globalID="307" id="0" offset="1472:1474"><Text>CN</Text></Token><Token POSTag=":" globalID="308" id="1" offset="1474:1475"><Text>:</Text></Token><Token POSTag="NN" globalID="309" id="2" offset="1476:1488"><Text>unremarkable</Text></Token><Token POSTag="." globalID="310" id="3" offset="1488:1489"><Text>.</Text></Token></Tokens><ParseTree>(S1 (S (S (NP (NN CC)) (: :) (NP (NN Vertigo))) (. .)))</ParseTree></Sentence></Sentences></Paragraph><Paragraph id="10"><Sentences Count="1"><Sentence id="0" offset="1491:1555"><Text>Motor: 5/5 strength throughout with normal muscle bulk and tone.</Text><Tokens Count="12"><Token POSTag="NN" globalID="311" id="0" offset="1491:1496"><Text>Motor</Text></Token><Token POSTag=":" globalID="312" id="1" offset="1496:1497"><Text>:</Text></Token><Token POSTag="CD" globalID="313" id="2" offset="1498:1501"><Text>5/5</Text></Token><Token POSTag="NN" globalID="314" id="3" offset="1502:1510"><Text>strength</Text></Token><Token POSTag="RB" globalID="315" id="4" offset="1511:1521"><Text>throughout</Text></Token><Token POSTag="IN" globalID="316" id="5" offset="1522:1526"><Text>with</Text></Token><Token POSTag="JJ" globalID="317" id="6" offset="1527:1533"><Text>normal</Text></Token><Token POSTag="NN" globalID="318" id="7" offset="1534:1540"><Text>muscle</Text></Token><Token POSTag="NN" globalID="319" id="8" offset="1541:1545"><Text>bulk</Text></Token><Token POSTag="CC" globalID="320" id="9" offset="1546:1549"><Text>and</Text></Token><Token POSTag="NN" globalID="321" id="10" offset="1550:1554"><Text>tone</Text></Token><Token POSTag="." globalID="322" id="11" offset="1554:1555"><Text>.</Text></Token></Tokens><ParseTree>(S1 (S (S (NP (NN CC)) (: :) (NP (NN Vertigo))) (. .)))</ParseTree></Sentence></Sentences></Paragraph><Paragraph id="11"><Sentences Count="1"><Sentence id="0" offset="1557:1590"><Text>Sensory: No deficits appreciated.</Text><Tokens Count="6"><Token POSTag="NN" globalID="323" id="0" offset="1557:1564"><Text>Sensory</Text></Token><Token POSTag=":" globalID="324" id="1" offset="1564:1565"><Text>:</Text></Token><Token POSTag="NN" globalID="325" id="2" offset="1566:1568"><Text>No</Text></Token><Token POSTag="VBZ" globalID="326" id="3" offset="1569:1577"><Text>deficits</Text></Token><Token POSTag="VBN" globalID="327" id="4" offset="1578:1589"><Text>appreciated</Text></Token><Token POSTag="." globalID="328" id="5" offset="1589:1590"><Text>.</Text></Token></Tokens><ParseTree>(S1 (S (S (NP (NN CC)) (: :) (NP (NN Vertigo))) (. .)))</ParseTree></Sentence></Sentences></Paragraph><Paragraph id="12"><Sentences Count="1"><Sentence id="0" offset="1592:1612"><Text>Coord: unremarkable.</Text><Tokens Count="4"><Token POSTag="NN" globalID="329" id="0" offset="1592:1597"><Text>Coord</Text></Token><Token POSTag=":" globalID="330" id="1" offset="1597:1598"><Text>:</Text></Token><Token POSTag="NN" globalID="331" id="2" offset="1599:1611"><Text>unremarkable</Text></Token><Token POSTag="." globalID="332" id="3" offset="1611:1612"><Text>.</Text></Token></Tokens><ParseTree>(S1 (S (S (NP (NN CC)) (: :) (NP (NN Vertigo))) (. .)))</ParseTree></Sentence></Sentences></Paragraph><Paragraph id="13"><Sentences Count="1"><Sentence id="0" offset="1614:1674"><Text>Station: no pronator drift, truncal ataxia, or Romberg sign.</Text><Tokens Count="13"><Token POSTag="NN" globalID="333" id="0" offset="1614:1621"><Text>Station</Text></Token><Token POSTag=":" globalID="334" id="1" offset="1621:1622"><Text>:</Text></Token><Token POSTag="DT" globalID="335" id="2" offset="1623:1625"><Text>no</Text></Token><Token POSTag="JJ" globalID="336" id="3" offset="1626:1634"><Text>pronator</Text></Token><Token POSTag="NN" globalID="337" id="4" offset="1635:1640"><Text>drift</Text></Token><Token POSTag="," globalID="338" id="5" offset="1640:1641"><Text>,</Text></Token><Token POSTag="JJ" globalID="339" id="6" offset="1642:1649"><Text>truncal</Text><METAMAP>[sosy]</METAMAP></Token><Token POSTag="NN" globalID="340" id="7" offset="1650:1656"><Text>ataxia</Text><METAMAP>[sosy]</METAMAP></Token><Token POSTag="," globalID="341" id="8" offset="1656:1657"><Text>,</Text></Token><Token POSTag="CC" globalID="342" id="9" offset="1658:1660"><Text>or</Text></Token><Token POSTag="NN" globalID="343" id="10" offset="1661:1668"><Text>Romberg</Text></Token><Token POSTag="NN" globalID="344" id="11" offset="1669:1673"><Text>sign</Text></Token><Token POSTag="." globalID="345" id="12" offset="1673:1674"><Text>.</Text></Token></Tokens><ParseTree>(S1 (S (S (NP (NN CC)) (: :) (NP (NN Vertigo))) (. .)))</ParseTree></Sentence></Sentences></Paragraph><Paragraph id="14"><Sentences Count="1"><Sentence id="0" offset="1676:1691"><Text>Gait: not done.</Text><Tokens Count="5"><Token POSTag="NN" globalID="346" id="0" offset="1676:1680"><Text>Gait</Text></Token><Token POSTag=":" globalID="347" id="1" offset="1680:1681"><Text>:</Text></Token><Token POSTag="RB" globalID="348" id="2" offset="1682:1685"><Text>not</Text></Token><Token POSTag="VBN" globalID="349" id="3" offset="1686:1690"><Text>done</Text></Token><Token POSTag="." globalID="350" id="4" offset="1690:1691"><Text>.</Text></Token></Tokens><ParseTree>(S1 (S (S (NP (NN CC)) (: :) (NP (NN Vertigo))) (. .)))</ParseTree></Sentence></Sentences></Paragraph><Paragraph id="15"><Sentences Count="3"><Sentence id="0" offset="1693:1738"><Text>Reflexes: 2/2 throughout BUE and at patellae.</Text><Tokens Count="9"><Token POSTag="NNS" globalID="351" id="0" offset="1693:1701"><Text>Reflexes</Text></Token><Token POSTag=":" globalID="352" id="1" offset="1701:1702"><Text>:</Text></Token><Token POSTag="VBN" globalID="353" id="2" offset="1703:1706"><Text>2/2</Text></Token><Token POSTag="IN" globalID="354" id="3" offset="1707:1717"><Text>throughout</Text></Token><Token POSTag="NN" globalID="355" id="4" offset="1718:1721"><Text>BUE</Text></Token><Token POSTag="CC" globalID="356" id="5" offset="1722:1725"><Text>and</Text></Token><Token POSTag="IN" globalID="357" id="6" offset="1726:1728"><Text>at</Text></Token><Token POSTag="NN" globalID="358" id="7" offset="1729:1737"><Text>patellae</Text></Token><Token POSTag="." globalID="359" id="8" offset="1737:1738"><Text>.</Text></Token></Tokens><ParseTree>(S1 (S (S (NP (NN CC)) (: :) (NP (NN Vertigo))) (. .)))</ParseTree></Sentence><Sentence id="1" offset="1739:1755"><Text>1/1 at Achilles.</Text><Tokens Count="4"><Token POSTag="NN" globalID="360" id="0" offset="1739:1742"><Text>1/1</Text></Token><Token POSTag="IN" globalID="361" id="1" offset="1743:1745"><Text>at</Text></Token><Token POSTag="NN" globalID="362" id="2" offset="1746:1754"><Text>Achilles</Text></Token><Token POSTag="." globalID="363" id="3" offset="1754:1755"><Text>.</Text></Token></Tokens><ParseTree>(S1 (S (S (NP (NN CC)) (: :) (NP (NN Vertigo))) (. .)))</ParseTree></Sentence><Sentence id="2" offset="1756:1799"><Text>Plantar responses were flexor, bilaterally.</Text><Tokens Count="7"><Token POSTag="NN" globalID="364" id="0" offset="1756:1763"><Text>Plantar</Text></Token><Token POSTag="NNS" globalID="365" id="1" offset="1764:1773"><Text>responses</Text></Token><Token POSTag="VBD" globalID="366" id="2" offset="1774:1778"><Text>were</Text></Token><Token POSTag="NN" globalID="367" id="3" offset="1779:1785"><Text>flexor</Text></Token><Token POSTag="," globalID="368" id="4" offset="1785:1786"><Text>,</Text></Token><Token POSTag="RB" globalID="369" id="5" offset="1787:1798"><Text>bilaterally</Text></Token><Token POSTag="." globalID="370" id="6" offset="1798:1799"><Text>.</Text></Token></Tokens><ParseTree>(S1 (S (S (NP (NN CC)) (: :) (NP (NN Vertigo))) (. .)))</ParseTree></Sentence></Sentences></Paragraph><Paragraph id="16"><Sentences Count="1"><Sentence id="0" offset="1801:1817"><Text>Gen Exam: Obese.</Text><Tokens Count="5"><Token POSTag="NN" globalID="371" id="0" offset="1801:1804"><Text>Gen</Text></Token><Token POSTag="NNS" globalID="372" id="1" offset="1805:1809"><Text>Exam</Text></Token><Token POSTag=":" globalID="373" id="2" offset="1809:1810"><Text>:</Text></Token><Token POSTag="JJ" globalID="374" id="3" offset="1811:1816"><Text>Obese</Text><METAMAP>[dsyn]</METAMAP></Token><Token POSTag="." globalID="375" id="4" offset="1816:1817"><Text>.</Text></Token></Tokens><ParseTree>(S1 (S (S (NP (NN CC)) (: :) (NP (NN Vertigo))) (. .)))</ParseTree></Sentence></Sentences></Paragraph><Paragraph id="17"><Sentences Count="13"><Sentence id="0" offset="1819:1865"><Text>COURSE: CBC, GS, PT/PTT, UA were unremarkable.</Text><Tokens Count="12"><Token POSTag="NN" globalID="376" id="0" offset="1819:1825"><Text>COURSE</Text></Token><Token POSTag=":" globalID="377" id="1" offset="1825:1826"><Text>:</Text></Token><Token POSTag="NN" globalID="378" id="2" offset="1827:1830"><Text>CBC</Text></Token><Token POSTag="," globalID="379" id="3" offset="1830:1831"><Text>,</Text></Token><Token POSTag="NN" globalID="380" id="4" offset="1832:1834"><Text>GS</Text></Token><Token POSTag="," globalID="381" id="5" offset="1834:1835"><Text>,</Text></Token><Token POSTag="NN" globalID="382" id="6" offset="1836:1842"><Text>PT/PTT</Text></Token><Token POSTag="," globalID="383" id="7" offset="1842:1843"><Text>,</Text></Token><Token POSTag="NN" globalID="384" id="8" offset="1844:1846"><Text>UA</Text></Token><Token POSTag="VBD" globalID="385" id="9" offset="1847:1851"><Text>were</Text></Token><Token POSTag="JJ" globalID="386" id="10" offset="1852:1864"><Text>unremarkable</Text></Token><Token POSTag="." globalID="387" id="11" offset="1864:1865"><Text>.</Text></Token></Tokens><ParseTree>(S1 (S (S (NP (NN CC)) (: :) (NP (NN Vertigo))) (. .)))</ParseTree></Sentence><Sentence id="1" offset="1866:1978"><Text>The patient was admitted with a working diagnosis of posterior circulation TIA and history of cerebellar stroke.</Text><Tokens Count="18"><Token POSTag="DT" globalID="388" id="0" offset="1866:1869"><Text>The</Text></Token><Token POSTag="NN" globalID="389" id="1" offset="1870:1877"><Text>patient</Text></Token><Token POSTag="VBD" globalID="390" id="2" offset="1878:1881"><Text>was</Text></Token><Token POSTag="VBN" globalID="391" id="3" offset="1882:1890"><Text>admitted</Text></Token><Token POSTag="IN" globalID="392" id="4" offset="1891:1895"><Text>with</Text></Token><Token POSTag="DT" globalID="393" id="5" offset="1896:1897"><Text>a</Text></Token><Token POSTag="NNP" globalID="394" id="6" offset="1898:1905"><Text>working</Text></Token><Token POSTag="NN" globalID="395" id="7" offset="1906:1915"><Text>diagnosis</Text></Token><Token POSTag="IN" globalID="396" id="8" offset="1916:1918"><Text>of</Text></Token><Token POSTag="JJ" globalID="397" id="9" offset="1919:1928"><Text>posterior</Text></Token><Token POSTag="NN" globalID="398" id="10" offset="1929:1940"><Text>circulation</Text></Token><Token POSTag="NN" globalID="399" id="11" offset="1941:1944"><Text>TIA</Text><METAMAP>[dsyn]</METAMAP><METAMAP>[dsyn]</METAMAP></Token><Token POSTag="CC" globalID="400" id="12" offset="1945:1948"><Text>and</Text></Token><Token POSTag="NN" globalID="401" id="13" offset="1949:1956"><Text>history</Text></Token><Token POSTag="IN" globalID="402" id="14" offset="1957:1959"><Text>of</Text></Token><Token POSTag="JJ" globalID="403" id="15" offset="1960:1970"><Text>cerebellar</Text></Token><Token POSTag="NN" globalID="404" id="16" offset="1971:1977"><Text>stroke</Text></Token><Token POSTag="." globalID="405" id="17" offset="1977:1978"><Text>.</Text></Token></Tokens><ParseTree>(S1 (S (S (NP (NN CC)) (: :) (NP (NN Vertigo))) (. .)))</ParseTree></Sentence><Sentence id="2" offset="1979:2014"><Text>She was placed on Ticlid 250mg bid.</Text><Tokens Count="8"><Token POSTag="PRP" globalID="406" id="0" offset="1979:1982"><Text>She</Text></Token><Token POSTag="VBD" globalID="407" id="1" offset="1983:1986"><Text>was</Text></Token><Token POSTag="VBN" globalID="408" id="2" offset="1987:1993"><Text>placed</Text></Token><Token POSTag="IN" globalID="409" id="3" offset="1994:1996"><Text>on</Text></Token><Token POSTag="JJ" globalID="410" id="4" offset="1997:2003"><Text>Ticlid</Text><METAMAP>[orch,phsu]</METAMAP></Token><Token POSTag="NN" globalID="411" id="5" offset="2004:2009"><Text>250mg</Text></Token><Token POSTag="NN" globalID="412" id="6" offset="2010:2013"><Text>bid</Text></Token><Token POSTag="." globalID="413" id="7" offset="2013:2014"><Text>.</Text></Token></Tokens><ParseTree>(S1 (S (S (NP (NN CC)) (: :) (NP (NN Vertigo))) (. .)))</ParseTree></Sentence><Sentence id="3" offset="2015:2102"><Text>HCT,1/15/93: low density focus in the right medial and posterior cerebellar hemisphere.</Text><Tokens Count="14"><Token POSTag="NN" globalID="414" id="0" offset="2015:2026"><Text>HCT,1/15/93</Text></Token><Token POSTag=":" globalID="415" id="1" offset="2026:2027"><Text>:</Text></Token><Token POSTag="JJ" globalID="416" id="2" offset="2028:2031"><Text>low</Text></Token><Token POSTag="NN" globalID="417" id="3" offset="2032:2039"><Text>density</Text></Token><Token POSTag="VBP" globalID="418" id="4" offset="2040:2045"><Text>focus</Text></Token><Token POSTag="IN" globalID="419" id="5" offset="2046:2048"><Text>in</Text></Token><Token POSTag="DT" globalID="420" id="6" offset="2049:2052"><Text>the</Text></Token><Token POSTag="JJ" globalID="421" id="7" offset="2053:2058"><Text>right</Text></Token><Token POSTag="JJ" globalID="422" id="8" offset="2059:2065"><Text>medial</Text></Token><Token POSTag="CC" globalID="423" id="9" offset="2066:2069"><Text>and</Text></Token><Token POSTag="JJ" globalID="424" id="10" offset="2070:2079"><Text>posterior</Text></Token><Token POSTag="JJ" globalID="425" id="11" offset="2080:2090"><Text>cerebellar</Text></Token><Token POSTag="NN" globalID="426" id="12" offset="2091:2101"><Text>hemisphere</Text></Token><Token POSTag="." globalID="427" id="13" offset="2101:2102"><Text>.</Text></Token></Tokens><ParseTree>(S1 (S (S (NP (NN CC)) (: :) (NP (NN Vertigo))) (. .)))</ParseTree></Sentence><Sentence id="4" offset="2103:2266"><Text>MRI and MRA, 1/18/93, revealed a well circumscribed lesion within the posterior aspect of the right cerebellar hemisphere suggestive of vascular malformation (e.g.</Text><Tokens Count="27"><Token POSTag="NN" globalID="428" id="0" offset="2103:2106"><Text>MRI</Text></Token><Token POSTag="CC" globalID="429" id="1" offset="2107:2110"><Text>and</Text></Token><Token POSTag="NN" globalID="430" id="2" offset="2111:2114"><Text>MRA</Text></Token><Token POSTag="," globalID="431" id="3" offset="2114:2115"><Text>,</Text></Token><Token POSTag="NN" globalID="432" id="4" offset="2116:2123"><Text>1/18/93</Text></Token><Token POSTag="," globalID="433" id="5" offset="2123:2124"><Text>,</Text></Token><Token POSTag="VBD" globalID="434" id="6" offset="2125:2133"><Text>revealed</Text></Token><Token POSTag="DT" globalID="435" id="7" offset="2129:2130"><Text>a</Text></Token><Token POSTag="RB" globalID="436" id="8" offset="2136:2140"><Text>well</Text></Token><Token POSTag="VBN" globalID="437" id="9" offset="2141:2154"><Text>circumscribed</Text></Token><Token POSTag="NN" globalID="438" id="10" offset="2155:2161"><Text>lesion</Text></Token><Token POSTag="IN" globalID="439" id="11" offset="2162:2168"><Text>within</Text></Token><Token POSTag="DT" globalID="440" id="12" offset="2169:2172"><Text>the</Text></Token><Token POSTag="NN" globalID="441" id="13" offset="2173:2182"><Text>posterior</Text></Token><Token POSTag="NN" globalID="442" id="14" offset="2183:2189"><Text>aspect</Text></Token><Token POSTag="IN" globalID="443" id="15" offset="2190:2192"><Text>of</Text></Token><Token POSTag="DT" globalID="444" id="16" offset="2193:2196"><Text>the</Text></Token><Token POSTag="JJ" globalID="445" id="17" offset="2197:2202"><Text>right</Text></Token><Token POSTag="JJ" globalID="446" id="18" offset="2203:2213"><Text>cerebellar</Text></Token><Token POSTag="NN" globalID="447" id="19" offset="2214:2224"><Text>hemisphere</Text></Token><Token POSTag="JJ" globalID="448" id="20" offset="2225:2235"><Text>suggestive</Text></Token><Token POSTag="IN" globalID="449" id="21" offset="2236:2238"><Text>of</Text></Token><Token POSTag="JJ" globalID="450" id="22" offset="2239:2247"><Text>vascular</Text></Token><Token POSTag="NN" globalID="451" id="23" offset="2248:2260"><Text>malformation</Text></Token><Token POSTag="-LRB-" globalID="452" id="24" offset="2261:2262"><Text>(</Text></Token><Token POSTag="NN" globalID="453" id="25" offset="2262:2265"><Text>e.g</Text></Token><Token POSTag="." globalID="454" id="26" offset="2263:2264"><Text>.</Text></Token></Tokens><ParseTree>(S1 (S (S (NP (NN CC)) (: :) (NP (NN Vertigo))) (. .)))</ParseTree></Sentence><Sentence id="5" offset="2267:2285"><Text>cavernous angioma.</Text><Tokens Count="3"><Token POSTag="NN" globalID="455" id="0" offset="2267:2276"><Text>cavernous</Text></Token><Token POSTag="NN" globalID="456" id="1" offset="2277:2284"><Text>angioma</Text></Token><Token POSTag="." globalID="457" id="2" offset="2284:2285"><Text>.</Text></Token></Tokens><ParseTree>(S1 (S (S (NP (NN CC)) (: :) (NP (NN Vertigo))) (. .)))</ParseTree></Sentence><Sentence id="6" offset="2286:2333"><Text>An abnormal vascular blush was seen on the MRA.</Text><Tokens Count="10"><Token POSTag="DT" globalID="458" id="0" offset="2286:2288"><Text>An</Text></Token><Token POSTag="JJ" globalID="459" id="1" offset="2289:2297"><Text>abnormal</Text></Token><Token POSTag="JJ" globalID="460" id="2" offset="2298:2306"><Text>vascular</Text></Token><Token POSTag="NN" globalID="461" id="3" offset="2307:2312"><Text>blush</Text><METAMAP>[sosy]</METAMAP></Token><Token POSTag="VBD" globalID="462" id="4" offset="2313:2316"><Text>was</Text></Token><Token POSTag="VBN" globalID="463" id="5" offset="2317:2321"><Text>seen</Text></Token><Token POSTag="IN" globalID="464" id="6" offset="2322:2324"><Text>on</Text></Token><Token POSTag="DT" globalID="465" id="7" offset="2325:2328"><Text>the</Text></Token><Token POSTag="NN" globalID="466" id="8" offset="2329:2332"><Text>MRA</Text></Token><Token POSTag="." globalID="467" id="9" offset="2332:2333"><Text>.</Text></Token></Tokens><ParseTree>(S1 (S (S (NP (NN CC)) (: :) (NP (NN Vertigo))) (. .)))</ParseTree></Sentence><Sentence id="7" offset="2334:2441"><Text>This area appeared to be supplied by one of the external carotid arteries (which one is was not specified).</Text><Tokens Count="22"><Token POSTag="DT" globalID="468" id="0" offset="2334:2338"><Text>This</Text></Token><Token POSTag="NN" globalID="469" id="1" offset="2339:2343"><Text>area</Text></Token><Token POSTag="VBD" globalID="470" id="2" offset="2344:2352"><Text>appeared</Text></Token><Token POSTag="TO" globalID="471" id="3" offset="2353:2355"><Text>to</Text></Token><Token POSTag="VB" globalID="472" id="4" offset="2356:2358"><Text>be</Text></Token><Token POSTag="VBN" globalID="473" id="5" offset="2359:2367"><Text>supplied</Text></Token><Token POSTag="IN" globalID="474" id="6" offset="2368:2370"><Text>by</Text></Token><Token POSTag="CD" globalID="475" id="7" offset="2371:2374"><Text>one</Text></Token><Token POSTag="IN" globalID="476" id="8" offset="2375:2377"><Text>of</Text></Token><Token POSTag="DT" globalID="477" id="9" offset="2378:2381"><Text>the</Text></Token><Token POSTag="JJ" globalID="478" id="10" offset="2382:2390"><Text>external</Text></Token><Token POSTag="NN" globalID="479" id="11" offset="2391:2398"><Text>carotid</Text></Token><Token POSTag="NNS" globalID="480" id="12" offset="2399:2407"><Text>arteries</Text></Token><Token POSTag="-LRB-" globalID="481" id="13" offset="2408:2409"><Text>(</Text></Token><Token POSTag="WDT" globalID="482" id="14" offset="2409:2414"><Text>which</Text></Token><Token POSTag="PRP" globalID="483" id="15" offset="2415:2418"><Text>one</Text></Token><Token POSTag="VBZ" globalID="484" id="16" offset="2419:2421"><Text>is</Text></Token><Token POSTag="VBD" globalID="485" id="17" offset="2422:2425"><Text>was</Text></Token><Token POSTag="RB" globalID="486" id="18" offset="2426:2429"><Text>not</Text></Token><Token POSTag="VBN" globalID="487" id="19" offset="2430:2439"><Text>specified</Text></Token><Token POSTag="-RRB-" globalID="488" id="20" offset="2439:2440"><Text>)</Text></Token><Token POSTag="." globalID="489" id="21" offset="2440:2441"><Text>.</Text></Token></Tokens><ParseTree>(S1 (S (S (NP (NN CC)) (: :) (NP (NN Vertigo))) (. .)))</ParseTree></Sentence><Sentence id="8" offset="2442:2499"><Text>this finding maybe suggestive of a vascular malformation.</Text><Tokens Count="9"><Token POSTag="DT" globalID="490" id="0" offset="2442:2446"><Text>this</Text></Token><Token POSTag="NN" globalID="491" id="1" offset="2447:2454"><Text>finding</Text><METAMAP>[sosy]</METAMAP></Token><Token POSTag="NNS" globalID="492" id="2" offset="2455:2460"><Text>maybe</Text></Token><Token POSTag="JJ" globalID="493" id="3" offset="2461:2471"><Text>suggestive</Text></Token><Token POSTag="IN" globalID="494" id="4" offset="2472:2474"><Text>of</Text></Token><Token POSTag="DT" globalID="495" id="5" offset="2475:2476"><Text>a</Text></Token><Token POSTag="JJ" globalID="496" id="6" offset="2477:2485"><Text>vascular</Text></Token><Token POSTag="NN" globalID="497" id="7" offset="2486:2498"><Text>malformation</Text></Token><Token POSTag="." globalID="498" id="8" offset="2498:2499"><Text>.</Text></Token></Tokens><ParseTree>(S1 (S (S (NP (NN CC)) (: :) (NP (NN Vertigo))) (. .)))</ParseTree></Sentence><Sentence id="9" offset="2500:2639"><Text>1/20/93 Cerebral Angiogram: The right cerebellar hemisphere lesion seen on MRI as a possible cavernous angioma was not seen on angiography.</Text><Tokens Count="23"><Token POSTag="NN" globalID="499" id="0" offset="2500:2507"><Text>1/20/93</Text></Token><Token POSTag="JJ" globalID="500" id="1" offset="2508:2516"><Text>Cerebral</Text></Token><Token POSTag="NN" globalID="501" id="2" offset="2517:2526"><Text>Angiogram</Text></Token><Token POSTag=":" globalID="502" id="3" offset="2526:2527"><Text>:</Text></Token><Token POSTag="DT" globalID="503" id="4" offset="2528:2531"><Text>The</Text></Token><Token POSTag="JJ" globalID="504" id="5" offset="2532:2537"><Text>right</Text></Token><Token POSTag="JJ" globalID="505" id="6" offset="2538:2548"><Text>cerebellar</Text></Token><Token POSTag="NN" globalID="506" id="7" offset="2549:2559"><Text>hemisphere</Text></Token><Token POSTag="NN" globalID="507" id="8" offset="2560:2566"><Text>lesion</Text></Token><Token POSTag="VBN" globalID="508" id="9" offset="2567:2571"><Text>seen</Text></Token><Token POSTag="IN" globalID="509" id="10" offset="2572:2574"><Text>on</Text></Token><Token POSTag="NN" globalID="510" id="11" offset="2575:2578"><Text>MRI</Text></Token><Token POSTag="IN" globalID="511" id="12" offset="2579:2581"><Text>as</Text></Token><Token POSTag="DT" globalID="512" id="13" offset="2579:2580"><Text>a</Text></Token><Token POSTag="JJ" globalID="513" id="14" offset="2584:2592"><Text>possible</Text></Token><Token POSTag="NN" globalID="514" id="15" offset="2593:2602"><Text>cavernous</Text></Token><Token POSTag="NN" globalID="515" id="16" offset="2603:2610"><Text>angioma</Text></Token><Token POSTag="VBD" globalID="516" id="17" offset="2611:2614"><Text>was</Text></Token><Token POSTag="RB" globalID="517" id="18" offset="2615:2618"><Text>not</Text></Token><Token POSTag="VBN" globalID="518" id="19" offset="2619:2623"><Text>seen</Text></Token><Token POSTag="IN" globalID="519" id="20" offset="2624:2626"><Text>on</Text></Token><Token POSTag="NN" globalID="520" id="21" offset="2627:2638"><Text>angiography</Text></Token><Token POSTag="." globalID="521" id="22" offset="2638:2639"><Text>.</Text></Token></Tokens><ParseTree>(S1 (S (S (NP (NN CC)) (: :) (NP (NN Vertigo))) (. .)))</ParseTree></Sentence><Sentence id="10" offset="2640:2759"><Text>Upon review of the MRI and HCT the lesion was felt to probably represent an old infarction with hemosiderin deposition.</Text><Tokens Count="21"><Token POSTag="IN" globalID="522" id="0" offset="2640:2644"><Text>Upon</Text></Token><Token POSTag="NN" globalID="523" id="1" offset="2645:2651"><Text>review</Text></Token><Token POSTag="IN" globalID="524" id="2" offset="2652:2654"><Text>of</Text></Token><Token POSTag="DT" globalID="525" id="3" offset="2655:2658"><Text>the</Text></Token><Token POSTag="NN" globalID="526" id="4" offset="2659:2662"><Text>MRI</Text></Token><Token POSTag="CC" globalID="527" id="5" offset="2663:2666"><Text>and</Text></Token><Token POSTag="NN" globalID="528" id="6" offset="2667:2670"><Text>HCT</Text></Token><Token POSTag="DT" globalID="529" id="7" offset="2671:2674"><Text>the</Text></Token><Token POSTag="NN" globalID="530" id="8" offset="2675:2681"><Text>lesion</Text></Token><Token POSTag="VBD" globalID="531" id="9" offset="2682:2685"><Text>was</Text></Token><Token POSTag="VBN" globalID="532" id="10" offset="2686:2690"><Text>felt</Text></Token><Token POSTag="TO" globalID="533" id="11" offset="2691:2693"><Text>to</Text></Token><Token POSTag="RB" globalID="534" id="12" offset="2694:2702"><Text>probably</Text></Token><Token POSTag="VB" globalID="535" id="13" offset="2703:2712"><Text>represent</Text></Token><Token POSTag="DT" globalID="536" id="14" offset="2713:2715"><Text>an</Text></Token><Token POSTag="JJ" globalID="537" id="15" offset="2716:2719"><Text>old</Text></Token><Token POSTag="NN" globalID="538" id="16" offset="2720:2730"><Text>infarction</Text></Token><Token POSTag="IN" globalID="539" id="17" offset="2731:2735"><Text>with</Text></Token><Token POSTag="NN" globalID="540" id="18" offset="2736:2747"><Text>hemosiderin</Text></Token><Token POSTag="NN" globalID="541" id="19" offset="2748:2758"><Text>deposition</Text></Token><Token POSTag="." globalID="542" id="20" offset="2758:2759"><Text>.</Text></Token></Tokens><ParseTree>(S1 (S (S (NP (NN CC)) (: :) (NP (NN Vertigo))) (. .)))</ParseTree></Sentence><Sentence id="11" offset="2760:2826"><Text>The "vascular blush" seen on MRA was no visualized on angiography.</Text><Tokens Count="14"><Token POSTag="DT" globalID="543" id="0" offset="2760:2763"><Text>The</Text></Token><Token POSTag="``" globalID="544" id="1" offset="-1:1"><Text>``</Text></Token><Token POSTag="JJ" globalID="545" id="2" offset="-1:7"><Text>vascular</Text></Token><Token POSTag="NN" globalID="546" id="3" offset="-1:4"><Text>blush</Text></Token><Token POSTag="NN" globalID="547" id="4" offset="-1:1"><Text>''</Text></Token><Token POSTag="VBN" globalID="548" id="5" offset="-1:3"><Text>seen</Text></Token><Token POSTag="IN" globalID="549" id="6" offset="-1:1"><Text>on</Text></Token><Token POSTag="NN" globalID="550" id="7" offset="-1:2"><Text>MRA</Text></Token><Token POSTag="VBD" globalID="551" id="8" offset="-1:2"><Text>was</Text></Token><Token POSTag="RB" globalID="552" id="9" offset="-1:1"><Text>no</Text></Token><Token POSTag="VBN" globalID="553" id="10" offset="-1:9"><Text>visualized</Text></Token><Token POSTag="IN" globalID="554" id="11" offset="-1:1"><Text>on</Text></Token><Token POSTag="NN" globalID="555" id="12" offset="-1:10"><Text>angiography</Text></Token><Token POSTag="." globalID="556" id="13" offset="2869:2870"><Text>.</Text></Token></Tokens><ParseTree>(S1 (S (S (NP (NN CC)) (: :) (NP (NN Vertigo))) (. .)))</ParseTree></Sentence><Sentence id="12" offset="2827:2870"><Text>The patient was discharged home on 1/25/93.</Text><Tokens Count="8"><Token POSTag="DT" globalID="557" id="0" offset="-1:2"><Text>The</Text></Token><Token POSTag="NN" globalID="558" id="1" offset="-1:6"><Text>patient</Text></Token><Token POSTag="VBD" globalID="559" id="2" offset="-1:2"><Text>was</Text></Token><Token POSTag="VBN" globalID="560" id="3" offset="-1:9"><Text>discharged</Text></Token><Token POSTag="VBN" globalID="561" id="4" offset="-1:3"><Text>home</Text></Token><Token POSTag="IN" globalID="562" id="5" offset="-1:1"><Text>on</Text></Token><Token POSTag="NN" globalID="563" id="6" offset="-1:6"><Text>1/25/93</Text></Token><Token POSTag="." globalID="564" id="7" offset="2869:2870"><Text>.</Text></Token></Tokens><ParseTree>(S1 (S (S (NP (NN CC)) (: :) (NP (NN Vertigo))) (. .)))</ParseTree></Sentence></Sentences></Paragraph></Paragraphs></StartOutput>