<StartOutput><Paragraphs Count="26"><Paragraph id="0"><Sentences Count="1"><Sentence id="0" offset="0:32"><Text>CHIEF COMPLAINT: Abdominal pain.</Text><Tokens Count="6"><Token POSTag="JJ" globalID="0" id="0" offset="0:5"><Text>CHIEF</Text></Token><Token POSTag="NN" globalID="1" id="1" offset="6:15"><Text>COMPLAINT</Text></Token><Token POSTag=":" globalID="2" id="2" offset="15:16"><Text>:</Text></Token><Token POSTag="JJ" globalID="3" id="3" offset="17:26"><Text>Abdominal</Text><METAMAP>[sosy]</METAMAP></Token><Token POSTag="NN" globalID="4" id="4" offset="27:31"><Text>pain</Text><METAMAP>[sosy]</METAMAP></Token><Token POSTag="." globalID="5" id="5" offset="31:32"><Text>.</Text></Token></Tokens><ParseTree>(S1 (S (S (NP (JJ CHIEF) (NN COMPLAINT)) (: :) (NP (JJ Abdominal) (NN pain))) (. .)))</ParseTree></Sentence></Sentences></Paragraph><Paragraph id="1"><Sentences Count="8"><Sentence id="0" offset="34:239"><Text>HISTORY OF PRESENT ILLNESS: The patient is an 89-year-old white male who developed lower abdominal pain, which was constant, onset approximately half an hour after dinner on the evening prior to admission.</Text><Tokens Count="36"><Token POSTag="NN" globalID="6" id="0" offset="34:41"><Text>HISTORY</Text></Token><Token POSTag="IN" globalID="7" id="1" offset="42:44"><Text>OF</Text></Token><Token POSTag="JJ" globalID="8" id="2" offset="45:52"><Text>PRESENT</Text></Token><Token POSTag="NN" globalID="9" id="3" offset="53:60"><Text>ILLNESS</Text></Token><Token POSTag=":" globalID="10" id="4" offset="60:61"><Text>:</Text></Token><Token POSTag="DT" globalID="11" id="5" offset="62:65"><Text>The</Text></Token><Token POSTag="NN" globalID="12" id="6" offset="66:73"><Text>patient</Text></Token><Token POSTag="VBZ" globalID="13" id="7" offset="74:76"><Text>is</Text></Token><Token POSTag="DT" globalID="14" id="8" offset="77:79"><Text>an</Text></Token><Token POSTag="JJ" globalID="15" id="9" offset="80:91"><Text>89-year-old</Text></Token><Token POSTag="JJ" globalID="16" id="10" offset="92:97"><Text>white</Text></Token><Token POSTag="JJ" globalID="17" id="11" offset="98:102"><Text>male</Text></Token><Token POSTag="WP" globalID="18" id="12" offset="103:106"><Text>who</Text></Token><Token POSTag="VBD" globalID="19" id="13" offset="107:116"><Text>developed</Text></Token><Token POSTag="JJR" globalID="20" id="14" offset="117:122"><Text>lower</Text></Token><Token POSTag="JJ" globalID="21" id="15" offset="123:132"><Text>abdominal</Text></Token><Token POSTag="NN" globalID="22" id="16" offset="133:137"><Text>pain</Text></Token><Token POSTag="," globalID="23" id="17" offset="137:138"><Text>,</Text></Token><Token POSTag="WDT" globalID="24" id="18" offset="139:144"><Text>which</Text></Token><Token POSTag="VBD" globalID="25" id="19" offset="145:148"><Text>was</Text></Token><Token POSTag="JJ" globalID="26" id="20" offset="149:157"><Text>constant</Text></Token><Token POSTag="," globalID="27" id="21" offset="157:158"><Text>,</Text></Token><Token POSTag="NN" globalID="28" id="22" offset="159:164"><Text>onset</Text></Token><Token POSTag="RB" globalID="29" id="23" offset="165:178"><Text>approximately</Text></Token><Token POSTag="NN" globalID="30" id="24" offset="179:183"><Text>half</Text></Token><Token POSTag="DT" globalID="31" id="25" offset="184:186"><Text>an</Text></Token><Token POSTag="NN" globalID="32" id="26" offset="187:191"><Text>hour</Text></Token><Token POSTag="IN" globalID="33" id="27" offset="192:197"><Text>after</Text></Token><Token POSTag="NN" globalID="34" id="28" offset="198:204"><Text>dinner</Text></Token><Token POSTag="IN" globalID="35" id="29" offset="205:207"><Text>on</Text></Token><Token POSTag="DT" globalID="36" id="30" offset="208:211"><Text>the</Text></Token><Token POSTag="NN" globalID="37" id="31" offset="212:219"><Text>evening</Text></Token><Token POSTag="RB" globalID="38" id="32" offset="220:225"><Text>prior</Text></Token><Token POSTag="TO" globalID="39" id="33" offset="226:228"><Text>to</Text></Token><Token POSTag="NN" globalID="40" id="34" offset="229:238"><Text>admission</Text></Token><Token POSTag="." globalID="41" id="35" offset="238:239"><Text>.</Text></Token></Tokens><ParseTree>(S1 (S (S (NP (JJ CHIEF) (NN COMPLAINT)) (: :) (NP (JJ Abdominal) (NN pain))) (. .)))</ParseTree></Sentence><Sentence id="1" offset="240:307"><Text>He described the pain as 8/10 in severity and the intensity varied.</Text><Tokens Count="13"><Token POSTag="NN" globalID="42" id="0" offset="240:242"><Text>He</Text></Token><Token POSTag="VBD" globalID="43" id="1" offset="243:252"><Text>described</Text></Token><Token POSTag="DT" globalID="44" id="2" offset="253:256"><Text>the</Text></Token><Token POSTag="NN" globalID="45" id="3" offset="257:261"><Text>pain</Text><METAMAP>[sosy]</METAMAP></Token><Token POSTag="IN" globalID="46" id="4" offset="262:264"><Text>as</Text></Token><Token POSTag="NN" globalID="47" id="5" offset="265:269"><Text>8/10</Text></Token><Token POSTag="IN" globalID="48" id="6" offset="270:272"><Text>in</Text></Token><Token POSTag="NN" globalID="49" id="7" offset="273:281"><Text>severity</Text></Token><Token POSTag="CC" globalID="50" id="8" offset="282:285"><Text>and</Text></Token><Token POSTag="DT" globalID="51" id="9" offset="286:289"><Text>the</Text></Token><Token POSTag="NN" globalID="52" id="10" offset="290:299"><Text>intensity</Text></Token><Token POSTag="VBD" globalID="53" id="11" offset="300:306"><Text>varied</Text></Token><Token POSTag="." globalID="54" id="12" offset="306:307"><Text>.</Text></Token></Tokens><ParseTree>(S1 (S (S (NP (JJ CHIEF) (NN COMPLAINT)) (: :) (NP (JJ Abdominal) (NN pain))) (. .)))</ParseTree></Sentence><Sentence id="2" offset="308:419"><Text>The symptoms persisted and he subsequently developed nausea and vomiting at 3 a.m. in the morning of admission.</Text><Tokens Count="19"><Token POSTag="DT" globalID="55" id="0" offset="308:311"><Text>The</Text></Token><Token POSTag="NNS" globalID="56" id="1" offset="312:320"><Text>symptoms</Text><METAMAP>[sosy]</METAMAP></Token><Token POSTag="VBD" globalID="57" id="2" offset="321:330"><Text>persisted</Text></Token><Token POSTag="CC" globalID="58" id="3" offset="331:334"><Text>and</Text></Token><Token POSTag="NN" globalID="59" id="4" offset="335:337"><Text>he</Text></Token><Token POSTag="RB" globalID="60" id="5" offset="338:350"><Text>subsequently</Text></Token><Token POSTag="VBD" globalID="61" id="6" offset="351:360"><Text>developed</Text></Token><Token POSTag="NN" globalID="62" id="7" offset="361:367"><Text>nausea</Text><METAMAP>[sosy]</METAMAP></Token><Token POSTag="CC" globalID="63" id="8" offset="368:371"><Text>and</Text></Token><Token POSTag="NN" globalID="64" id="9" offset="372:380"><Text>vomiting</Text><METAMAP>[sosy]</METAMAP></Token><Token POSTag="IN" globalID="65" id="10" offset="381:383"><Text>at</Text></Token><Token POSTag="CD" globalID="66" id="11" offset="384:385"><Text>3</Text></Token><Token POSTag="RB" globalID="67" id="12" offset="386:390"><Text>a.m.</Text></Token><Token POSTag="IN" globalID="68" id="13" offset="391:393"><Text>in</Text></Token><Token POSTag="DT" globalID="69" id="14" offset="394:397"><Text>the</Text></Token><Token POSTag="NN" globalID="70" id="15" offset="398:405"><Text>morning</Text></Token><Token POSTag="IN" globalID="71" id="16" offset="406:408"><Text>of</Text></Token><Token POSTag="NN" globalID="72" id="17" offset="409:418"><Text>admission</Text></Token><Token POSTag="." globalID="73" id="18" offset="418:419"><Text>.</Text></Token></Tokens><ParseTree>(S1 (S (S (NP (JJ CHIEF) (NN COMPLAINT)) (: :) (NP (JJ Abdominal) (NN pain))) (. .)))</ParseTree></Sentence><Sentence id="3" offset="420:529"><Text>The patient vomited twice and he states that he did note a temporary decrease in pain following his vomiting.</Text><Tokens Count="20"><Token POSTag="DT" globalID="74" id="0" offset="420:423"><Text>The</Text></Token><Token POSTag="NN" globalID="75" id="1" offset="424:431"><Text>patient</Text></Token><Token POSTag="VBD" globalID="76" id="2" offset="432:439"><Text>vomited</Text><METAMAP>[sosy]</METAMAP></Token><Token POSTag="RB" globalID="77" id="3" offset="440:445"><Text>twice</Text></Token><Token POSTag="CC" globalID="78" id="4" offset="446:449"><Text>and</Text></Token><Token POSTag="NN" globalID="79" id="5" offset="450:452"><Text>he</Text></Token><Token POSTag="NNS" globalID="80" id="6" offset="453:459"><Text>states</Text></Token><Token POSTag="IN" globalID="81" id="7" offset="460:464"><Text>that</Text></Token><Token POSTag="NN" globalID="82" id="8" offset="465:467"><Text>he</Text></Token><Token POSTag="VBD" globalID="83" id="9" offset="468:471"><Text>did</Text></Token><Token POSTag="VB" globalID="84" id="10" offset="472:476"><Text>note</Text></Token><Token POSTag="DT" globalID="85" id="11" offset="477:478"><Text>a</Text></Token><Token POSTag="JJ" globalID="86" id="12" offset="479:488"><Text>temporary</Text></Token><Token POSTag="NN" globalID="87" id="13" offset="489:497"><Text>decrease</Text></Token><Token POSTag="IN" globalID="88" id="14" offset="498:500"><Text>in</Text></Token><Token POSTag="NN" globalID="89" id="15" offset="501:505"><Text>pain</Text><METAMAP>[sosy]</METAMAP></Token><Token POSTag="VBG" globalID="90" id="16" offset="506:515"><Text>following</Text></Token><Token POSTag="NN" globalID="91" id="17" offset="516:519"><Text>his</Text></Token><Token POSTag="NN" globalID="92" id="18" offset="520:528"><Text>vomiting</Text><METAMAP>[sosy]</METAMAP></Token><Token POSTag="." globalID="93" id="19" offset="528:529"><Text>.</Text></Token></Tokens><ParseTree>(S1 (S (S (NP (JJ CHIEF) (NN COMPLAINT)) (: :) (NP (JJ Abdominal) (NN pain))) (. .)))</ParseTree></Sentence><Sentence id="4" offset="530:701"><Text>The patient was brought to the emergency room approximately 4 a.m. and evaluation including the CT scan, which revealed dilated loops of bowel without obvious obstruction.</Text><Tokens Count="28"><Token POSTag="DT" globalID="94" id="0" offset="530:533"><Text>The</Text></Token><Token POSTag="NN" globalID="95" id="1" offset="534:541"><Text>patient</Text></Token><Token POSTag="VBD" globalID="96" id="2" offset="542:545"><Text>was</Text></Token><Token POSTag="VBN" globalID="97" id="3" offset="546:553"><Text>brought</Text></Token><Token POSTag="TO" globalID="98" id="4" offset="554:556"><Text>to</Text></Token><Token POSTag="DT" globalID="99" id="5" offset="557:560"><Text>the</Text></Token><Token POSTag="NN" globalID="100" id="6" offset="561:570"><Text>emergency</Text></Token><Token POSTag="NN" globalID="101" id="7" offset="571:575"><Text>room</Text></Token><Token POSTag="RB" globalID="102" id="8" offset="576:589"><Text>approximately</Text></Token><Token POSTag="CD" globalID="103" id="9" offset="590:591"><Text>4</Text></Token><Token POSTag="RB" globalID="104" id="10" offset="592:596"><Text>a.m.</Text></Token><Token POSTag="CC" globalID="105" id="11" offset="597:600"><Text>and</Text></Token><Token POSTag="NN" globalID="106" id="12" offset="601:611"><Text>evaluation</Text></Token><Token POSTag="VBG" globalID="107" id="13" offset="612:621"><Text>including</Text></Token><Token POSTag="DT" globalID="108" id="14" offset="622:625"><Text>the</Text></Token><Token POSTag="JJ" globalID="109" id="15" offset="626:628"><Text>CT</Text></Token><Token POSTag="VB" globalID="110" id="16" offset="629:633"><Text>scan</Text></Token><Token POSTag="," globalID="111" id="17" offset="633:634"><Text>,</Text></Token><Token POSTag="WDT" globalID="112" id="18" offset="635:640"><Text>which</Text></Token><Token POSTag="VBD" globalID="113" id="19" offset="641:649"><Text>revealed</Text></Token><Token POSTag="JJ" globalID="114" id="20" offset="650:657"><Text>dilated</Text></Token><Token POSTag="NNS" globalID="115" id="21" offset="658:663"><Text>loops</Text></Token><Token POSTag="IN" globalID="116" id="22" offset="664:666"><Text>of</Text></Token><Token POSTag="NN" globalID="117" id="23" offset="667:672"><Text>bowel</Text></Token><Token POSTag="IN" globalID="118" id="24" offset="673:680"><Text>without</Text></Token><Token POSTag="JJ" globalID="119" id="25" offset="681:688"><Text>obvious</Text></Token><Token POSTag="NN" globalID="120" id="26" offset="689:700"><Text>obstruction</Text></Token><Token POSTag="." globalID="121" id="27" offset="700:701"><Text>.</Text></Token></Tokens><ParseTree>(S1 (S (S (NP (JJ CHIEF) (NN COMPLAINT)) (: :) (NP (JJ Abdominal) (NN pain))) (. .)))</ParseTree></Sentence><Sentence id="5" offset="702:765"><Text>The patient was subsequently admitted for possible obstruction.</Text><Tokens Count="9"><Token POSTag="DT" globalID="122" id="0" offset="702:705"><Text>The</Text></Token><Token POSTag="NN" globalID="123" id="1" offset="706:713"><Text>patient</Text></Token><Token POSTag="VBD" globalID="124" id="2" offset="714:717"><Text>was</Text></Token><Token POSTag="RB" globalID="125" id="3" offset="718:730"><Text>subsequently</Text></Token><Token POSTag="VBN" globalID="126" id="4" offset="731:739"><Text>admitted</Text></Token><Token POSTag="IN" globalID="127" id="5" offset="740:743"><Text>for</Text></Token><Token POSTag="JJ" globalID="128" id="6" offset="744:752"><Text>possible</Text></Token><Token POSTag="NN" globalID="129" id="7" offset="753:764"><Text>obstruction</Text></Token><Token POSTag="." globalID="130" id="8" offset="764:765"><Text>.</Text></Token></Tokens><ParseTree>(S1 (S (S (NP (JJ CHIEF) (NN COMPLAINT)) (: :) (NP (JJ Abdominal) (NN pain))) (. .)))</ParseTree></Sentence><Sentence id="6" offset="766:983"><Text>The patient does have a history of previous small bowel obstruction approximately 20 times all but 2 required hospitalization, but all resolved with conservative measures (IV fluid, NG tube decompression, bowel rest.)</Text><Tokens Count="38"><Token POSTag="DT" globalID="131" id="0" offset="766:769"><Text>The</Text></Token><Token POSTag="NN" globalID="132" id="1" offset="770:777"><Text>patient</Text></Token><Token POSTag="VBZ" globalID="133" id="2" offset="778:782"><Text>does</Text></Token><Token POSTag="VB" globalID="134" id="3" offset="783:787"><Text>have</Text></Token><Token POSTag="DT" globalID="135" id="4" offset="784:785"><Text>a</Text></Token><Token POSTag="NN" globalID="136" id="5" offset="790:797"><Text>history</Text></Token><Token POSTag="IN" globalID="137" id="6" offset="798:800"><Text>of</Text></Token><Token POSTag="JJ" globalID="138" id="7" offset="801:809"><Text>previous</Text></Token><Token POSTag="JJ" globalID="139" id="8" offset="810:815"><Text>small</Text></Token><Token POSTag="NN" globalID="140" id="9" offset="816:821"><Text>bowel</Text><METAMAP>[dsyn]</METAMAP></Token><Token POSTag="NN" globalID="141" id="10" offset="822:833"><Text>obstruction</Text><METAMAP>[dsyn]</METAMAP></Token><Token POSTag="RB" globalID="142" id="11" offset="834:847"><Text>approximately</Text></Token><Token POSTag="CD" globalID="143" id="12" offset="848:850"><Text>20</Text></Token><Token POSTag="NNS" globalID="144" id="13" offset="851:856"><Text>times</Text></Token><Token POSTag="DT" globalID="145" id="14" offset="857:860"><Text>all</Text></Token><Token POSTag="CC" globalID="146" id="15" offset="861:864"><Text>but</Text></Token><Token POSTag="CD" globalID="147" id="16" offset="865:866"><Text>2</Text></Token><Token POSTag="VBD" globalID="148" id="17" offset="867:875"><Text>required</Text></Token><Token POSTag="NN" globalID="149" id="18" offset="876:891"><Text>hospitalization</Text></Token><Token POSTag="," globalID="150" id="19" offset="891:892"><Text>,</Text></Token><Token POSTag="CC" globalID="151" id="20" offset="893:896"><Text>but</Text></Token><Token POSTag="DT" globalID="152" id="21" offset="897:900"><Text>all</Text></Token><Token POSTag="VBN" globalID="153" id="22" offset="901:909"><Text>resolved</Text></Token><Token POSTag="IN" globalID="154" id="23" offset="910:914"><Text>with</Text></Token><Token POSTag="JJ" globalID="155" id="24" offset="915:927"><Text>conservative</Text></Token><Token POSTag="NNS" globalID="156" id="25" offset="928:936"><Text>measures</Text></Token><Token POSTag="-LRB-" globalID="157" id="26" offset="937:938"><Text>(</Text></Token><Token POSTag="NN" globalID="158" id="27" offset="938:940"><Text>IV</Text></Token><Token POSTag="NN" globalID="159" id="28" offset="941:946"><Text>fluid</Text></Token><Token POSTag="," globalID="160" id="29" offset="946:947"><Text>,</Text></Token><Token POSTag="NN" globalID="161" id="30" offset="948:950"><Text>NG</Text></Token><Token POSTag="NN" globalID="162" id="31" offset="951:955"><Text>tube</Text></Token><Token POSTag="NN" globalID="163" id="32" offset="956:969"><Text>decompression</Text></Token><Token POSTag="," globalID="164" id="33" offset="969:970"><Text>,</Text></Token><Token POSTag="NN" globalID="165" id="34" offset="971:976"><Text>bowel</Text></Token><Token POSTag="NN" globalID="166" id="35" offset="977:981"><Text>rest</Text></Token><Token POSTag="." globalID="167" id="36" offset="981:982"><Text>.</Text></Token><Token POSTag="-RRB-" globalID="168" id="37" offset="982:983"><Text>)</Text></Token></Tokens><ParseTree>(S1 (S (S (NP (JJ CHIEF) (NN COMPLAINT)) (: :) (NP (JJ Abdominal) (NN pain))) (. .)))</ParseTree></Sentence><Sentence id="7" offset="984:1107"><Text>He has had previous abdominal surgeries including colon resection for colon CA and cholecystectomy as well as appendectomy.</Text><Tokens Count="19"><Token POSTag="NN" globalID="169" id="0" offset="984:986"><Text>He</Text></Token><Token POSTag="VBZ" globalID="170" id="1" offset="987:990"><Text>has</Text></Token><Token POSTag="VBD" globalID="171" id="2" offset="991:994"><Text>had</Text></Token><Token POSTag="JJ" globalID="172" id="3" offset="995:1003"><Text>previous</Text></Token><Token POSTag="JJ" globalID="173" id="4" offset="1004:1013"><Text>abdominal</Text></Token><Token POSTag="NNS" globalID="174" id="5" offset="1014:1023"><Text>surgeries</Text></Token><Token POSTag="VBG" globalID="175" id="6" offset="1024:1033"><Text>including</Text></Token><Token POSTag="NN" globalID="176" id="7" offset="1034:1039"><Text>colon</Text></Token><Token POSTag="NN" globalID="177" id="8" offset="1040:1049"><Text>resection</Text></Token><Token POSTag="IN" globalID="178" id="9" offset="1050:1053"><Text>for</Text></Token><Token POSTag="NN" globalID="179" id="10" offset="1054:1059"><Text>colon</Text></Token><Token POSTag="NN" globalID="180" id="11" offset="1060:1062"><Text>CA</Text></Token><Token POSTag="CC" globalID="181" id="12" offset="1063:1066"><Text>and</Text></Token><Token POSTag="NN" globalID="182" id="13" offset="1067:1082"><Text>cholecystectomy</Text></Token><Token POSTag="RB" globalID="183" id="14" offset="1083:1085"><Text>as</Text></Token><Token POSTag="RB" globalID="184" id="15" offset="1086:1090"><Text>well</Text></Token><Token POSTag="IN" globalID="185" id="16" offset="1091:1093"><Text>as</Text></Token><Token POSTag="NN" globalID="186" id="17" offset="1094:1106"><Text>appendectomy</Text></Token><Token POSTag="." globalID="187" id="18" offset="1106:1107"><Text>.</Text></Token></Tokens><ParseTree>(S1 (S (S (NP (JJ CHIEF) (NN COMPLAINT)) (: :) (NP (JJ Abdominal) (NN pain))) (. .)))</ParseTree></Sentence></Sentences></Paragraph><Paragraph id="2"><Sentences Count="7"><Sentence id="0" offset="1109:1193"><Text>PAST HISTORY: Hypertension treated with Cozaar 100 mg daily and Norvasc 10 mg daily.</Text><Tokens Count="16"><Token POSTag="JJ" globalID="188" id="0" offset="1109:1113"><Text>PAST</Text></Token><Token POSTag="NN" globalID="189" id="1" offset="1114:1121"><Text>HISTORY</Text></Token><Token POSTag=":" globalID="190" id="2" offset="1121:1122"><Text>:</Text></Token><Token POSTag="NN" globalID="191" id="3" offset="1123:1135"><Text>Hypertension</Text><METAMAP>[dsyn]</METAMAP></Token><Token POSTag="VBN" globalID="192" id="4" offset="1136:1143"><Text>treated</Text></Token><Token POSTag="IN" globalID="193" id="5" offset="1144:1148"><Text>with</Text></Token><Token POSTag="NN" globalID="194" id="6" offset="1149:1155"><Text>Cozaar</Text><METAMAP>[orch,phsu]</METAMAP></Token><Token POSTag="CD" globalID="195" id="7" offset="1156:1159"><Text>100</Text></Token><Token POSTag="NN" globalID="196" id="8" offset="1160:1162"><Text>mg</Text></Token><Token POSTag="RB" globalID="197" id="9" offset="1163:1168"><Text>daily</Text></Token><Token POSTag="CC" globalID="198" id="10" offset="1169:1172"><Text>and</Text></Token><Token POSTag="NN" globalID="199" id="11" offset="1173:1180"><Text>Norvasc</Text><METAMAP>[orch,phsu]</METAMAP></Token><Token POSTag="CD" globalID="200" id="12" offset="1181:1183"><Text>10</Text></Token><Token POSTag="NN" globalID="201" id="13" offset="1184:1186"><Text>mg</Text></Token><Token POSTag="RB" globalID="202" id="14" offset="1187:1192"><Text>daily</Text></Token><Token POSTag="." globalID="203" id="15" offset="1192:1193"><Text>.</Text></Token></Tokens><ParseTree>(S1 (S (S (NP (JJ CHIEF) (NN COMPLAINT)) (: :) (NP (JJ Abdominal) (NN pain))) (. .)))</ParseTree></Sentence><Sentence id="1" offset="1194:1244"><Text>Esophageal reflux treated with Nexium 40 mg daily.</Text><Tokens Count="9"><Token POSTag="JJ" globalID="204" id="0" offset="1194:1204"><Text>Esophageal</Text><METAMAP>[dsyn]</METAMAP></Token><Token POSTag="NN" globalID="205" id="1" offset="1205:1211"><Text>reflux</Text><METAMAP>[dsyn]</METAMAP></Token><Token POSTag="VBN" globalID="206" id="2" offset="1212:1219"><Text>treated</Text></Token><Token POSTag="IN" globalID="207" id="3" offset="1220:1224"><Text>with</Text></Token><Token POSTag="NN" globalID="208" id="4" offset="1225:1231"><Text>Nexium</Text><METAMAP>[orch,phsu]</METAMAP></Token><Token POSTag="CD" globalID="209" id="5" offset="1232:1234"><Text>40</Text></Token><Token POSTag="NN" globalID="210" id="6" offset="1235:1237"><Text>mg</Text></Token><Token POSTag="RB" globalID="211" id="7" offset="1238:1243"><Text>daily</Text></Token><Token POSTag="." globalID="212" id="8" offset="1243:1244"><Text>.</Text></Token></Tokens><ParseTree>(S1 (S (S (NP (JJ CHIEF) (NN COMPLAINT)) (: :) (NP (JJ Abdominal) (NN pain))) (. .)))</ParseTree></Sentence><Sentence id="2" offset="1245:1297"><Text>Allergic rhinitis treated with Allegra 180 mg daily.</Text><Tokens Count="9"><Token POSTag="JJ" globalID="213" id="0" offset="1245:1253"><Text>Allergic</Text><METAMAP>[dsyn]</METAMAP></Token><Token POSTag="NN" globalID="214" id="1" offset="1254:1262"><Text>rhinitis</Text><METAMAP>[dsyn]</METAMAP></Token><Token POSTag="VBN" globalID="215" id="2" offset="1263:1270"><Text>treated</Text></Token><Token POSTag="IN" globalID="216" id="3" offset="1271:1275"><Text>with</Text></Token><Token POSTag="NN" globalID="217" id="4" offset="1276:1283"><Text>Allegra</Text><METAMAP>[orch,phsu]</METAMAP></Token><Token POSTag="CD" globalID="218" id="5" offset="1284:1287"><Text>180</Text></Token><Token POSTag="NN" globalID="219" id="6" offset="1288:1290"><Text>mg</Text></Token><Token POSTag="RB" globalID="220" id="7" offset="1291:1296"><Text>daily</Text></Token><Token POSTag="." globalID="221" id="8" offset="1296:1297"><Text>.</Text></Token></Tokens><ParseTree>(S1 (S (S (NP (JJ CHIEF) (NN COMPLAINT)) (: :) (NP (JJ Abdominal) (NN pain))) (. .)))</ParseTree></Sentence><Sentence id="3" offset="1298:1418"><Text>Sleep disturbances, depression and anxiety treated with Paxil 25 mg daily, Advair 10 mg nightly and Ativan 1 mg nightly.</Text><Tokens Count="23"><Token POSTag="NN" globalID="222" id="0" offset="1298:1303"><Text>Sleep</Text><METAMAP>[sosy]</METAMAP><METAMAP>[dsyn]</METAMAP></Token><Token POSTag="NNS" globalID="223" id="1" offset="1304:1316"><Text>disturbances</Text><METAMAP>[sosy]</METAMAP><METAMAP>[dsyn]</METAMAP></Token><Token POSTag="," globalID="224" id="2" offset="1316:1317"><Text>,</Text></Token><Token POSTag="NN" globalID="225" id="3" offset="1318:1328"><Text>depression</Text></Token><Token POSTag="CC" globalID="226" id="4" offset="1329:1332"><Text>and</Text></Token><Token POSTag="NN" globalID="227" id="5" offset="1333:1340"><Text>anxiety</Text></Token><Token POSTag="VBN" globalID="228" id="6" offset="1341:1348"><Text>treated</Text></Token><Token POSTag="IN" globalID="229" id="7" offset="1349:1353"><Text>with</Text></Token><Token POSTag="NN" globalID="230" id="8" offset="1354:1359"><Text>Paxil</Text><METAMAP>[orch,phsu]</METAMAP></Token><Token POSTag="CD" globalID="231" id="9" offset="1360:1362"><Text>25</Text></Token><Token POSTag="NN" globalID="232" id="10" offset="1363:1365"><Text>mg</Text></Token><Token POSTag="RB" globalID="233" id="11" offset="1366:1371"><Text>daily</Text></Token><Token POSTag="," globalID="234" id="12" offset="1371:1372"><Text>,</Text></Token><Token POSTag="NN" globalID="235" id="13" offset="1373:1379"><Text>Advair</Text></Token><Token POSTag="CD" globalID="236" id="14" offset="1380:1382"><Text>10</Text></Token><Token POSTag="NN" globalID="237" id="15" offset="1383:1385"><Text>mg</Text></Token><Token POSTag="RB" globalID="238" id="16" offset="1386:1393"><Text>nightly</Text></Token><Token POSTag="CC" globalID="239" id="17" offset="1394:1397"><Text>and</Text></Token><Token POSTag="NN" globalID="240" id="18" offset="1398:1404"><Text>Ativan</Text><METAMAP>[orch,phsu]</METAMAP></Token><Token POSTag="CD" globalID="241" id="19" offset="1405:1406"><Text>1</Text></Token><Token POSTag="NN" globalID="242" id="20" offset="1407:1409"><Text>mg</Text></Token><Token POSTag="RB" globalID="243" id="21" offset="1410:1417"><Text>nightly</Text></Token><Token POSTag="." globalID="244" id="22" offset="1417:1418"><Text>.</Text></Token></Tokens><ParseTree>(S1 (S (S (NP (JJ CHIEF) (NN COMPLAINT)) (: :) (NP (JJ Abdominal) (NN pain))) (. .)))</ParseTree></Sentence><Sentence id="4" offset="1419:1455"><Text>Glaucoma treated with Xalatan drops.</Text><Tokens Count="6"><Token POSTag="NN" globalID="245" id="0" offset="1419:1427"><Text>Glaucoma</Text><METAMAP>[dsyn]</METAMAP></Token><Token POSTag="VBN" globalID="246" id="1" offset="1428:1435"><Text>treated</Text></Token><Token POSTag="IN" globalID="247" id="2" offset="1436:1440"><Text>with</Text></Token><Token POSTag="NN" globalID="248" id="3" offset="1441:1448"><Text>Xalatan</Text><METAMAP>[orch,phsu]</METAMAP></Token><Token POSTag="NN" globalID="249" id="4" offset="1449:1454"><Text>drops</Text></Token><Token POSTag="." globalID="250" id="5" offset="1454:1455"><Text>.</Text></Token></Tokens><ParseTree>(S1 (S (S (NP (JJ CHIEF) (NN COMPLAINT)) (: :) (NP (JJ Abdominal) (NN pain))) (. .)))</ParseTree></Sentence><Sentence id="5" offset="1456:1534"><Text>History of chronic bronchitis with no smoking history for which he uses p.r.n.</Text><Tokens Count="14"><Token POSTag="NN" globalID="251" id="0" offset="1456:1463"><Text>History</Text></Token><Token POSTag="IN" globalID="252" id="1" offset="1464:1466"><Text>of</Text></Token><Token POSTag="JJ" globalID="253" id="2" offset="1467:1474"><Text>chronic</Text></Token><Token POSTag="NN" globalID="254" id="3" offset="1475:1485"><Text>bronchitis</Text></Token><Token POSTag="IN" globalID="255" id="4" offset="1486:1490"><Text>with</Text></Token><Token POSTag="DT" globalID="256" id="5" offset="1491:1493"><Text>no</Text></Token><Token POSTag="NN" globalID="257" id="6" offset="1494:1501"><Text>smoking</Text></Token><Token POSTag="NN" globalID="258" id="7" offset="1502:1509"><Text>history</Text></Token><Token POSTag="IN" globalID="259" id="8" offset="1510:1513"><Text>for</Text></Token><Token POSTag="WDT" globalID="260" id="9" offset="1514:1519"><Text>which</Text></Token><Token POSTag="NN" globalID="261" id="10" offset="1520:1522"><Text>he</Text></Token><Token POSTag="VBZ" globalID="262" id="11" offset="1523:1527"><Text>uses</Text></Token><Token POSTag="NN" globalID="263" id="12" offset="1528:1533"><Text>p.r.n</Text></Token><Token POSTag="." globalID="264" id="13" offset="1529:1530"><Text>.</Text></Token></Tokens><ParseTree>(S1 (S (S (NP (JJ CHIEF) (NN COMPLAINT)) (: :) (NP (JJ Abdominal) (NN pain))) (. .)))</ParseTree></Sentence><Sentence id="6" offset="1535:1556"><Text>Flovent and Serevent.</Text><Tokens Count="4"><Token POSTag="NN" globalID="265" id="0" offset="1535:1542"><Text>Flovent</Text><METAMAP>[orch,phsu]</METAMAP></Token><Token POSTag="CC" globalID="266" id="1" offset="1543:1546"><Text>and</Text></Token><Token POSTag="NN" globalID="267" id="2" offset="1547:1555"><Text>Serevent</Text><METAMAP>[orch,phsu]</METAMAP></Token><Token POSTag="." globalID="268" id="3" offset="1555:1556"><Text>.</Text></Token></Tokens><ParseTree>(S1 (S (S (NP (JJ CHIEF) (NN COMPLAINT)) (: :) (NP (JJ Abdominal) (NN pain))) (. .)))</ParseTree></Sentence></Sentences></Paragraph><Paragraph id="3"><Sentences Count="1"><Sentence id="0" offset="1558:1714"><Text>PREVIOUS SURGERIES: Partial colon resection of colon carcinoma in 1961 with no recurrence, cholecystectomy 10 years ago, appendectomy, and glaucoma surgery.</Text><Tokens Count="26"><Token POSTag="JJ" globalID="269" id="0" offset="1558:1566"><Text>PREVIOUS</Text></Token><Token POSTag="NNS" globalID="270" id="1" offset="1567:1576"><Text>SURGERIES</Text></Token><Token POSTag=":" globalID="271" id="2" offset="1576:1577"><Text>:</Text></Token><Token POSTag="JJ" globalID="272" id="3" offset="1578:1585"><Text>Partial</Text></Token><Token POSTag="NN" globalID="273" id="4" offset="1586:1591"><Text>colon</Text></Token><Token POSTag="NN" globalID="274" id="5" offset="1592:1601"><Text>resection</Text></Token><Token POSTag="IN" globalID="275" id="6" offset="1602:1604"><Text>of</Text></Token><Token POSTag="NN" globalID="276" id="7" offset="1605:1610"><Text>colon</Text></Token><Token POSTag="NN" globalID="277" id="8" offset="1611:1620"><Text>carcinoma</Text></Token><Token POSTag="IN" globalID="278" id="9" offset="1615:1617"><Text>in</Text></Token><Token POSTag="CD" globalID="279" id="10" offset="1624:1628"><Text>1961</Text></Token><Token POSTag="IN" globalID="280" id="11" offset="1629:1633"><Text>with</Text></Token><Token POSTag="DT" globalID="281" id="12" offset="1634:1636"><Text>no</Text></Token><Token POSTag="NN" globalID="282" id="13" offset="1637:1647"><Text>recurrence</Text></Token><Token POSTag="," globalID="283" id="14" offset="1647:1648"><Text>,</Text></Token><Token POSTag="NN" globalID="284" id="15" offset="1649:1664"><Text>cholecystectomy</Text></Token><Token POSTag="CD" globalID="285" id="16" offset="1665:1667"><Text>10</Text></Token><Token POSTag="NNS" globalID="286" id="17" offset="1668:1673"><Text>years</Text></Token><Token POSTag="RB" globalID="287" id="18" offset="1674:1677"><Text>ago</Text></Token><Token POSTag="," globalID="288" id="19" offset="1677:1678"><Text>,</Text></Token><Token POSTag="NN" globalID="289" id="20" offset="1679:1691"><Text>appendectomy</Text></Token><Token POSTag="," globalID="290" id="21" offset="1691:1692"><Text>,</Text></Token><Token POSTag="CC" globalID="291" id="22" offset="1693:1696"><Text>and</Text></Token><Token POSTag="NN" globalID="292" id="23" offset="1697:1705"><Text>glaucoma</Text></Token><Token POSTag="NN" globalID="293" id="24" offset="1706:1713"><Text>surgery</Text></Token><Token POSTag="." globalID="294" id="25" offset="1713:1714"><Text>.</Text></Token></Tokens><ParseTree>(S1 (S (S (NP (JJ CHIEF) (NN COMPLAINT)) (: :) (NP (JJ Abdominal) (NN pain))) (. .)))</ParseTree></Sentence></Sentences></Paragraph><Paragraph id="4"><Sentences Count="3"><Sentence id="0" offset="1716:1803"><Text>FAMILY HISTORY: Father died at age 85 of "old age," mother died at age 89 of "old age."</Text><Tokens Count="25"><Token POSTag="NN" globalID="295" id="0" offset="1716:1722"><Text>FAMILY</Text></Token><Token POSTag="NN" globalID="296" id="1" offset="1723:1730"><Text>HISTORY</Text></Token><Token POSTag=":" globalID="297" id="2" offset="1730:1731"><Text>:</Text></Token><Token POSTag="NN" globalID="298" id="3" offset="1732:1738"><Text>Father</Text></Token><Token POSTag="VBD" globalID="299" id="4" offset="1739:1743"><Text>died</Text></Token><Token POSTag="IN" globalID="300" id="5" offset="1744:1746"><Text>at</Text></Token><Token POSTag="NN" globalID="301" id="6" offset="1747:1750"><Text>age</Text></Token><Token POSTag="CD" globalID="302" id="7" offset="1751:1753"><Text>85</Text></Token><Token POSTag="IN" globalID="303" id="8" offset="1754:1756"><Text>of</Text></Token><Token POSTag="``" globalID="304" id="9" offset="-1:1"><Text>``</Text></Token><Token POSTag="JJ" globalID="305" id="10" offset="-1:2"><Text>old</Text></Token><Token POSTag="NN" globalID="306" id="11" offset="-1:2"><Text>age</Text></Token><Token POSTag="," globalID="307" id="12" offset="-1:0"><Text>,</Text></Token><Token POSTag="NN" globalID="308" id="13" offset="-1:1"><Text>''</Text></Token><Token POSTag="NN" globalID="309" id="14" offset="-1:5"><Text>mother</Text></Token><Token POSTag="VBD" globalID="310" id="15" offset="-1:3"><Text>died</Text></Token><Token POSTag="IN" globalID="311" id="16" offset="-1:1"><Text>at</Text></Token><Token POSTag="NN" globalID="312" id="17" offset="-1:2"><Text>age</Text></Token><Token POSTag="CD" globalID="313" id="18" offset="-1:1"><Text>89</Text></Token><Token POSTag="IN" globalID="314" id="19" offset="-1:1"><Text>of</Text></Token><Token POSTag="``" globalID="315" id="20" offset="-1:1"><Text>``</Text></Token><Token POSTag="JJ" globalID="316" id="21" offset="-1:2"><Text>old</Text></Token><Token POSTag="NN" globalID="317" id="22" offset="-1:2"><Text>age</Text></Token><Token POSTag="." globalID="318" id="23" offset="-1:0"><Text>.</Text></Token><Token POSTag="NN" globalID="319" id="24" offset="-1:1"><Text>''</Text></Token></Tokens><ParseTree>(S1 (S (S (NP (JJ CHIEF) (NN COMPLAINT)) (: :) (NP (JJ Abdominal) (NN pain))) (. .)))</ParseTree></Sentence><Sentence id="1" offset="1804:1889"><Text>Brother died at age 92 of old age, 2 brothers died in their 70s of Parkinson disease.</Text><Tokens Count="19"><Token POSTag="NN" globalID="320" id="0" offset="-1:6"><Text>Brother</Text></Token><Token POSTag="VBD" globalID="321" id="1" offset="-1:3"><Text>died</Text></Token><Token POSTag="IN" globalID="322" id="2" offset="-1:1"><Text>at</Text></Token><Token POSTag="NN" globalID="323" id="3" offset="-1:2"><Text>age</Text></Token><Token POSTag="CD" globalID="324" id="4" offset="-1:1"><Text>92</Text></Token><Token POSTag="IN" globalID="325" id="5" offset="-1:1"><Text>of</Text></Token><Token POSTag="JJ" globalID="326" id="6" offset="-1:2"><Text>old</Text></Token><Token POSTag="NN" globalID="327" id="7" offset="-1:2"><Text>age</Text></Token><Token POSTag="," globalID="328" id="8" offset="-1:0"><Text>,</Text></Token><Token POSTag="CD" globalID="329" id="9" offset="-1:0"><Text>2</Text></Token><Token POSTag="NNS" globalID="330" id="10" offset="-1:7"><Text>brothers</Text></Token><Token POSTag="VBD" globalID="331" id="11" offset="-1:3"><Text>died</Text></Token><Token POSTag="IN" globalID="332" id="12" offset="-1:1"><Text>in</Text></Token><Token POSTag="PRP$" globalID="333" id="13" offset="-1:4"><Text>their</Text></Token><Token POSTag="NN" globalID="334" id="14" offset="-1:2"><Text>70s</Text></Token><Token POSTag="IN" globalID="335" id="15" offset="-1:1"><Text>of</Text></Token><Token POSTag="NN" globalID="336" id="16" offset="-1:8"><Text>Parkinson</Text></Token><Token POSTag="NN" globalID="337" id="17" offset="-1:6"><Text>disease</Text></Token><Token POSTag="." globalID="338" id="18" offset="-1:0"><Text>.</Text></Token></Tokens><ParseTree>(S1 (S (S (NP (JJ CHIEF) (NN COMPLAINT)) (: :) (NP (JJ Abdominal) (NN pain))) (. .)))</ParseTree></Sentence><Sentence id="2" offset="1890:1999"><Text>Son is at age 58 and has a history of hypertension, hypercholesterolemia, rheumatoid arthritis, and glaucoma.</Text><Tokens Count="20"><Token POSTag="NN" globalID="339" id="0" offset="-1:2"><Text>Son</Text></Token><Token POSTag="VBZ" globalID="340" id="1" offset="-1:1"><Text>is</Text></Token><Token POSTag="IN" globalID="341" id="2" offset="-1:1"><Text>at</Text></Token><Token POSTag="NN" globalID="342" id="3" offset="-1:2"><Text>age</Text></Token><Token POSTag="CD" globalID="343" id="4" offset="-1:1"><Text>58</Text></Token><Token POSTag="CC" globalID="344" id="5" offset="-1:2"><Text>and</Text></Token><Token POSTag="VBZ" globalID="345" id="6" offset="-1:2"><Text>has</Text></Token><Token POSTag="DT" globalID="346" id="7" offset="-1:0"><Text>a</Text></Token><Token POSTag="NN" globalID="347" id="8" offset="-1:6"><Text>history</Text></Token><Token POSTag="IN" globalID="348" id="9" offset="-1:1"><Text>of</Text></Token><Token POSTag="NN" globalID="349" id="10" offset="-1:11"><Text>hypertension</Text></Token><Token POSTag="," globalID="350" id="11" offset="-1:0"><Text>,</Text></Token><Token POSTag="NN" globalID="351" id="12" offset="-1:19"><Text>hypercholesterolemia</Text></Token><Token POSTag="," globalID="352" id="13" offset="-1:0"><Text>,</Text></Token><Token POSTag="NN" globalID="353" id="14" offset="-1:9"><Text>rheumatoid</Text></Token><Token POSTag="NN" globalID="354" id="15" offset="-1:8"><Text>arthritis</Text></Token><Token POSTag="," globalID="355" id="16" offset="-1:0"><Text>,</Text></Token><Token POSTag="CC" globalID="356" id="17" offset="-1:2"><Text>and</Text></Token><Token POSTag="NN" globalID="357" id="18" offset="-1:7"><Text>glaucoma</Text></Token><Token POSTag="." globalID="358" id="19" offset="-1:0"><Text>.</Text></Token></Tokens><ParseTree>(S1 (S (S (NP (JJ CHIEF) (NN COMPLAINT)) (: :) (NP (JJ Abdominal) (NN pain))) (. .)))</ParseTree></Sentence></Sentences></Paragraph><Paragraph id="5"><Sentences Count="2"><Sentence id="0" offset="2001:2063"><Text>SOCIAL HISTORY: The patient is widowed and a retired engineer.</Text><Tokens Count="12"><Token POSTag="JJ" globalID="359" id="0" offset="-1:5"><Text>SOCIAL</Text></Token><Token POSTag="NN" globalID="360" id="1" offset="-1:6"><Text>HISTORY</Text></Token><Token POSTag=":" globalID="361" id="2" offset="-1:0"><Text>:</Text></Token><Token POSTag="DT" globalID="362" id="3" offset="-1:2"><Text>The</Text></Token><Token POSTag="NN" globalID="363" id="4" offset="-1:6"><Text>patient</Text></Token><Token POSTag="VBZ" globalID="364" id="5" offset="-1:1"><Text>is</Text></Token><Token POSTag="JJ" globalID="365" id="6" offset="-1:6"><Text>widowed</Text></Token><Token POSTag="CC" globalID="366" id="7" offset="-1:2"><Text>and</Text></Token><Token POSTag="NN" globalID="367" id="8" offset="-1:0"><Text>a</Text></Token><Token POSTag="JJ" globalID="368" id="9" offset="-1:6"><Text>retired</Text></Token><Token POSTag="NN" globalID="369" id="10" offset="-1:7"><Text>engineer</Text></Token><Token POSTag="." globalID="370" id="11" offset="-1:0"><Text>.</Text></Token></Tokens><ParseTree>(S1 (S (S (NP (JJ CHIEF) (NN COMPLAINT)) (: :) (NP (JJ Abdominal) (NN pain))) (. .)))</ParseTree></Sentence><Sentence id="1" offset="2064:2111"><Text>He denies cigarettes smoking or alcohol intake.</Text><Tokens Count="8"><Token POSTag="NN" globalID="371" id="0" offset="-1:1"><Text>He</Text></Token><Token POSTag="VBZ" globalID="372" id="1" offset="-1:5"><Text>denies</Text></Token><Token POSTag="NN" globalID="373" id="2" offset="-1:9"><Text>cigarettes</Text></Token><Token POSTag="NN" globalID="374" id="3" offset="-1:6"><Text>smoking</Text></Token><Token POSTag="CC" globalID="375" id="4" offset="-1:1"><Text>or</Text></Token><Token POSTag="NN" globalID="376" id="5" offset="-1:6"><Text>alcohol</Text></Token><Token POSTag="NN" globalID="377" id="6" offset="-1:5"><Text>intake</Text></Token><Token POSTag="." globalID="378" id="7" offset="-1:0"><Text>.</Text></Token></Tokens><ParseTree>(S1 (S (S (NP (JJ CHIEF) (NN COMPLAINT)) (: :) (NP (JJ Abdominal) (NN pain))) (. .)))</ParseTree></Sentence></Sentences></Paragraph><Paragraph id="6"><Sentences Count="8"><Sentence id="0" offset="2113:2161"><Text>REVIEW OF SYSTEMS: Denies fevers or weight loss.</Text><Tokens Count="10"><Token POSTag="NN" globalID="379" id="0" offset="-1:5"><Text>REVIEW</Text></Token><Token POSTag="IN" globalID="380" id="1" offset="-1:1"><Text>OF</Text></Token><Token POSTag="NNS" globalID="381" id="2" offset="-1:6"><Text>SYSTEMS</Text></Token><Token POSTag=":" globalID="382" id="3" offset="-1:0"><Text>:</Text></Token><Token POSTag="VBZ" globalID="383" id="4" offset="-1:5"><Text>Denies</Text></Token><Token POSTag="NNS" globalID="384" id="5" offset="-1:5"><Text>fevers</Text></Token><Token POSTag="CC" globalID="385" id="6" offset="-1:1"><Text>or</Text></Token><Token POSTag="NN" globalID="386" id="7" offset="-1:5"><Text>weight</Text></Token><Token POSTag="NN" globalID="387" id="8" offset="-1:3"><Text>loss</Text></Token><Token POSTag="." globalID="388" id="9" offset="-1:0"><Text>.</Text></Token></Tokens><ParseTree>(S1 (S (S (NP (JJ CHIEF) (NN COMPLAINT)) (: :) (NP (JJ Abdominal) (NN pain))) (. .)))</ParseTree></Sentence><Sentence id="1" offset="2162:2273"><Text>HEENT: Denies headaches, visual abnormality, decreased hearing, tinnitus, rhinorrhea, epistaxis or sore throat.</Text><Tokens Count="20"><Token POSTag="NN" globalID="389" id="0" offset="-1:4"><Text>HEENT</Text></Token><Token POSTag=":" globalID="390" id="1" offset="-1:0"><Text>:</Text></Token><Token POSTag="NN" globalID="391" id="2" offset="-1:5"><Text>Denies</Text></Token><Token POSTag="NNS" globalID="392" id="3" offset="-1:8"><Text>headaches</Text></Token><Token POSTag="," globalID="393" id="4" offset="-1:0"><Text>,</Text></Token><Token POSTag="JJ" globalID="394" id="5" offset="-1:5"><Text>visual</Text></Token><Token POSTag="NN" globalID="395" id="6" offset="-1:10"><Text>abnormality</Text></Token><Token POSTag="," globalID="396" id="7" offset="-1:0"><Text>,</Text></Token><Token POSTag="VBN" globalID="397" id="8" offset="-1:8"><Text>decreased</Text></Token><Token POSTag="NN" globalID="398" id="9" offset="-1:6"><Text>hearing</Text></Token><Token POSTag="," globalID="399" id="10" offset="-1:0"><Text>,</Text></Token><Token POSTag="NN" globalID="400" id="11" offset="-1:7"><Text>tinnitus</Text></Token><Token POSTag="," globalID="401" id="12" offset="-1:0"><Text>,</Text></Token><Token POSTag="NN" globalID="402" id="13" offset="-1:9"><Text>rhinorrhea</Text></Token><Token POSTag="," globalID="403" id="14" offset="-1:0"><Text>,</Text></Token><Token POSTag="NNS" globalID="404" id="15" offset="-1:8"><Text>epistaxis</Text></Token><Token POSTag="CC" globalID="405" id="16" offset="-1:1"><Text>or</Text></Token><Token POSTag="NN" globalID="406" id="17" offset="-1:3"><Text>sore</Text></Token><Token POSTag="NN" globalID="407" id="18" offset="-1:5"><Text>throat</Text></Token><Token POSTag="." globalID="408" id="19" offset="-1:0"><Text>.</Text></Token></Tokens><ParseTree>(S1 (S (S (NP (JJ CHIEF) (NN COMPLAINT)) (: :) (NP (JJ Abdominal) (NN pain))) (. .)))</ParseTree></Sentence><Sentence id="2" offset="2274:2333"><Text>Neck: Denies neck stiffness, no pain or masses in the neck.</Text><Tokens Count="14"><Token POSTag="NN" globalID="409" id="0" offset="-1:3"><Text>Neck</Text></Token><Token POSTag=":" globalID="410" id="1" offset="-1:0"><Text>:</Text></Token><Token POSTag="NN" globalID="411" id="2" offset="-1:5"><Text>Denies</Text></Token><Token POSTag="NN" globalID="412" id="3" offset="-1:3"><Text>neck</Text></Token><Token POSTag="NN" globalID="413" id="4" offset="-1:8"><Text>stiffness</Text></Token><Token POSTag="," globalID="414" id="5" offset="-1:0"><Text>,</Text></Token><Token POSTag="DT" globalID="415" id="6" offset="-1:1"><Text>no</Text></Token><Token POSTag="NN" globalID="416" id="7" offset="-1:3"><Text>pain</Text></Token><Token POSTag="CC" globalID="417" id="8" offset="-1:1"><Text>or</Text></Token><Token POSTag="NNS" globalID="418" id="9" offset="-1:5"><Text>masses</Text></Token><Token POSTag="IN" globalID="419" id="10" offset="-1:1"><Text>in</Text></Token><Token POSTag="DT" globalID="420" id="11" offset="-1:2"><Text>the</Text></Token><Token POSTag="NN" globalID="421" id="12" offset="-1:3"><Text>neck</Text></Token><Token POSTag="." globalID="422" id="13" offset="-1:0"><Text>.</Text></Token></Tokens><ParseTree>(S1 (S (S (NP (JJ CHIEF) (NN COMPLAINT)) (: :) (NP (JJ Abdominal) (NN pain))) (. .)))</ParseTree></Sentence><Sentence id="3" offset="2334:2424"><Text>Respiratory: Denies cough, sputum production, hemoptysis, wheezing or shortness of breath.</Text><Tokens Count="16"><Token POSTag="NN" globalID="423" id="0" offset="-1:10"><Text>Respiratory</Text></Token><Token POSTag=":" globalID="424" id="1" offset="-1:0"><Text>:</Text></Token><Token POSTag="NN" globalID="425" id="2" offset="-1:5"><Text>Denies</Text></Token><Token POSTag="NN" globalID="426" id="3" offset="-1:4"><Text>cough</Text></Token><Token POSTag="," globalID="427" id="4" offset="-1:0"><Text>,</Text></Token><Token POSTag="NN" globalID="428" id="5" offset="-1:5"><Text>sputum</Text></Token><Token POSTag="NN" globalID="429" id="6" offset="-1:9"><Text>production</Text></Token><Token POSTag="," globalID="430" id="7" offset="-1:0"><Text>,</Text></Token><Token POSTag="NN" globalID="431" id="8" offset="-1:9"><Text>hemoptysis</Text></Token><Token POSTag="," globalID="432" id="9" offset="-1:0"><Text>,</Text></Token><Token POSTag="NN" globalID="433" id="10" offset="-1:7"><Text>wheezing</Text></Token><Token POSTag="CC" globalID="434" id="11" offset="-1:1"><Text>or</Text></Token><Token POSTag="NN" globalID="435" id="12" offset="-1:8"><Text>shortness</Text></Token><Token POSTag="IN" globalID="436" id="13" offset="-1:1"><Text>of</Text></Token><Token POSTag="NN" globalID="437" id="14" offset="-1:5"><Text>breath</Text></Token><Token POSTag="." globalID="438" id="15" offset="-1:0"><Text>.</Text></Token></Tokens><ParseTree>(S1 (S (S (NP (JJ CHIEF) (NN COMPLAINT)) (: :) (NP (JJ Abdominal) (NN pain))) (. .)))</ParseTree></Sentence><Sentence id="4" offset="2425:2519"><Text>Cardiovascular: Denies chest pain, angina pectoris, DOE, PND, orthopnea, edema or palpitation.</Text><Tokens Count="19"><Token POSTag="NN" globalID="439" id="0" offset="-1:13"><Text>Cardiovascular</Text></Token><Token POSTag=":" globalID="440" id="1" offset="-1:0"><Text>:</Text></Token><Token POSTag="NN" globalID="441" id="2" offset="-1:5"><Text>Denies</Text></Token><Token POSTag="NN" globalID="442" id="3" offset="-1:4"><Text>chest</Text></Token><Token POSTag="NN" globalID="443" id="4" offset="-1:3"><Text>pain</Text></Token><Token POSTag="," globalID="444" id="5" offset="-1:0"><Text>,</Text></Token><Token POSTag="NN" globalID="445" id="6" offset="-1:5"><Text>angina</Text></Token><Token POSTag="NN" globalID="446" id="7" offset="-1:7"><Text>pectoris</Text></Token><Token POSTag="," globalID="447" id="8" offset="-1:0"><Text>,</Text></Token><Token POSTag="NN" globalID="448" id="9" offset="-1:2"><Text>DOE</Text></Token><Token POSTag="," globalID="449" id="10" offset="-1:0"><Text>,</Text></Token><Token POSTag="NN" globalID="450" id="11" offset="-1:2"><Text>PND</Text></Token><Token POSTag="," globalID="451" id="12" offset="-1:0"><Text>,</Text></Token><Token POSTag="NN" globalID="452" id="13" offset="-1:8"><Text>orthopnea</Text></Token><Token POSTag="," globalID="453" id="14" offset="-1:0"><Text>,</Text></Token><Token POSTag="NN" globalID="454" id="15" offset="-1:4"><Text>edema</Text></Token><Token POSTag="CC" globalID="455" id="16" offset="-1:1"><Text>or</Text></Token><Token POSTag="NN" globalID="456" id="17" offset="-1:10"><Text>palpitation</Text></Token><Token POSTag="." globalID="457" id="18" offset="-1:0"><Text>.</Text></Token></Tokens><ParseTree>(S1 (S (S (NP (JJ CHIEF) (NN COMPLAINT)) (: :) (NP (JJ Abdominal) (NN pain))) (. .)))</ParseTree></Sentence><Sentence id="5" offset="2520:2573"><Text>Gastrointestinal: See history of the present illness.</Text><Tokens Count="9"><Token POSTag="JJ" globalID="458" id="0" offset="-1:15"><Text>Gastrointestinal</Text></Token><Token POSTag=":" globalID="459" id="1" offset="-1:0"><Text>:</Text></Token><Token POSTag="VB" globalID="460" id="2" offset="-1:2"><Text>See</Text></Token><Token POSTag="NN" globalID="461" id="3" offset="-1:6"><Text>history</Text></Token><Token POSTag="IN" globalID="462" id="4" offset="-1:1"><Text>of</Text></Token><Token POSTag="DT" globalID="463" id="5" offset="-1:2"><Text>the</Text></Token><Token POSTag="JJ" globalID="464" id="6" offset="-1:6"><Text>present</Text></Token><Token POSTag="NN" globalID="465" id="7" offset="-1:6"><Text>illness</Text></Token><Token POSTag="." globalID="466" id="8" offset="-1:0"><Text>.</Text></Token></Tokens><ParseTree>(S1 (S (S (NP (JJ CHIEF) (NN COMPLAINT)) (: :) (NP (JJ Abdominal) (NN pain))) (. .)))</ParseTree></Sentence><Sentence id="6" offset="2574:2631"><Text>Urinary: Denies dysuria, frequency, urgency or hematuria.</Text><Tokens Count="11"><Token POSTag="JJ" globalID="467" id="0" offset="-1:6"><Text>Urinary</Text></Token><Token POSTag=":" globalID="468" id="1" offset="-1:0"><Text>:</Text></Token><Token POSTag="NNS" globalID="469" id="2" offset="-1:5"><Text>Denies</Text></Token><Token POSTag="NN" globalID="470" id="3" offset="-1:6"><Text>dysuria</Text></Token><Token POSTag="," globalID="471" id="4" offset="-1:0"><Text>,</Text></Token><Token POSTag="NN" globalID="472" id="5" offset="-1:8"><Text>frequency</Text></Token><Token POSTag="," globalID="473" id="6" offset="-1:0"><Text>,</Text></Token><Token POSTag="NN" globalID="474" id="7" offset="-1:6"><Text>urgency</Text></Token><Token POSTag="CC" globalID="475" id="8" offset="-1:1"><Text>or</Text></Token><Token POSTag="NN" globalID="476" id="9" offset="-1:8"><Text>hematuria</Text></Token><Token POSTag="." globalID="477" id="10" offset="-1:0"><Text>.</Text></Token></Tokens><ParseTree>(S1 (S (S (NP (JJ CHIEF) (NN COMPLAINT)) (: :) (NP (JJ Abdominal) (NN pain))) (. .)))</ParseTree></Sentence><Sentence id="7" offset="2632:2708"><Text>Neuro: Denies seizure, syncope, incoordination, hemiparesis or paresthesias.</Text><Tokens Count="13"><Token POSTag="NN" globalID="478" id="0" offset="-1:4"><Text>Neuro</Text></Token><Token POSTag=":" globalID="479" id="1" offset="-1:0"><Text>:</Text></Token><Token POSTag="NNS" globalID="480" id="2" offset="-1:5"><Text>Denies</Text></Token><Token POSTag="NN" globalID="481" id="3" offset="-1:6"><Text>seizure</Text></Token><Token POSTag="," globalID="482" id="4" offset="-1:0"><Text>,</Text></Token><Token POSTag="NN" globalID="483" id="5" offset="-1:6"><Text>syncope</Text></Token><Token POSTag="," globalID="484" id="6" offset="-1:0"><Text>,</Text></Token><Token POSTag="NN" globalID="485" id="7" offset="-1:13"><Text>incoordination</Text></Token><Token POSTag="," globalID="486" id="8" offset="-1:0"><Text>,</Text></Token><Token POSTag="NN" globalID="487" id="9" offset="-1:10"><Text>hemiparesis</Text></Token><Token POSTag="CC" globalID="488" id="10" offset="-1:1"><Text>or</Text></Token><Token POSTag="NN" globalID="489" id="11" offset="-1:11"><Text>paresthesias</Text></Token><Token POSTag="." globalID="490" id="12" offset="-1:0"><Text>.</Text></Token></Tokens><ParseTree>(S1 (S (S (NP (JJ CHIEF) (NN COMPLAINT)) (: :) (NP (JJ Abdominal) (NN pain))) (. .)))</ParseTree></Sentence></Sentences></Paragraph><Paragraph id="7"><Sentences Count="1"><Sentence id="0" offset="2710:2731"><Text>PHYSICAL EXAMINATION:</Text><Tokens Count="3"><Token POSTag="JJ" globalID="491" id="0" offset="-1:7"><Text>PHYSICAL</Text></Token><Token POSTag="NN" globalID="492" id="1" offset="-1:10"><Text>EXAMINATION</Text></Token><Token POSTag=":" globalID="493" id="2" offset="-1:0"><Text>:</Text></Token></Tokens><ParseTree>(S1 (S (S (NP (JJ CHIEF) (NN COMPLAINT)) (: :) (NP (JJ Abdominal) (NN pain))) (. .)))</ParseTree></Sentence></Sentences></Paragraph><Paragraph id="8"><Sentences Count="1"><Sentence id="0" offset="2732:2873"><Text>GENERAL: The patient is a well-developed, well-nourished elderly white male who is currently in no acute distress after receiving analgesics.</Text><Tokens Count="23"><Token POSTag="JJ" globalID="494" id="0" offset="-1:6"><Text>GENERAL</Text></Token><Token POSTag=":" globalID="495" id="1" offset="-1:0"><Text>:</Text></Token><Token POSTag="DT" globalID="496" id="2" offset="-1:2"><Text>The</Text></Token><Token POSTag="NN" globalID="497" id="3" offset="-1:6"><Text>patient</Text></Token><Token POSTag="VBZ" globalID="498" id="4" offset="-1:1"><Text>is</Text></Token><Token POSTag="DT" globalID="499" id="5" offset="-1:0"><Text>a</Text></Token><Token POSTag="JJ" globalID="500" id="6" offset="-1:13"><Text>well-developed</Text></Token><Token POSTag="," globalID="501" id="7" offset="-1:0"><Text>,</Text></Token><Token POSTag="JJ" globalID="502" id="8" offset="-1:13"><Text>well-nourished</Text></Token><Token POSTag="JJ" globalID="503" id="9" offset="-1:6"><Text>elderly</Text></Token><Token POSTag="JJ" globalID="504" id="10" offset="-1:4"><Text>white</Text></Token><Token POSTag="NN" globalID="505" id="11" offset="-1:3"><Text>male</Text></Token><Token POSTag="WP" globalID="506" id="12" offset="-1:2"><Text>who</Text></Token><Token POSTag="VBZ" globalID="507" id="13" offset="-1:1"><Text>is</Text></Token><Token POSTag="RB" globalID="508" id="14" offset="-1:8"><Text>currently</Text></Token><Token POSTag="IN" globalID="509" id="15" offset="-1:1"><Text>in</Text></Token><Token POSTag="DT" globalID="510" id="16" offset="-1:1"><Text>no</Text></Token><Token POSTag="JJ" globalID="511" id="17" offset="-1:4"><Text>acute</Text></Token><Token POSTag="NN" globalID="512" id="18" offset="-1:7"><Text>distress</Text></Token><Token POSTag="IN" globalID="513" id="19" offset="-1:4"><Text>after</Text></Token><Token POSTag="VBG" globalID="514" id="20" offset="-1:8"><Text>receiving</Text></Token><Token POSTag="NNS" globalID="515" id="21" offset="-1:9"><Text>analgesics</Text></Token><Token POSTag="." globalID="516" id="22" offset="-1:0"><Text>.</Text></Token></Tokens><ParseTree>(S1 (S (S (NP (JJ CHIEF) (NN COMPLAINT)) (: :) (NP (JJ Abdominal) (NN pain))) (. .)))</ParseTree></Sentence></Sentences></Paragraph><Paragraph id="9"><Sentences Count="6"><Sentence id="0" offset="2874:2907"><Text>HEENT: Atraumatic, normocephalic.</Text><Tokens Count="6"><Token POSTag="NN" globalID="517" id="0" offset="-1:4"><Text>HEENT</Text></Token><Token POSTag=":" globalID="518" id="1" offset="-1:0"><Text>:</Text></Token><Token POSTag="JJ" globalID="519" id="2" offset="-1:9"><Text>Atraumatic</Text></Token><Token POSTag="," globalID="520" id="3" offset="-1:0"><Text>,</Text></Token><Token POSTag="JJ" globalID="521" id="4" offset="-1:12"><Text>normocephalic</Text></Token><Token POSTag="." globalID="522" id="5" offset="-1:0"><Text>.</Text></Token></Tokens><ParseTree>(S1 (S (S (NP (JJ CHIEF) (NN COMPLAINT)) (: :) (NP (JJ Abdominal) (NN pain))) (. .)))</ParseTree></Sentence><Sentence id="1" offset="2908:2932"><Text>Eyes, EOMs full, PERRLA.</Text><Tokens Count="7"><Token POSTag="NN" globalID="523" id="0" offset="-1:3"><Text>Eyes</Text></Token><Token POSTag="," globalID="524" id="1" offset="-1:0"><Text>,</Text></Token><Token POSTag="NN" globalID="525" id="2" offset="-1:3"><Text>EOMs</Text></Token><Token POSTag="JJ" globalID="526" id="3" offset="-1:3"><Text>full</Text></Token><Token POSTag="," globalID="527" id="4" offset="-1:0"><Text>,</Text></Token><Token POSTag="NN" globalID="528" id="5" offset="-1:5"><Text>PERRLA</Text></Token><Token POSTag="." globalID="529" id="6" offset="-1:0"><Text>.</Text></Token></Tokens><ParseTree>(S1 (S (S (NP (JJ CHIEF) (NN COMPLAINT)) (: :) (NP (JJ Abdominal) (NN pain))) (. .)))</ParseTree></Sentence><Sentence id="2" offset="2933:2946"><Text>Fundi benign.</Text><Tokens Count="3"><Token POSTag="NN" globalID="530" id="0" offset="-1:4"><Text>Fundi</Text></Token><Token POSTag="JJ" globalID="531" id="1" offset="-1:5"><Text>benign</Text></Token><Token POSTag="." globalID="532" id="2" offset="-1:0"><Text>.</Text></Token></Tokens><ParseTree>(S1 (S (S (NP (JJ CHIEF) (NN COMPLAINT)) (: :) (NP (JJ Abdominal) (NN pain))) (. .)))</ParseTree></Sentence><Sentence id="3" offset="2947:2958"><Text>TMs normal.</Text><Tokens Count="3"><Token POSTag="NN" globalID="533" id="0" offset="-1:2"><Text>TMs</Text></Token><Token POSTag="JJ" globalID="534" id="1" offset="-1:5"><Text>normal</Text></Token><Token POSTag="." globalID="535" id="2" offset="-1:0"><Text>.</Text></Token></Tokens><ParseTree>(S1 (S (S (NP (JJ CHIEF) (NN COMPLAINT)) (: :) (NP (JJ Abdominal) (NN pain))) (. .)))</ParseTree></Sentence><Sentence id="4" offset="2959:2970"><Text>Nose clear.</Text><Tokens Count="3"><Token POSTag="VBP" globalID="536" id="0" offset="-1:3"><Text>Nose</Text></Token><Token POSTag="JJ" globalID="537" id="1" offset="-1:4"><Text>clear</Text></Token><Token POSTag="." globalID="538" id="2" offset="-1:0"><Text>.</Text></Token></Tokens><ParseTree>(S1 (S (S (NP (JJ CHIEF) (NN COMPLAINT)) (: :) (NP (JJ Abdominal) (NN pain))) (. .)))</ParseTree></Sentence><Sentence id="5" offset="2971:2985"><Text>Throat benign.</Text><Tokens Count="3"><Token POSTag="NN" globalID="539" id="0" offset="-1:5"><Text>Throat</Text></Token><Token POSTag="JJ" globalID="540" id="1" offset="-1:5"><Text>benign</Text></Token><Token POSTag="." globalID="541" id="2" offset="-1:0"><Text>.</Text></Token></Tokens><ParseTree>(S1 (S (S (NP (JJ CHIEF) (NN COMPLAINT)) (: :) (NP (JJ Abdominal) (NN pain))) (. .)))</ParseTree></Sentence></Sentences></Paragraph><Paragraph id="10"><Sentences Count="3"><Sentence id="0" offset="2986:3018"><Text>NECK: Supple with no adenopathy.</Text><Tokens Count="7"><Token POSTag="NN" globalID="542" id="0" offset="-1:3"><Text>NECK</Text></Token><Token POSTag=":" globalID="543" id="1" offset="-1:0"><Text>:</Text></Token><Token POSTag="NN" globalID="544" id="2" offset="-1:5"><Text>Supple</Text></Token><Token POSTag="IN" globalID="545" id="3" offset="-1:3"><Text>with</Text></Token><Token POSTag="DT" globalID="546" id="4" offset="-1:1"><Text>no</Text></Token><Token POSTag="JJ" globalID="547" id="5" offset="-1:9"><Text>adenopathy</Text></Token><Token POSTag="." globalID="548" id="6" offset="-1:0"><Text>.</Text></Token></Tokens><ParseTree>(S1 (S (S (NP (JJ CHIEF) (NN COMPLAINT)) (: :) (NP (JJ Abdominal) (NN pain))) (. .)))</ParseTree></Sentence><Sentence id="1" offset="3019:3059"><Text>Carotid upstrokes normal with no bruits.</Text><Tokens Count="7"><Token POSTag="NN" globalID="549" id="0" offset="-1:6"><Text>Carotid</Text></Token><Token POSTag="NNS" globalID="550" id="1" offset="-1:8"><Text>upstrokes</Text></Token><Token POSTag="JJ" globalID="551" id="2" offset="-1:5"><Text>normal</Text></Token><Token POSTag="IN" globalID="552" id="3" offset="-1:3"><Text>with</Text></Token><Token POSTag="DT" globalID="553" id="4" offset="-1:1"><Text>no</Text></Token><Token POSTag="NNS" globalID="554" id="5" offset="-1:5"><Text>bruits</Text></Token><Token POSTag="." globalID="555" id="6" offset="-1:0"><Text>.</Text></Token></Tokens><ParseTree>(S1 (S (S (NP (JJ CHIEF) (NN COMPLAINT)) (: :) (NP (JJ Abdominal) (NN pain))) (. .)))</ParseTree></Sentence><Sentence id="2" offset="3060:3084"><Text>Thyroid is not enlarged.</Text><Tokens Count="5"><Token POSTag="NN" globalID="556" id="0" offset="-1:6"><Text>Thyroid</Text></Token><Token POSTag="VBZ" globalID="557" id="1" offset="-1:1"><Text>is</Text></Token><Token POSTag="RB" globalID="558" id="2" offset="-1:2"><Text>not</Text></Token><Token POSTag="JJ" globalID="559" id="3" offset="-1:7"><Text>enlarged</Text></Token><Token POSTag="." globalID="560" id="4" offset="-1:0"><Text>.</Text></Token></Tokens><ParseTree>(S1 (S (S (NP (JJ CHIEF) (NN COMPLAINT)) (: :) (NP (JJ Abdominal) (NN pain))) (. .)))</ParseTree></Sentence></Sentences></Paragraph><Paragraph id="11"><Sentences Count="1"><Sentence id="0" offset="3085:3129"><Text>LUNGS: Clear to percussion and auscultation.</Text><Tokens Count="8"><Token POSTag="NNS" globalID="561" id="0" offset="-1:4"><Text>LUNGS</Text></Token><Token POSTag=":" globalID="562" id="1" offset="-1:0"><Text>:</Text></Token><Token POSTag="JJ" globalID="563" id="2" offset="-1:4"><Text>Clear</Text></Token><Token POSTag="TO" globalID="564" id="3" offset="-1:1"><Text>to</Text></Token><Token POSTag="NN" globalID="565" id="4" offset="-1:9"><Text>percussion</Text></Token><Token POSTag="CC" globalID="566" id="5" offset="-1:2"><Text>and</Text></Token><Token POSTag="NN" globalID="567" id="6" offset="-1:11"><Text>auscultation</Text></Token><Token POSTag="." globalID="568" id="7" offset="-1:0"><Text>.</Text></Token></Tokens><ParseTree>(S1 (S (S (NP (JJ CHIEF) (NN COMPLAINT)) (: :) (NP (JJ Abdominal) (NN pain))) (. .)))</ParseTree></Sentence></Sentences></Paragraph><Paragraph id="12"><Sentences Count="2"><Sentence id="0" offset="3130:3195"><Text>HEART: Regular rate, normal S1 and S2 with no murmurs or gallops.</Text><Tokens Count="15"><Token POSTag="NN" globalID="569" id="0" offset="-1:4"><Text>HEART</Text></Token><Token POSTag=":" globalID="570" id="1" offset="-1:0"><Text>:</Text></Token><Token POSTag="JJ" globalID="571" id="2" offset="-1:6"><Text>Regular</Text></Token><Token POSTag="NN" globalID="572" id="3" offset="-1:3"><Text>rate</Text></Token><Token POSTag="," globalID="573" id="4" offset="-1:0"><Text>,</Text></Token><Token POSTag="JJ" globalID="574" id="5" offset="-1:5"><Text>normal</Text></Token><Token POSTag="NN" globalID="575" id="6" offset="-1:1"><Text>S1</Text></Token><Token POSTag="CC" globalID="576" id="7" offset="-1:2"><Text>and</Text></Token><Token POSTag="NN" globalID="577" id="8" offset="-1:1"><Text>S2</Text></Token><Token POSTag="IN" globalID="578" id="9" offset="-1:3"><Text>with</Text></Token><Token POSTag="DT" globalID="579" id="10" offset="-1:1"><Text>no</Text></Token><Token POSTag="NNS" globalID="580" id="11" offset="-1:6"><Text>murmurs</Text></Token><Token POSTag="CC" globalID="581" id="12" offset="-1:1"><Text>or</Text></Token><Token POSTag="NNS" globalID="582" id="13" offset="-1:6"><Text>gallops</Text></Token><Token POSTag="." globalID="583" id="14" offset="-1:0"><Text>.</Text></Token></Tokens><ParseTree>(S1 (S (S (NP (JJ CHIEF) (NN COMPLAINT)) (: :) (NP (JJ Abdominal) (NN pain))) (. .)))</ParseTree></Sentence><Sentence id="1" offset="3196:3216"><Text>PMI is nondisplaced.</Text><Tokens Count="4"><Token POSTag="NN" globalID="584" id="0" offset="-1:2"><Text>PMI</Text></Token><Token POSTag="VBZ" globalID="585" id="1" offset="-1:1"><Text>is</Text></Token><Token POSTag="VBN" globalID="586" id="2" offset="-1:11"><Text>nondisplaced</Text></Token><Token POSTag="." globalID="587" id="3" offset="-1:0"><Text>.</Text></Token></Tokens><ParseTree>(S1 (S (S (NP (JJ CHIEF) (NN COMPLAINT)) (: :) (NP (JJ Abdominal) (NN pain))) (. .)))</ParseTree></Sentence></Sentences></Paragraph><Paragraph id="13"><Sentences Count="3"><Sentence id="0" offset="3217:3272"><Text>ABDOMEN: Mildly distended with mild diffuse tenderness.</Text><Tokens Count="9"><Token POSTag="NN" globalID="588" id="0" offset="-1:6"><Text>ABDOMEN</Text></Token><Token POSTag=":" globalID="589" id="1" offset="-1:0"><Text>:</Text></Token><Token POSTag="RB" globalID="590" id="2" offset="-1:5"><Text>Mildly</Text></Token><Token POSTag="JJ" globalID="591" id="3" offset="-1:8"><Text>distended</Text></Token><Token POSTag="IN" globalID="592" id="4" offset="-1:3"><Text>with</Text></Token><Token POSTag="JJ" globalID="593" id="5" offset="-1:3"><Text>mild</Text></Token><Token POSTag="JJ" globalID="594" id="6" offset="-1:6"><Text>diffuse</Text></Token><Token POSTag="NN" globalID="595" id="7" offset="-1:9"><Text>tenderness</Text></Token><Token POSTag="." globalID="596" id="8" offset="-1:0"><Text>.</Text></Token></Tokens><ParseTree>(S1 (S (S (NP (JJ CHIEF) (NN COMPLAINT)) (: :) (NP (JJ Abdominal) (NN pain))) (. .)))</ParseTree></Sentence><Sentence id="1" offset="3273:3305"><Text>There is no rebound or guarding.</Text><Tokens Count="7"><Token POSTag="EX" globalID="597" id="0" offset="-1:4"><Text>There</Text></Token><Token POSTag="VBZ" globalID="598" id="1" offset="-1:1"><Text>is</Text></Token><Token POSTag="RB" globalID="599" id="2" offset="-1:1"><Text>no</Text></Token><Token POSTag="NN" globalID="600" id="3" offset="-1:6"><Text>rebound</Text></Token><Token POSTag="CC" globalID="601" id="4" offset="-1:1"><Text>or</Text></Token><Token POSTag="NN" globalID="602" id="5" offset="-1:7"><Text>guarding</Text></Token><Token POSTag="." globalID="603" id="6" offset="-1:0"><Text>.</Text></Token></Tokens><ParseTree>(S1 (S (S (NP (JJ CHIEF) (NN COMPLAINT)) (: :) (NP (JJ Abdominal) (NN pain))) (. .)))</ParseTree></Sentence><Sentence id="2" offset="3306:3334"><Text>Bowel sounds are hypoactive.</Text><Tokens Count="5"><Token POSTag="NN" globalID="604" id="0" offset="-1:4"><Text>Bowel</Text></Token><Token POSTag="NNS" globalID="605" id="1" offset="-1:5"><Text>sounds</Text></Token><Token POSTag="VBP" globalID="606" id="2" offset="-1:2"><Text>are</Text></Token><Token POSTag="JJ" globalID="607" id="3" offset="-1:9"><Text>hypoactive</Text></Token><Token POSTag="." globalID="608" id="4" offset="-1:0"><Text>.</Text></Token></Tokens><ParseTree>(S1 (S (S (NP (JJ CHIEF) (NN COMPLAINT)) (: :) (NP (JJ Abdominal) (NN pain))) (. .)))</ParseTree></Sentence></Sentences></Paragraph><Paragraph id="14"><Sentences Count="2"><Sentence id="0" offset="3335:3379"><Text>EXTREMITIES: No cyanosis, clubbing or edema.</Text><Tokens Count="9"><Token POSTag="NNS" globalID="609" id="0" offset="-1:10"><Text>EXTREMITIES</Text></Token><Token POSTag=":" globalID="610" id="1" offset="-1:0"><Text>:</Text></Token><Token POSTag="NN" globalID="611" id="2" offset="-1:1"><Text>No</Text></Token><Token POSTag="NN" globalID="612" id="3" offset="-1:7"><Text>cyanosis</Text></Token><Token POSTag="," globalID="613" id="4" offset="-1:0"><Text>,</Text></Token><Token POSTag="NN" globalID="614" id="5" offset="-1:7"><Text>clubbing</Text></Token><Token POSTag="CC" globalID="615" id="6" offset="-1:1"><Text>or</Text></Token><Token POSTag="NN" globalID="616" id="7" offset="-1:4"><Text>edema</Text></Token><Token POSTag="." globalID="617" id="8" offset="-1:0"><Text>.</Text></Token></Tokens><ParseTree>(S1 (S (S (NP (JJ CHIEF) (NN COMPLAINT)) (: :) (NP (JJ Abdominal) (NN pain))) (. .)))</ParseTree></Sentence><Sentence id="1" offset="3380:3420"><Text>Pulses are strong and intact throughout.</Text><Tokens Count="7"><Token POSTag="NNS" globalID="618" id="0" offset="-1:5"><Text>Pulses</Text></Token><Token POSTag="VBP" globalID="619" id="1" offset="-1:2"><Text>are</Text></Token><Token POSTag="JJ" globalID="620" id="2" offset="-1:5"><Text>strong</Text></Token><Token POSTag="CC" globalID="621" id="3" offset="-1:2"><Text>and</Text></Token><Token POSTag="JJ" globalID="622" id="4" offset="-1:5"><Text>intact</Text></Token><Token POSTag="RB" globalID="623" id="5" offset="-1:9"><Text>throughout</Text></Token><Token POSTag="." globalID="624" id="6" offset="-1:0"><Text>.</Text></Token></Tokens><ParseTree>(S1 (S (S (NP (JJ CHIEF) (NN COMPLAINT)) (: :) (NP (JJ Abdominal) (NN pain))) (. .)))</ParseTree></Sentence></Sentences></Paragraph><Paragraph id="15"><Sentences Count="3"><Sentence id="0" offset="3421:3479"><Text>GENITALIA: Atrophic male, no scrotal masses or tenderness.</Text><Tokens Count="11"><Token POSTag="NNS" globalID="625" id="0" offset="-1:8"><Text>GENITALIA</Text></Token><Token POSTag=":" globalID="626" id="1" offset="-1:0"><Text>:</Text></Token><Token POSTag="JJ" globalID="627" id="2" offset="-1:7"><Text>Atrophic</Text></Token><Token POSTag="NN" globalID="628" id="3" offset="-1:3"><Text>male</Text></Token><Token POSTag="," globalID="629" id="4" offset="-1:0"><Text>,</Text></Token><Token POSTag="NN" globalID="630" id="5" offset="-1:1"><Text>no</Text></Token><Token POSTag="NN" globalID="631" id="6" offset="-1:6"><Text>scrotal</Text></Token><Token POSTag="NNS" globalID="632" id="7" offset="-1:5"><Text>masses</Text></Token><Token POSTag="CC" globalID="633" id="8" offset="-1:1"><Text>or</Text></Token><Token POSTag="NN" globalID="634" id="9" offset="-1:9"><Text>tenderness</Text></Token><Token POSTag="." globalID="635" id="10" offset="-1:0"><Text>.</Text></Token></Tokens><ParseTree>(S1 (S (S (NP (JJ CHIEF) (NN COMPLAINT)) (: :) (NP (JJ Abdominal) (NN pain))) (. .)))</ParseTree></Sentence><Sentence id="1" offset="3480:3503"><Text>Testicles are atrophic.</Text><Tokens Count="4"><Token POSTag="NNS" globalID="636" id="0" offset="-1:8"><Text>Testicles</Text></Token><Token POSTag="VBP" globalID="637" id="1" offset="-1:2"><Text>are</Text></Token><Token POSTag="JJ" globalID="638" id="2" offset="-1:7"><Text>atrophic</Text></Token><Token POSTag="." globalID="639" id="3" offset="-1:0"><Text>.</Text></Token></Tokens><ParseTree>(S1 (S (S (NP (JJ CHIEF) (NN COMPLAINT)) (: :) (NP (JJ Abdominal) (NN pain))) (. .)))</ParseTree></Sentence><Sentence id="2" offset="3504:3523"><Text>No hernia is noted.</Text><Tokens Count="5"><Token POSTag="DT" globalID="640" id="0" offset="-1:1"><Text>No</Text></Token><Token POSTag="NN" globalID="641" id="1" offset="-1:5"><Text>hernia</Text></Token><Token POSTag="VBZ" globalID="642" id="2" offset="-1:1"><Text>is</Text></Token><Token POSTag="VBN" globalID="643" id="3" offset="-1:4"><Text>noted</Text></Token><Token POSTag="." globalID="644" id="4" offset="-1:0"><Text>.</Text></Token></Tokens><ParseTree>(S1 (S (S (NP (JJ CHIEF) (NN COMPLAINT)) (: :) (NP (JJ Abdominal) (NN pain))) (. .)))</ParseTree></Sentence></Sentences></Paragraph><Paragraph id="16"><Sentences Count="1"><Sentence id="0" offset="3524:3612"><Text>RECTAL: Unremarkable, prostate was not enlarged and there were no nodules or tenderness.</Text><Tokens Count="16"><Token POSTag="JJ" globalID="645" id="0" offset="-1:5"><Text>RECTAL</Text></Token><Token POSTag=":" globalID="646" id="1" offset="-1:0"><Text>:</Text></Token><Token POSTag="NN" globalID="647" id="2" offset="-1:11"><Text>Unremarkable</Text></Token><Token POSTag="," globalID="648" id="3" offset="-1:0"><Text>,</Text></Token><Token POSTag="NN" globalID="649" id="4" offset="-1:7"><Text>prostate</Text></Token><Token POSTag="VBD" globalID="650" id="5" offset="-1:2"><Text>was</Text></Token><Token POSTag="RB" globalID="651" id="6" offset="-1:2"><Text>not</Text></Token><Token POSTag="VBN" globalID="652" id="7" offset="-1:7"><Text>enlarged</Text></Token><Token POSTag="CC" globalID="653" id="8" offset="-1:2"><Text>and</Text></Token><Token POSTag="EX" globalID="654" id="9" offset="-1:4"><Text>there</Text></Token><Token POSTag="VBD" globalID="655" id="10" offset="-1:3"><Text>were</Text></Token><Token POSTag="DT" globalID="656" id="11" offset="-1:1"><Text>no</Text></Token><Token POSTag="NNS" globalID="657" id="12" offset="-1:6"><Text>nodules</Text></Token><Token POSTag="CC" globalID="658" id="13" offset="-1:1"><Text>or</Text></Token><Token POSTag="NNS" globalID="659" id="14" offset="-1:9"><Text>tenderness</Text></Token><Token POSTag="." globalID="660" id="15" offset="-1:0"><Text>.</Text></Token></Tokens><ParseTree>(S1 (S (S (NP (JJ CHIEF) (NN COMPLAINT)) (: :) (NP (JJ Abdominal) (NN pain))) (. .)))</ParseTree></Sentence></Sentences></Paragraph><Paragraph id="17"><Sentences Count="4"><Sentence id="0" offset="3614:3689"><Text>LAB DATA: WBC 12.1, hemoglobin and hematocrit 16.9/52.1, platelets 277,000.</Text><Tokens Count="14"><Token POSTag="NN" globalID="661" id="0" offset="-1:2"><Text>LAB</Text></Token><Token POSTag="NNS" globalID="662" id="1" offset="-1:3"><Text>DATA</Text></Token><Token POSTag=":" globalID="663" id="2" offset="-1:0"><Text>:</Text></Token><Token POSTag="NN" globalID="664" id="3" offset="-1:2"><Text>WBC</Text></Token><Token POSTag="CD" globalID="665" id="4" offset="-1:3"><Text>12.1</Text></Token><Token POSTag="," globalID="666" id="5" offset="-1:0"><Text>,</Text></Token><Token POSTag="NN" globalID="667" id="6" offset="-1:9"><Text>hemoglobin</Text></Token><Token POSTag="CC" globalID="668" id="7" offset="-1:2"><Text>and</Text></Token><Token POSTag="NN" globalID="669" id="8" offset="-1:9"><Text>hematocrit</Text></Token><Token POSTag="CD" globalID="670" id="9" offset="-1:8"><Text>16.9/52.1</Text></Token><Token POSTag="," globalID="671" id="10" offset="-1:0"><Text>,</Text></Token><Token POSTag="NNS" globalID="672" id="11" offset="-1:8"><Text>platelets</Text></Token><Token POSTag="CD" globalID="673" id="12" offset="-1:6"><Text>277,000</Text></Token><Token POSTag="." globalID="674" id="13" offset="-1:0"><Text>.</Text></Token></Tokens><ParseTree>(S1 (S (S (NP (JJ CHIEF) (NN COMPLAINT)) (: :) (NP (JJ Abdominal) (NN pain))) (. .)))</ParseTree></Sentence><Sentence id="1" offset="3690:3807"><Text>Sodium 137, potassium 3.9, chloride 100, bicarbonate 26, BUN 27, creatinine 1.4, glucose 157, amylase 103, lipase 44.</Text><Tokens Count="27"><Token POSTag="NN" globalID="675" id="0" offset="-1:5"><Text>Sodium</Text></Token><Token POSTag="CD" globalID="676" id="1" offset="-1:2"><Text>137</Text></Token><Token POSTag="," globalID="677" id="2" offset="-1:0"><Text>,</Text></Token><Token POSTag="NN" globalID="678" id="3" offset="-1:8"><Text>potassium</Text></Token><Token POSTag="CD" globalID="679" id="4" offset="-1:2"><Text>3.9</Text></Token><Token POSTag="," globalID="680" id="5" offset="-1:0"><Text>,</Text></Token><Token POSTag="NN" globalID="681" id="6" offset="-1:7"><Text>chloride</Text></Token><Token POSTag="CD" globalID="682" id="7" offset="-1:2"><Text>100</Text></Token><Token POSTag="," globalID="683" id="8" offset="-1:0"><Text>,</Text></Token><Token POSTag="NN" globalID="684" id="9" offset="-1:10"><Text>bicarbonate</Text></Token><Token POSTag="CD" globalID="685" id="10" offset="-1:1"><Text>26</Text></Token><Token POSTag="," globalID="686" id="11" offset="-1:0"><Text>,</Text></Token><Token POSTag="NN" globalID="687" id="12" offset="-1:2"><Text>BUN</Text></Token><Token POSTag="CD" globalID="688" id="13" offset="-1:1"><Text>27</Text></Token><Token POSTag="," globalID="689" id="14" offset="-1:0"><Text>,</Text></Token><Token POSTag="NN" globalID="690" id="15" offset="-1:9"><Text>creatinine</Text></Token><Token POSTag="CD" globalID="691" id="16" offset="-1:2"><Text>1.4</Text></Token><Token POSTag="," globalID="692" id="17" offset="-1:0"><Text>,</Text></Token><Token POSTag="NN" globalID="693" id="18" offset="-1:6"><Text>glucose</Text></Token><Token POSTag="NN" globalID="694" id="19" offset="-1:2"><Text>157</Text></Token><Token POSTag="," globalID="695" id="20" offset="-1:0"><Text>,</Text></Token><Token POSTag="NN" globalID="696" id="21" offset="-1:6"><Text>amylase</Text></Token><Token POSTag="CD" globalID="697" id="22" offset="-1:2"><Text>103</Text></Token><Token POSTag="," globalID="698" id="23" offset="-1:0"><Text>,</Text></Token><Token POSTag="NN" globalID="699" id="24" offset="-1:5"><Text>lipase</Text></Token><Token POSTag="CD" globalID="700" id="25" offset="-1:1"><Text>44</Text></Token><Token POSTag="." globalID="701" id="26" offset="-1:0"><Text>.</Text></Token></Tokens><ParseTree>(S1 (S (S (NP (JJ CHIEF) (NN COMPLAINT)) (: :) (NP (JJ Abdominal) (NN pain))) (. .)))</ParseTree></Sentence><Sentence id="2" offset="3808:3857"><Text>Alkaline phosphatase, AST and ALT are all normal.</Text><Tokens Count="10"><Token POSTag="NN" globalID="702" id="0" offset="-1:7"><Text>Alkaline</Text></Token><Token POSTag="NN" globalID="703" id="1" offset="-1:10"><Text>phosphatase</Text></Token><Token POSTag="," globalID="704" id="2" offset="-1:0"><Text>,</Text></Token><Token POSTag="NN" globalID="705" id="3" offset="-1:2"><Text>AST</Text></Token><Token POSTag="CC" globalID="706" id="4" offset="-1:2"><Text>and</Text></Token><Token POSTag="NN" globalID="707" id="5" offset="-1:2"><Text>ALT</Text></Token><Token POSTag="VBP" globalID="708" id="6" offset="-1:2"><Text>are</Text></Token><Token POSTag="RB" globalID="709" id="7" offset="-1:2"><Text>all</Text></Token><Token POSTag="JJ" globalID="710" id="8" offset="-1:5"><Text>normal</Text></Token><Token POSTag="." globalID="711" id="9" offset="-1:0"><Text>.</Text></Token></Tokens><ParseTree>(S1 (S (S (NP (JJ CHIEF) (NN COMPLAINT)) (: :) (NP (JJ Abdominal) (NN pain))) (. .)))</ParseTree></Sentence><Sentence id="3" offset="3858:3873"><Text>UA is negative.</Text><Tokens Count="4"><Token POSTag="NN" globalID="712" id="0" offset="-1:1"><Text>UA</Text></Token><Token POSTag="VBZ" globalID="713" id="1" offset="-1:1"><Text>is</Text></Token><Token POSTag="JJ" globalID="714" id="2" offset="-1:7"><Text>negative</Text></Token><Token POSTag="." globalID="715" id="3" offset="-1:0"><Text>.</Text></Token></Tokens><ParseTree>(S1 (S (S (NP (JJ CHIEF) (NN COMPLAINT)) (: :) (NP (JJ Abdominal) (NN pain))) (. .)))</ParseTree></Sentence></Sentences></Paragraph><Paragraph id="18"><Sentences Count="1"><Sentence id="0" offset="3875:4000"><Text>Abdomen and pelvic CT showed mild stomach distention with multiple fluid-filled loops of bowel, no obvious obstruction noted.</Text><Tokens Count="20"><Token POSTag="NN" globalID="716" id="0" offset="-1:6"><Text>Abdomen</Text></Token><Token POSTag="CC" globalID="717" id="1" offset="-1:2"><Text>and</Text></Token><Token POSTag="JJ" globalID="718" id="2" offset="-1:5"><Text>pelvic</Text></Token><Token POSTag="NN" globalID="719" id="3" offset="-1:1"><Text>CT</Text></Token><Token POSTag="VBD" globalID="720" id="4" offset="-1:5"><Text>showed</Text></Token><Token POSTag="JJ" globalID="721" id="5" offset="-1:3"><Text>mild</Text></Token><Token POSTag="NN" globalID="722" id="6" offset="-1:6"><Text>stomach</Text></Token><Token POSTag="NN" globalID="723" id="7" offset="-1:9"><Text>distention</Text></Token><Token POSTag="IN" globalID="724" id="8" offset="-1:3"><Text>with</Text></Token><Token POSTag="JJ" globalID="725" id="9" offset="-1:7"><Text>multiple</Text></Token><Token POSTag="JJ" globalID="726" id="10" offset="-1:11"><Text>fluid-filled</Text></Token><Token POSTag="NNS" globalID="727" id="11" offset="-1:4"><Text>loops</Text></Token><Token POSTag="IN" globalID="728" id="12" offset="-1:1"><Text>of</Text></Token><Token POSTag="NN" globalID="729" id="13" offset="-1:4"><Text>bowel</Text></Token><Token POSTag="," globalID="730" id="14" offset="-1:0"><Text>,</Text></Token><Token POSTag="DT" globalID="731" id="15" offset="-1:1"><Text>no</Text></Token><Token POSTag="JJ" globalID="732" id="16" offset="-1:6"><Text>obvious</Text></Token><Token POSTag="NN" globalID="733" id="17" offset="-1:10"><Text>obstruction</Text></Token><Token POSTag="VBN" globalID="734" id="18" offset="-1:4"><Text>noted</Text></Token><Token POSTag="." globalID="735" id="19" offset="-1:0"><Text>.</Text></Token></Tokens><ParseTree>(S1 (S (S (NP (JJ CHIEF) (NN COMPLAINT)) (: :) (NP (JJ Abdominal) (NN pain))) (. .)))</ParseTree></Sentence></Sentences></Paragraph><Paragraph id="19"><Sentences Count="1"><Sentence id="0" offset="4002:4013"><Text>IMPRESSION:</Text><Tokens Count="2"><Token POSTag="NN" globalID="736" id="0" offset="-1:9"><Text>IMPRESSION</Text></Token><Token POSTag=":" globalID="737" id="1" offset="-1:0"><Text>:</Text></Token></Tokens><ParseTree>(S1 (S (S (NP (JJ CHIEF) (NN COMPLAINT)) (: :) (NP (JJ Abdominal) (NN pain))) (. .)))</ParseTree></Sentence></Sentences></Paragraph><Paragraph id="20"><Sentences Count="2"><Sentence id="0" offset="4014:4016"><Text>1.</Text><Tokens Count="2"><Token POSTag="CD" globalID="738" id="0" offset="-1:0"><Text>1</Text></Token><Token POSTag="." globalID="739" id="1" offset="-1:0"><Text>.</Text></Token></Tokens><ParseTree>(S1 (S (S (NP (JJ CHIEF) (NN COMPLAINT)) (: :) (NP (JJ Abdominal) (NN pain))) (. .)))</ParseTree></Sentence><Sentence id="1" offset="4017:4097"><Text>Abdominal pain, nausea and vomiting, rule out recurrent small bowel obstruction.</Text><Tokens Count="14"><Token POSTag="JJ" globalID="740" id="0" offset="-1:8"><Text>Abdominal</Text></Token><Token POSTag="NN" globalID="741" id="1" offset="-1:3"><Text>pain</Text></Token><Token POSTag="," globalID="742" id="2" offset="-1:0"><Text>,</Text></Token><Token POSTag="NN" globalID="743" id="3" offset="-1:5"><Text>nausea</Text></Token><Token POSTag="CC" globalID="744" id="4" offset="-1:2"><Text>and</Text></Token><Token POSTag="NN" globalID="745" id="5" offset="-1:7"><Text>vomiting</Text></Token><Token POSTag="," globalID="746" id="6" offset="-1:0"><Text>,</Text></Token><Token POSTag="NN" globalID="747" id="7" offset="-1:3"><Text>rule</Text></Token><Token POSTag="IN" globalID="748" id="8" offset="-1:2"><Text>out</Text></Token><Token POSTag="JJ" globalID="749" id="9" offset="-1:8"><Text>recurrent</Text></Token><Token POSTag="JJ" globalID="750" id="10" offset="-1:4"><Text>small</Text></Token><Token POSTag="NN" globalID="751" id="11" offset="-1:4"><Text>bowel</Text></Token><Token POSTag="NN" globalID="752" id="12" offset="-1:10"><Text>obstruction</Text></Token><Token POSTag="." globalID="753" id="13" offset="-1:0"><Text>.</Text></Token></Tokens><ParseTree>(S1 (S (S (NP (JJ CHIEF) (NN COMPLAINT)) (: :) (NP (JJ Abdominal) (NN pain))) (. .)))</ParseTree></Sentence></Sentences></Paragraph><Paragraph id="21"><Sentences Count="2"><Sentence id="0" offset="4098:4100"><Text>2.</Text><Tokens Count="2"><Token POSTag="CD" globalID="754" id="0" offset="-1:0"><Text>2</Text></Token><Token POSTag="." globalID="755" id="1" offset="-1:0"><Text>.</Text></Token></Tokens><ParseTree>(S1 (S (S (NP (JJ CHIEF) (NN COMPLAINT)) (: :) (NP (JJ Abdominal) (NN pain))) (. .)))</ParseTree></Sentence><Sentence id="1" offset="4101:4114"><Text>Hypertension.</Text><Tokens Count="2"><Token POSTag="NN" globalID="756" id="0" offset="-1:11"><Text>Hypertension</Text></Token><Token POSTag="." globalID="757" id="1" offset="-1:0"><Text>.</Text></Token></Tokens><ParseTree>(S1 (S (S (NP (JJ CHIEF) (NN COMPLAINT)) (: :) (NP (JJ Abdominal) (NN pain))) (. .)))</ParseTree></Sentence></Sentences></Paragraph><Paragraph id="22"><Sentences Count="2"><Sentence id="0" offset="4115:4117"><Text>3.</Text><Tokens Count="2"><Token POSTag="CD" globalID="758" id="0" offset="-1:0"><Text>3</Text></Token><Token POSTag="." globalID="759" id="1" offset="-1:0"><Text>.</Text></Token></Tokens><ParseTree>(S1 (S (S (NP (JJ CHIEF) (NN COMPLAINT)) (: :) (NP (JJ Abdominal) (NN pain))) (. .)))</ParseTree></Sentence><Sentence id="1" offset="4118:4136"><Text>Esophageal reflux.</Text><Tokens Count="3"><Token POSTag="JJ" globalID="760" id="0" offset="-1:9"><Text>Esophageal</Text></Token><Token POSTag="NN" globalID="761" id="1" offset="-1:5"><Text>reflux</Text></Token><Token POSTag="." globalID="762" id="2" offset="-1:0"><Text>.</Text></Token></Tokens><ParseTree>(S1 (S (S (NP (JJ CHIEF) (NN COMPLAINT)) (: :) (NP (JJ Abdominal) (NN pain))) (. .)))</ParseTree></Sentence></Sentences></Paragraph><Paragraph id="23"><Sentences Count="2"><Sentence id="0" offset="4137:4139"><Text>4.</Text><Tokens Count="2"><Token POSTag="CD" globalID="763" id="0" offset="-1:0"><Text>4</Text></Token><Token POSTag="." globalID="764" id="1" offset="-1:0"><Text>.</Text></Token></Tokens><ParseTree>(S1 (S (S (NP (JJ CHIEF) (NN COMPLAINT)) (: :) (NP (JJ Abdominal) (NN pain))) (. .)))</ParseTree></Sentence><Sentence id="1" offset="4140:4158"><Text>Allergic rhinitis.</Text><Tokens Count="3"><Token POSTag="JJ" globalID="765" id="0" offset="-1:7"><Text>Allergic</Text></Token><Token POSTag="NN" globalID="766" id="1" offset="-1:7"><Text>rhinitis</Text></Token><Token POSTag="." globalID="767" id="2" offset="-1:0"><Text>.</Text></Token></Tokens><ParseTree>(S1 (S (S (NP (JJ CHIEF) (NN COMPLAINT)) (: :) (NP (JJ Abdominal) (NN pain))) (. .)))</ParseTree></Sentence></Sentences></Paragraph><Paragraph id="24"><Sentences Count="2"><Sentence id="0" offset="4159:4161"><Text>5.</Text><Tokens Count="2"><Token POSTag="CD" globalID="768" id="0" offset="-1:0"><Text>5</Text></Token><Token POSTag="." globalID="769" id="1" offset="-1:0"><Text>.</Text></Token></Tokens><ParseTree>(S1 (S (S (NP (JJ CHIEF) (NN COMPLAINT)) (: :) (NP (JJ Abdominal) (NN pain))) (. .)))</ParseTree></Sentence><Sentence id="1" offset="4162:4171"><Text>Glaucoma.</Text><Tokens Count="2"><Token POSTag="NN" globalID="770" id="0" offset="-1:7"><Text>Glaucoma</Text></Token><Token POSTag="." globalID="771" id="1" offset="-1:0"><Text>.</Text></Token></Tokens><ParseTree>(S1 (S (S (NP (JJ CHIEF) (NN COMPLAINT)) (: :) (NP (JJ Abdominal) (NN pain))) (. .)))</ParseTree></Sentence></Sentences></Paragraph><Paragraph id="25"><Sentences Count="5"><Sentence id="0" offset="4173:4224"><Text>PLAN: The patient is admitted to the medical floor.</Text><Tokens Count="11"><Token POSTag="NN" globalID="772" id="0" offset="-1:3"><Text>PLAN</Text></Token><Token POSTag=":" globalID="773" id="1" offset="-1:0"><Text>:</Text></Token><Token POSTag="DT" globalID="774" id="2" offset="-1:2"><Text>The</Text></Token><Token POSTag="NN" globalID="775" id="3" offset="-1:6"><Text>patient</Text></Token><Token POSTag="VBZ" globalID="776" id="4" offset="-1:1"><Text>is</Text></Token><Token POSTag="VBN" globalID="777" id="5" offset="-1:7"><Text>admitted</Text></Token><Token POSTag="TO" globalID="778" id="6" offset="-1:1"><Text>to</Text></Token><Token POSTag="DT" globalID="779" id="7" offset="-1:2"><Text>the</Text></Token><Token POSTag="JJ" globalID="780" id="8" offset="-1:6"><Text>medical</Text></Token><Token POSTag="NN" globalID="781" id="9" offset="-1:4"><Text>floor</Text></Token><Token POSTag="." globalID="782" id="10" offset="-1:0"><Text>.</Text></Token></Tokens><ParseTree>(S1 (S (S (NP (JJ CHIEF) (NN COMPLAINT)) (: :) (NP (JJ Abdominal) (NN pain))) (. .)))</ParseTree></Sentence><Sentence id="1" offset="4225:4274"><Text>He has been kept NPO and will be given IV fluids.</Text><Tokens Count="12"><Token POSTag="NN" globalID="783" id="0" offset="-1:1"><Text>He</Text></Token><Token POSTag="VBZ" globalID="784" id="1" offset="-1:2"><Text>has</Text></Token><Token POSTag="VBN" globalID="785" id="2" offset="-1:3"><Text>been</Text></Token><Token POSTag="VBN" globalID="786" id="3" offset="-1:3"><Text>kept</Text></Token><Token POSTag="NN" globalID="787" id="4" offset="-1:2"><Text>NPO</Text></Token><Token POSTag="CC" globalID="788" id="5" offset="-1:2"><Text>and</Text></Token><Token POSTag="MD" globalID="789" id="6" offset="-1:3"><Text>will</Text></Token><Token POSTag="VB" globalID="790" id="7" offset="-1:1"><Text>be</Text></Token><Token POSTag="IN" globalID="791" id="8" offset="-1:4"><Text>given</Text></Token><Token POSTag="NN" globalID="792" id="9" offset="-1:1"><Text>IV</Text></Token><Token POSTag="NNS" globalID="793" id="10" offset="-1:5"><Text>fluids</Text></Token><Token POSTag="." globalID="794" id="11" offset="-1:0"><Text>.</Text></Token></Tokens><ParseTree>(S1 (S (S (NP (JJ CHIEF) (NN COMPLAINT)) (: :) (NP (JJ Abdominal) (NN pain))) (. .)))</ParseTree></Sentence><Sentence id="2" offset="4275:4362"><Text>He will also be given antiemetic medications with Zofran and an analgesic as necessary.</Text><Tokens Count="15"><Token POSTag="NN" globalID="795" id="0" offset="-1:1"><Text>He</Text></Token><Token POSTag="MD" globalID="796" id="1" offset="-1:3"><Text>will</Text></Token><Token POSTag="RB" globalID="797" id="2" offset="-1:3"><Text>also</Text></Token><Token POSTag="VB" globalID="798" id="3" offset="-1:1"><Text>be</Text></Token><Token POSTag="VBN" globalID="799" id="4" offset="-1:4"><Text>given</Text></Token><Token POSTag="JJ" globalID="800" id="5" offset="-1:9"><Text>antiemetic</Text></Token><Token POSTag="NNS" globalID="801" id="6" offset="-1:10"><Text>medications</Text></Token><Token POSTag="IN" globalID="802" id="7" offset="-1:3"><Text>with</Text></Token><Token POSTag="NN" globalID="803" id="8" offset="-1:5"><Text>Zofran</Text></Token><Token POSTag="CC" globalID="804" id="9" offset="-1:2"><Text>and</Text></Token><Token POSTag="DT" globalID="805" id="10" offset="-1:1"><Text>an</Text></Token><Token POSTag="NN" globalID="806" id="11" offset="-1:8"><Text>analgesic</Text></Token><Token POSTag="IN" globalID="807" id="12" offset="-1:1"><Text>as</Text></Token><Token POSTag="JJ" globalID="808" id="13" offset="-1:8"><Text>necessary</Text></Token><Token POSTag="." globalID="809" id="14" offset="-1:0"><Text>.</Text></Token></Tokens><ParseTree>(S1 (S (S (NP (JJ CHIEF) (NN COMPLAINT)) (: :) (NP (JJ Abdominal) (NN pain))) (. .)))</ParseTree></Sentence><Sentence id="3" offset="4363:4405"><Text>General surgery consultation was obtained.</Text><Tokens Count="6"><Token POSTag="JJ" globalID="810" id="0" offset="-1:6"><Text>General</Text></Token><Token POSTag="NN" globalID="811" id="1" offset="-1:6"><Text>surgery</Text></Token><Token POSTag="NN" globalID="812" id="2" offset="-1:11"><Text>consultation</Text></Token><Token POSTag="VBD" globalID="813" id="3" offset="-1:2"><Text>was</Text></Token><Token POSTag="VBN" globalID="814" id="4" offset="-1:7"><Text>obtained</Text></Token><Token POSTag="." globalID="815" id="5" offset="-1:0"><Text>.</Text></Token></Tokens><ParseTree>(S1 (S (S (NP (JJ CHIEF) (NN COMPLAINT)) (: :) (NP (JJ Abdominal) (NN pain))) (. .)))</ParseTree></Sentence><Sentence id="4" offset="4406:4442"><Text>Abdominal series x-ray will be done.</Text><Tokens Count="7"><Token POSTag="JJ" globalID="816" id="0" offset="-1:8"><Text>Abdominal</Text></Token><Token POSTag="NN" globalID="817" id="1" offset="-1:5"><Text>series</Text></Token><Token POSTag="NN" globalID="818" id="2" offset="-1:4"><Text>x-ray</Text></Token><Token POSTag="MD" globalID="819" id="3" offset="-1:3"><Text>will</Text></Token><Token POSTag="VB" globalID="820" id="4" offset="-1:1"><Text>be</Text></Token><Token POSTag="VBN" globalID="821" id="5" offset="-1:3"><Text>done</Text></Token><Token POSTag="." globalID="822" id="6" offset="-1:0"><Text>.</Text></Token></Tokens><ParseTree>(S1 (S (S (NP (JJ CHIEF) (NN COMPLAINT)) (: :) (NP (JJ Abdominal) (NN pain))) (. .)))</ParseTree></Sentence></Sentences></Paragraph></Paragraphs></StartOutput>