<StartOutput><Paragraphs Count="2"><Paragraph id="0"><Sentences Count="8"><Sentence id="0" offset="0:121"><Text>A nurse reported that a 60- year old female consumer experianced a delayed allergic reaction while on paclitaxel therapy.</Text><Tokens Count="20"><Token POSTag="DT" globalID="0" id="0" offset="0:1"><Text>A</Text></Token><Token POSTag="NN" globalID="1" id="1" offset="2:7"><Text>nurse</Text></Token><Token POSTag="VBN" globalID="2" id="2" offset="8:16"><Text>reported</Text></Token><Token POSTag="IN" globalID="3" id="3" offset="17:21"><Text>that</Text></Token><Token POSTag="DT" globalID="4" id="4" offset="19:20"><Text>a</Text></Token><Token POSTag="CD" globalID="5" id="5" offset="24:27"><Text>60-</Text></Token><Token POSTag="NN" globalID="6" id="6" offset="28:32"><Text>year</Text></Token><Token POSTag="JJ" globalID="7" id="7" offset="33:36"><Text>old</Text></Token><Token POSTag="NN" globalID="8" id="8" offset="37:43"><Text>female</Text></Token><Token POSTag="NN" globalID="9" id="9" offset="44:52"><Text>consumer</Text></Token><Token POSTag="VBD" globalID="10" id="10" offset="53:64"><Text>experianced</Text></Token><Token POSTag="DT" globalID="11" id="11" offset="59:60"><Text>a</Text></Token><Token POSTag="VBN" globalID="12" id="12" offset="67:74"><Text>delayed</Text></Token><Token POSTag="JJ" globalID="13" id="13" offset="75:83"><Text>allergic</Text></Token><Token POSTag="NN" globalID="14" id="14" offset="84:92"><Text>reaction</Text></Token><Token POSTag="IN" globalID="15" id="15" offset="93:98"><Text>while</Text></Token><Token POSTag="IN" globalID="16" id="16" offset="99:101"><Text>on</Text></Token><Token POSTag="NN" globalID="17" id="17" offset="102:112"><Text>paclitaxel</Text><METAMAP>[orch,phsu]</METAMAP></Token><Token POSTag="NN" globalID="18" id="18" offset="113:120"><Text>therapy</Text></Token><Token POSTag="." globalID="19" id="19" offset="120:121"><Text>.</Text></Token></Tokens><ParseTree>(S1 (S (S (NP (NP (DT A) (NN nurse)) (VP (VBN reported) (PP (IN that) (NP (DT a) (ADJP (CD 60-) (NN year) (JJ old)) (NN female) (NN consumer))))) (VP (VBD experianced) (NP (DT a) (VBN delayed) (JJ allergic) (NN reaction)) (PP (IN while) (PP (IN on) (NP (NN paclitaxel) (NN therapy)))))) (. .)))</ParseTree></Sentence><Sentence id="1" offset="122:197"><Text>The patient recieved her first dose of paclitaxel 280mg on August 12, 2015.</Text><Tokens Count="15"><Token POSTag="DT" globalID="20" id="0" offset="122:125"><Text>The</Text></Token><Token POSTag="NN" globalID="21" id="1" offset="126:133"><Text>patient</Text></Token><Token POSTag="VBD" globalID="22" id="2" offset="134:142"><Text>recieved</Text></Token><Token POSTag="PRP$" globalID="23" id="3" offset="143:146"><Text>her</Text></Token><Token POSTag="JJ" globalID="24" id="4" offset="147:152"><Text>first</Text></Token><Token POSTag="NN" globalID="25" id="5" offset="153:157"><Text>dose</Text></Token><Token POSTag="IN" globalID="26" id="6" offset="158:160"><Text>of</Text></Token><Token POSTag="NN" globalID="27" id="7" offset="161:171"><Text>paclitaxel</Text><METAMAP>[orch,phsu]</METAMAP></Token><Token POSTag="NN" globalID="28" id="8" offset="172:177"><Text>280mg</Text></Token><Token POSTag="IN" globalID="29" id="9" offset="178:180"><Text>on</Text></Token><Token POSTag="NNP" globalID="30" id="10" offset="181:187"><Text>August</Text></Token><Token POSTag="CD" globalID="31" id="11" offset="188:190"><Text>12</Text></Token><Token POSTag="," globalID="32" id="12" offset="190:191"><Text>,</Text></Token><Token POSTag="CD" globalID="33" id="13" offset="192:196"><Text>2015</Text></Token><Token POSTag="." globalID="34" id="14" offset="196:197"><Text>.</Text></Token></Tokens><ParseTree>(S1 (S (S (NP (NP (DT A) (NN nurse)) (VP (VBN reported) (PP (IN that) (NP (DT a) (ADJP (CD 60-) (NN year) (JJ old)) (NN female) (NN consumer))))) (VP (VBD experianced) (NP (DT a) (VBN delayed) (JJ allergic) (NN reaction)) (PP (IN while) (PP (IN on) (NP (NN paclitaxel) (NN therapy)))))) (. .)))</ParseTree></Sentence><Sentence id="2" offset="198:360"><Text>On August 12, 2015, hours later, the consumer presented at the emergency room with pain in her hands and feet, feeling of throat closing and a rash (generalized).</Text><Tokens Count="35"><Token POSTag="IN" globalID="35" id="0" offset="198:200"><Text>On</Text></Token><Token POSTag="NNP" globalID="36" id="1" offset="201:207"><Text>August</Text></Token><Token POSTag="CD" globalID="37" id="2" offset="208:210"><Text>12</Text></Token><Token POSTag="," globalID="38" id="3" offset="210:211"><Text>,</Text></Token><Token POSTag="CD" globalID="39" id="4" offset="212:216"><Text>2015</Text></Token><Token POSTag="," globalID="40" id="5" offset="216:217"><Text>,</Text></Token><Token POSTag="NNS" globalID="41" id="6" offset="218:223"><Text>hours</Text></Token><Token POSTag="RB" globalID="42" id="7" offset="224:229"><Text>later</Text></Token><Token POSTag="," globalID="43" id="8" offset="229:230"><Text>,</Text></Token><Token POSTag="DT" globalID="44" id="9" offset="231:234"><Text>the</Text></Token><Token POSTag="NN" globalID="45" id="10" offset="235:243"><Text>consumer</Text></Token><Token POSTag="VBD" globalID="46" id="11" offset="244:253"><Text>presented</Text></Token><Token POSTag="IN" globalID="47" id="12" offset="254:256"><Text>at</Text></Token><Token POSTag="DT" globalID="48" id="13" offset="257:260"><Text>the</Text></Token><Token POSTag="NN" globalID="49" id="14" offset="261:270"><Text>emergency</Text></Token><Token POSTag="NN" globalID="50" id="15" offset="271:275"><Text>room</Text></Token><Token POSTag="IN" globalID="51" id="16" offset="276:280"><Text>with</Text></Token><Token POSTag="NN" globalID="52" id="17" offset="281:285"><Text>pain</Text><METAMAP>[sosy]</METAMAP></Token><Token POSTag="IN" globalID="53" id="18" offset="283:285"><Text>in</Text><METAMAP>[sosy]</METAMAP></Token><Token POSTag="PRP$" globalID="54" id="19" offset="289:292"><Text>her</Text></Token><Token POSTag="NN" globalID="55" id="20" offset="293:298"><Text>hands</Text><METAMAP>[sosy]</METAMAP></Token><Token POSTag="CC" globalID="56" id="21" offset="294:297"><Text>and</Text><METAMAP>[sosy]</METAMAP></Token><Token POSTag="NN" globalID="57" id="22" offset="303:307"><Text>feet</Text></Token><Token POSTag="," globalID="58" id="23" offset="307:308"><Text>,</Text></Token><Token POSTag="NN" globalID="59" id="24" offset="309:316"><Text>feeling</Text></Token><Token POSTag="IN" globalID="60" id="25" offset="317:319"><Text>of</Text></Token><Token POSTag="NN" globalID="61" id="26" offset="320:326"><Text>throat</Text></Token><Token POSTag="NN" globalID="62" id="27" offset="327:334"><Text>closing</Text></Token><Token POSTag="CC" globalID="63" id="28" offset="335:338"><Text>and</Text></Token><Token POSTag="DT" globalID="64" id="29" offset="335:336"><Text>a</Text></Token><Token POSTag="NN" globalID="65" id="30" offset="341:345"><Text>rash</Text><METAMAP>[dsyn]</METAMAP></Token><Token POSTag="-LRB-" globalID="66" id="31" offset="346:347"><Text>(</Text></Token><Token POSTag="JJ" globalID="67" id="32" offset="347:358"><Text>generalized</Text></Token><Token POSTag="-RRB-" globalID="68" id="33" offset="358:359"><Text>)</Text></Token><Token POSTag="." globalID="69" id="34" offset="359:360"><Text>.</Text></Token></Tokens><ParseTree>(S1 (S (S (NP (NP (DT A) (NN nurse)) (VP (VBN reported) (PP (IN that) (NP (DT a) (ADJP (CD 60-) (NN year) (JJ old)) (NN female) (NN consumer))))) (VP (VBD experianced) (NP (DT a) (VBN delayed) (JJ allergic) (NN reaction)) (PP (IN while) (PP (IN on) (NP (NN paclitaxel) (NN therapy)))))) (. .)))</ParseTree></Sentence><Sentence id="3" offset="361:416"><Text>Epinephrine was administered and her symptoms resolved.</Text><Tokens Count="8"><Token POSTag="NN" globalID="70" id="0" offset="361:372"><Text>Epinephrine</Text></Token><Token POSTag="VBD" globalID="71" id="1" offset="373:376"><Text>was</Text></Token><Token POSTag="VBN" globalID="72" id="2" offset="377:389"><Text>administered</Text></Token><Token POSTag="CC" globalID="73" id="3" offset="390:393"><Text>and</Text></Token><Token POSTag="PRP$" globalID="74" id="4" offset="394:397"><Text>her</Text></Token><Token POSTag="NNS" globalID="75" id="5" offset="398:406"><Text>symptoms</Text><METAMAP>[sosy]</METAMAP></Token><Token POSTag="VBN" globalID="76" id="6" offset="407:415"><Text>resolved</Text></Token><Token POSTag="." globalID="77" id="7" offset="415:416"><Text>.</Text></Token></Tokens><ParseTree>(S1 (S (S (NP (NP (DT A) (NN nurse)) (VP (VBN reported) (PP (IN that) (NP (DT a) (ADJP (CD 60-) (NN year) (JJ old)) (NN female) (NN consumer))))) (VP (VBD experianced) (NP (DT a) (VBN delayed) (JJ allergic) (NN reaction)) (PP (IN while) (PP (IN on) (NP (NN paclitaxel) (NN therapy)))))) (. .)))</ParseTree></Sentence><Sentence id="4" offset="417:460"><Text>She was discharged to home on the same day.</Text><Tokens Count="10"><Token POSTag="PRP" globalID="78" id="0" offset="417:420"><Text>She</Text></Token><Token POSTag="VBD" globalID="79" id="1" offset="421:424"><Text>was</Text></Token><Token POSTag="VBN" globalID="80" id="2" offset="425:435"><Text>discharged</Text></Token><Token POSTag="TO" globalID="81" id="3" offset="436:438"><Text>to</Text></Token><Token POSTag="VB" globalID="82" id="4" offset="439:443"><Text>home</Text></Token><Token POSTag="IN" globalID="83" id="5" offset="444:446"><Text>on</Text></Token><Token POSTag="DT" globalID="84" id="6" offset="447:450"><Text>the</Text></Token><Token POSTag="JJ" globalID="85" id="7" offset="451:455"><Text>same</Text></Token><Token POSTag="NN" globalID="86" id="8" offset="456:459"><Text>day</Text></Token><Token POSTag="." globalID="87" id="9" offset="459:460"><Text>.</Text></Token></Tokens><ParseTree>(S1 (S (S (NP (NP (DT A) (NN nurse)) (VP (VBN reported) (PP (IN that) (NP (DT a) (ADJP (CD 60-) (NN year) (JJ old)) (NN female) (NN consumer))))) (VP (VBD experianced) (NP (DT a) (VBN delayed) (JJ allergic) (NN reaction)) (PP (IN while) (PP (IN on) (NP (NN paclitaxel) (NN therapy)))))) (. .)))</ParseTree></Sentence><Sentence id="5" offset="461:593"><Text>The patient's medical history was a significant for diabetes, left breast cancer, depression and allergiies of shell fish and sulfa.</Text><Tokens Count="24"><Token POSTag="DT" globalID="88" id="0" offset="461:464"><Text>The</Text></Token><Token POSTag="NN" globalID="89" id="1" offset="465:472"><Text>patient</Text></Token><Token POSTag="POS" globalID="90" id="2" offset="472:474"><Text>'s</Text></Token><Token POSTag="JJ" globalID="91" id="3" offset="475:482"><Text>medical</Text></Token><Token POSTag="NN" globalID="92" id="4" offset="483:490"><Text>history</Text></Token><Token POSTag="VBD" globalID="93" id="5" offset="491:494"><Text>was</Text></Token><Token POSTag="DT" globalID="94" id="6" offset="492:493"><Text>a</Text></Token><Token POSTag="JJ" globalID="95" id="7" offset="497:508"><Text>significant</Text></Token><Token POSTag="IN" globalID="96" id="8" offset="509:512"><Text>for</Text></Token><Token POSTag="NN" globalID="97" id="9" offset="513:521"><Text>diabetes</Text><METAMAP>[dsyn]</METAMAP><METAMAP>[dsyn]</METAMAP></Token><Token POSTag="," globalID="98" id="10" offset="521:522"><Text>,</Text></Token><Token POSTag="JJ" globalID="99" id="11" offset="523:527"><Text>left</Text></Token><Token POSTag="NN" globalID="100" id="12" offset="528:534"><Text>breast</Text></Token><Token POSTag="NN" globalID="101" id="13" offset="535:541"><Text>cancer</Text></Token><Token POSTag="," globalID="102" id="14" offset="541:542"><Text>,</Text></Token><Token POSTag="NN" globalID="103" id="15" offset="543:553"><Text>depression</Text></Token><Token POSTag="CC" globalID="104" id="16" offset="554:557"><Text>and</Text></Token><Token POSTag="NNS" globalID="105" id="17" offset="558:568"><Text>allergiies</Text></Token><Token POSTag="IN" globalID="106" id="18" offset="569:571"><Text>of</Text></Token><Token POSTag="NN" globalID="107" id="19" offset="572:577"><Text>shell</Text></Token><Token POSTag="NN" globalID="108" id="20" offset="578:582"><Text>fish</Text></Token><Token POSTag="CC" globalID="109" id="21" offset="583:586"><Text>and</Text></Token><Token POSTag="NN" globalID="110" id="22" offset="587:592"><Text>sulfa</Text><METAMAP>[phsu]</METAMAP></Token><Token POSTag="." globalID="111" id="23" offset="592:593"><Text>.</Text></Token></Tokens><ParseTree>(S1 (S (S (NP (NP (DT A) (NN nurse)) (VP (VBN reported) (PP (IN that) (NP (DT a) (ADJP (CD 60-) (NN year) (JJ old)) (NN female) (NN consumer))))) (VP (VBD experianced) (NP (DT a) (VBN delayed) (JJ allergic) (NN reaction)) (PP (IN while) (PP (IN on) (NP (NN paclitaxel) (NN therapy)))))) (. .)))</ParseTree></Sentence><Sentence id="6" offset="594:813"><Text>Supplemental information was received from the reporting nurse on [DATE]; The patient experienced a life threatening anaphylactic reaction after receivng one does of paclitaxel, on [DATE] for treatment of breast cancer.</Text><Tokens Count="38"><Token POSTag="JJ" globalID="112" id="0" offset="594:606"><Text>Supplemental</Text></Token><Token POSTag="NN" globalID="113" id="1" offset="607:618"><Text>information</Text></Token><Token POSTag="VBD" globalID="114" id="2" offset="619:622"><Text>was</Text></Token><Token POSTag="VBN" globalID="115" id="3" offset="623:631"><Text>received</Text></Token><Token POSTag="IN" globalID="116" id="4" offset="632:636"><Text>from</Text></Token><Token POSTag="DT" globalID="117" id="5" offset="637:640"><Text>the</Text></Token><Token POSTag="JJ" globalID="118" id="6" offset="641:650"><Text>reporting</Text></Token><Token POSTag="NN" globalID="119" id="7" offset="651:656"><Text>nurse</Text></Token><Token POSTag="IN" globalID="120" id="8" offset="657:659"><Text>on</Text></Token><Token POSTag="-LRB-" globalID="121" id="9" offset="660:661"><Text>[</Text></Token><Token POSTag="NN" globalID="122" id="10" offset="661:665"><Text>DATE</Text></Token><Token POSTag="-RRB-" globalID="123" id="11" offset="665:666"><Text>]</Text></Token><Token POSTag=":" globalID="124" id="12" offset="666:667"><Text>;</Text></Token><Token POSTag="DT" globalID="125" id="13" offset="668:671"><Text>The</Text></Token><Token POSTag="NN" globalID="126" id="14" offset="672:679"><Text>patient</Text></Token><Token POSTag="VBN" globalID="127" id="15" offset="680:691"><Text>experienced</Text></Token><Token POSTag="DT" globalID="128" id="16" offset="692:693"><Text>a</Text></Token><Token POSTag="NN" globalID="129" id="17" offset="694:698"><Text>life</Text></Token><Token POSTag="JJ" globalID="130" id="18" offset="699:710"><Text>threatening</Text></Token><Token POSTag="JJ" globalID="131" id="19" offset="711:723"><Text>anaphylactic</Text></Token><Token POSTag="NN" globalID="132" id="20" offset="724:732"><Text>reaction</Text></Token><Token POSTag="IN" globalID="133" id="21" offset="733:738"><Text>after</Text></Token><Token POSTag="VBG" globalID="134" id="22" offset="739:747"><Text>receivng</Text></Token><Token POSTag="NN" globalID="135" id="23" offset="748:751"><Text>one</Text></Token><Token POSTag="VBZ" globalID="136" id="24" offset="752:756"><Text>does</Text></Token><Token POSTag="IN" globalID="137" id="25" offset="757:759"><Text>of</Text></Token><Token POSTag="NN" globalID="138" id="26" offset="760:770"><Text>paclitaxel</Text><METAMAP>[orch,phsu]</METAMAP></Token><Token POSTag="," globalID="139" id="27" offset="770:771"><Text>,</Text></Token><Token POSTag="IN" globalID="140" id="28" offset="772:774"><Text>on</Text></Token><Token POSTag="-LRB-" globalID="141" id="29" offset="775:776"><Text>[</Text></Token><Token POSTag="NN" globalID="142" id="30" offset="776:780"><Text>DATE</Text></Token><Token POSTag="-RRB-" globalID="143" id="31" offset="780:781"><Text>]</Text></Token><Token POSTag="IN" globalID="144" id="32" offset="782:785"><Text>for</Text></Token><Token POSTag="NN" globalID="145" id="33" offset="786:795"><Text>treatment</Text></Token><Token POSTag="IN" globalID="146" id="34" offset="796:798"><Text>of</Text></Token><Token POSTag="NN" globalID="147" id="35" offset="799:805"><Text>breast</Text></Token><Token POSTag="NN" globalID="148" id="36" offset="806:812"><Text>cancer</Text></Token><Token POSTag="." globalID="149" id="37" offset="812:813"><Text>.</Text></Token></Tokens><ParseTree>(S1 (S (S (NP (NP (DT A) (NN nurse)) (VP (VBN reported) (PP (IN that) (NP (DT a) (ADJP (CD 60-) (NN year) (JJ old)) (NN female) (NN consumer))))) (VP (VBD experianced) (NP (DT a) (VBN delayed) (JJ allergic) (NN reaction)) (PP (IN while) (PP (IN on) (NP (NN paclitaxel) (NN therapy)))))) (. .)))</ParseTree></Sentence><Sentence id="7" offset="814:955"><Text>The Anaphylactic reaction was charachterized by symptoms of pain in her hands and feet, feeling of the throat closing and rash (generalized).</Text><Tokens Count="26"><Token POSTag="DT" globalID="150" id="0" offset="814:817"><Text>The</Text></Token><Token POSTag="JJ" globalID="151" id="1" offset="818:830"><Text>Anaphylactic</Text></Token><Token POSTag="NN" globalID="152" id="2" offset="831:839"><Text>reaction</Text></Token><Token POSTag="VBD" globalID="153" id="3" offset="840:843"><Text>was</Text></Token><Token POSTag="VBN" globalID="154" id="4" offset="844:858"><Text>charachterized</Text></Token><Token POSTag="IN" globalID="155" id="5" offset="859:861"><Text>by</Text></Token><Token POSTag="NNS" globalID="156" id="6" offset="862:870"><Text>symptoms</Text><METAMAP>[sosy]</METAMAP></Token><Token POSTag="IN" globalID="157" id="7" offset="871:873"><Text>of</Text><METAMAP>[sosy]</METAMAP></Token><Token POSTag="NN" globalID="158" id="8" offset="874:878"><Text>pain</Text><METAMAP>[sosy]</METAMAP></Token><Token POSTag="IN" globalID="159" id="9" offset="876:878"><Text>in</Text><METAMAP>[sosy]</METAMAP></Token><Token POSTag="PRP$" globalID="160" id="10" offset="882:885"><Text>her</Text></Token><Token POSTag="NN" globalID="161" id="11" offset="886:891"><Text>hands</Text></Token><Token POSTag="CC" globalID="162" id="12" offset="887:890"><Text>and</Text></Token><Token POSTag="NN" globalID="163" id="13" offset="896:900"><Text>feet</Text></Token><Token POSTag="," globalID="164" id="14" offset="900:901"><Text>,</Text></Token><Token POSTag="NN" globalID="165" id="15" offset="902:909"><Text>feeling</Text></Token><Token POSTag="IN" globalID="166" id="16" offset="910:912"><Text>of</Text></Token><Token POSTag="DT" globalID="167" id="17" offset="913:916"><Text>the</Text></Token><Token POSTag="NN" globalID="168" id="18" offset="917:923"><Text>throat</Text></Token><Token POSTag="NN" globalID="169" id="19" offset="924:931"><Text>closing</Text></Token><Token POSTag="CC" globalID="170" id="20" offset="932:935"><Text>and</Text></Token><Token POSTag="NN" globalID="171" id="21" offset="936:940"><Text>rash</Text><METAMAP>[dsyn]</METAMAP></Token><Token POSTag="-LRB-" globalID="172" id="22" offset="941:942"><Text>(</Text></Token><Token POSTag="JJ" globalID="173" id="23" offset="942:953"><Text>generalized</Text></Token><Token POSTag="-RRB-" globalID="174" id="24" offset="953:954"><Text>)</Text></Token><Token POSTag="." globalID="175" id="25" offset="954:955"><Text>.</Text></Token></Tokens><ParseTree>(S1 (S (S (NP (NP (DT A) (NN nurse)) (VP (VBN reported) (PP (IN that) (NP (DT a) (ADJP (CD 60-) (NN year) (JJ old)) (NN female) (NN consumer))))) (VP (VBD experianced) (NP (DT a) (VBN delayed) (JJ allergic) (NN reaction)) (PP (IN while) (PP (IN on) (NP (NN paclitaxel) (NN therapy)))))) (. .)))</ParseTree></Sentence></Sentences></Paragraph><Paragraph id="1"><Sentences Count="1"><Sentence id="0" offset="957:1031"><Text>//write up taken from image in http://www.ncbi.nlm.nih.gov/pubmed/25600332</Text><Tokens Count="9"><Token POSTag="NN" globalID="176" id="0" offset="957:964"><Text>//write</Text></Token><Token POSTag="NN" globalID="177" id="1" offset="965:967"><Text>up</Text></Token><Token POSTag="VBN" globalID="178" id="2" offset="968:973"><Text>taken</Text></Token><Token POSTag="IN" globalID="179" id="3" offset="974:978"><Text>from</Text></Token><Token POSTag="NN" globalID="180" id="4" offset="979:984"><Text>image</Text></Token><Token POSTag="IN" globalID="181" id="5" offset="985:987"><Text>in</Text></Token><Token POSTag="NN" globalID="182" id="6" offset="988:992"><Text>http</Text></Token><Token POSTag=":" globalID="183" id="7" offset="992:993"><Text>:</Text></Token><Token POSTag="CD" globalID="184" id="8" offset="993:1031"><Text>//www.ncbi.nlm.nih.gov/pubmed/25600332</Text></Token></Tokens><ParseTree>(S1 (S (S (NP (NP (DT A) (NN nurse)) (VP (VBN reported) (PP (IN that) (NP (DT a) (ADJP (CD 60-) (NN year) (JJ old)) (NN female) (NN consumer))))) (VP (VBD experianced) (NP (DT a) (VBN delayed) (JJ allergic) (NN reaction)) (PP (IN while) (PP (IN on) (NP (NN paclitaxel) (NN therapy)))))) (. .)))</ParseTree></Sentence></Sentences></Paragraph></Paragraphs></StartOutput>