<StartOutput><Paragraphs Count="1"><Paragraph id="0"><Sentences Count="8"><Sentence id="0" offset="0:184"><Text>FDA contacted a female patient of age 32 and weight 135lbs for follow-up after she contacted Drug Information to disclose information regarding an adverse event related to domperidone.</Text><Tokens Count="29"><Token POSTag="NN" globalID="0" id="0" offset="0:3"><Text>FDA</Text></Token><Token POSTag="VBD" globalID="1" id="1" offset="4:13"><Text>contacted</Text></Token><Token POSTag="DT" globalID="2" id="2" offset="8:9"><Text>a</Text></Token><Token POSTag="JJ" globalID="3" id="3" offset="16:22"><Text>female</Text></Token><Token POSTag="NN" globalID="4" id="4" offset="23:30"><Text>patient</Text></Token><Token POSTag="IN" globalID="5" id="5" offset="31:33"><Text>of</Text></Token><Token POSTag="NN" globalID="6" id="6" offset="34:37"><Text>age</Text></Token><Token POSTag="CD" globalID="7" id="7" offset="38:40"><Text>32</Text></Token><Token POSTag="CC" globalID="8" id="8" offset="41:44"><Text>and</Text></Token><Token POSTag="NN" globalID="9" id="9" offset="45:51"><Text>weight</Text></Token><Token POSTag="NNS" globalID="10" id="10" offset="52:58"><Text>135lbs</Text></Token><Token POSTag="IN" globalID="11" id="11" offset="59:62"><Text>for</Text></Token><Token POSTag="NN" globalID="12" id="12" offset="63:72"><Text>follow-up</Text></Token><Token POSTag="IN" globalID="13" id="13" offset="73:78"><Text>after</Text></Token><Token POSTag="PRP" globalID="14" id="14" offset="79:82"><Text>she</Text></Token><Token POSTag="VBD" globalID="15" id="15" offset="83:92"><Text>contacted</Text></Token><Token POSTag="NN" globalID="16" id="16" offset="93:97"><Text>Drug</Text></Token><Token POSTag="NN" globalID="17" id="17" offset="98:109"><Text>Information</Text></Token><Token POSTag="TO" globalID="18" id="18" offset="110:112"><Text>to</Text></Token><Token POSTag="VBP" globalID="19" id="19" offset="113:121"><Text>disclose</Text></Token><Token POSTag="NN" globalID="20" id="20" offset="122:133"><Text>information</Text></Token><Token POSTag="VBG" globalID="21" id="21" offset="134:143"><Text>regarding</Text></Token><Token POSTag="DT" globalID="22" id="22" offset="144:146"><Text>an</Text></Token><Token POSTag="JJ" globalID="23" id="23" offset="147:154"><Text>adverse</Text></Token><Token POSTag="NN" globalID="24" id="24" offset="155:160"><Text>event</Text></Token><Token POSTag="JJ" globalID="25" id="25" offset="161:168"><Text>related</Text></Token><Token POSTag="TO" globalID="26" id="26" offset="169:171"><Text>to</Text></Token><Token POSTag="NN" globalID="27" id="27" offset="172:183"><Text>domperidone</Text><METAMAP>[orch,phsu]</METAMAP></Token><Token POSTag="." globalID="28" id="28" offset="183:184"><Text>.</Text></Token></Tokens><ParseTree>(S1 (S (S (NP (NN FDA)) (VP (VBD contacted) (NP (NP (NP (DT a) (JJ female) (NN patient)) (PP (IN of) (NP (NN age) (CD 32)))) (CC and) (NP (NP (NN weight) (NNS 135lbs)) (PP (IN for) (NP (NN follow-up))))) (SBAR (IN after) (S (NP (PRP she)) (VP (VBD contacted) (NP (NN Drug) (NN Information)) (S (VP (TO to) (VP (VBP disclose) (NP (NP (NN information)) (VP (VBG regarding) (NP (NP (DT an) (JJ adverse) (NN event)) (ADJP (JJ related) (PP (TO to) (NP (NN domperidone))))))))))))))) (. .)))</ParseTree></Sentence><Sentence id="1" offset="185:264"><Text>Domperidone 30mg 3-4 times per day was prescribed in August 2014 for lactation.</Text><Tokens Count="14"><Token POSTag="NN" globalID="29" id="0" offset="185:196"><Text>Domperidone</Text><METAMAP>[orch,phsu]</METAMAP></Token><Token POSTag="IN" globalID="30" id="1" offset="197:201"><Text>30mg</Text></Token><Token POSTag="JJ" globalID="31" id="2" offset="202:205"><Text>3-4</Text></Token><Token POSTag="NNS" globalID="32" id="3" offset="206:211"><Text>times</Text></Token><Token POSTag="IN" globalID="33" id="4" offset="212:215"><Text>per</Text></Token><Token POSTag="NN" globalID="34" id="5" offset="216:219"><Text>day</Text></Token><Token POSTag="VBD" globalID="35" id="6" offset="220:223"><Text>was</Text></Token><Token POSTag="VBN" globalID="36" id="7" offset="224:234"><Text>prescribed</Text></Token><Token POSTag="IN" globalID="37" id="8" offset="235:237"><Text>in</Text></Token><Token POSTag="NNP" globalID="38" id="9" offset="238:244"><Text>August</Text></Token><Token POSTag="CD" globalID="39" id="10" offset="245:249"><Text>2014</Text></Token><Token POSTag="IN" globalID="40" id="11" offset="250:253"><Text>for</Text></Token><Token POSTag="NN" globalID="41" id="12" offset="254:263"><Text>lactation</Text></Token><Token POSTag="." globalID="42" id="13" offset="263:264"><Text>.</Text></Token></Tokens><ParseTree>(S1 (S (S (NP (NN FDA)) (VP (VBD contacted) (NP (NP (NP (DT a) (JJ female) (NN patient)) (PP (IN of) (NP (NN age) (CD 32)))) (CC and) (NP (NP (NN weight) (NNS 135lbs)) (PP (IN for) (NP (NN follow-up))))) (SBAR (IN after) (S (NP (PRP she)) (VP (VBD contacted) (NP (NN Drug) (NN Information)) (S (VP (TO to) (VP (VBP disclose) (NP (NP (NN information)) (VP (VBG regarding) (NP (NP (DT an) (JJ adverse) (NN event)) (ADJP (JJ related) (PP (TO to) (NP (NN domperidone))))))))))))))) (. .)))</ParseTree></Sentence><Sentence id="2" offset="265:392"><Text>About 3 weeks-1 month later (mid-January 2015), patient developed palpations ("butterflies in my chest") and felt "very tired."</Text><Tokens Count="28"><Token POSTag="IN" globalID="43" id="0" offset="265:270"><Text>About</Text></Token><Token POSTag="CD" globalID="44" id="1" offset="271:272"><Text>3</Text></Token><Token POSTag="NN" globalID="45" id="2" offset="273:280"><Text>weeks-1</Text></Token><Token POSTag="NN" globalID="46" id="3" offset="281:286"><Text>month</Text></Token><Token POSTag="JJ" globalID="47" id="4" offset="287:292"><Text>later</Text></Token><Token POSTag="-LRB-" globalID="48" id="5" offset="293:294"><Text>(</Text></Token><Token POSTag="NN" globalID="49" id="6" offset="294:305"><Text>mid-January</Text></Token><Token POSTag="CD" globalID="50" id="7" offset="306:310"><Text>2015</Text></Token><Token POSTag="-RRB-" globalID="51" id="8" offset="310:311"><Text>)</Text></Token><Token POSTag="," globalID="52" id="9" offset="311:312"><Text>,</Text></Token><Token POSTag="NN" globalID="53" id="10" offset="313:320"><Text>patient</Text></Token><Token POSTag="VBD" globalID="54" id="11" offset="321:330"><Text>developed</Text></Token><Token POSTag="NNS" globalID="55" id="12" offset="331:341"><Text>palpations</Text></Token><Token POSTag="-LRB-" globalID="56" id="13" offset="342:343"><Text>(</Text></Token><Token POSTag="``" globalID="57" id="14" offset="-1:1"><Text>``</Text></Token><Token POSTag="NNS" globalID="58" id="15" offset="-1:10"><Text>butterflies</Text></Token><Token POSTag="IN" globalID="59" id="16" offset="-1:1"><Text>in</Text></Token><Token POSTag="NN" globalID="60" id="17" offset="-1:1"><Text>my</Text></Token><Token POSTag="NN" globalID="61" id="18" offset="-1:4"><Text>chest</Text></Token><Token POSTag="NNS" globalID="62" id="19" offset="-1:1"><Text>''</Text></Token><Token POSTag="-RRB-" globalID="63" id="20" offset="-1:0"><Text>)</Text></Token><Token POSTag="CC" globalID="64" id="21" offset="-1:2"><Text>and</Text></Token><Token POSTag="VBD" globalID="65" id="22" offset="-1:3"><Text>felt</Text></Token><Token POSTag="``" globalID="66" id="23" offset="-1:1"><Text>``</Text></Token><Token POSTag="RB" globalID="67" id="24" offset="-1:3"><Text>very</Text></Token><Token POSTag="JJ" globalID="68" id="25" offset="-1:4"><Text>tired</Text></Token><Token POSTag="." globalID="69" id="26" offset="-1:0"><Text>.</Text></Token><Token POSTag="NN" globalID="70" id="27" offset="-1:1"><Text>''</Text></Token></Tokens><ParseTree>(S1 (S (S (NP (NN FDA)) (VP (VBD contacted) (NP (NP (NP (DT a) (JJ female) (NN patient)) (PP (IN of) (NP (NN age) (CD 32)))) (CC and) (NP (NP (NN weight) (NNS 135lbs)) (PP (IN for) (NP (NN follow-up))))) (SBAR (IN after) (S (NP (PRP she)) (VP (VBD contacted) (NP (NN Drug) (NN Information)) (S (VP (TO to) (VP (VBP disclose) (NP (NP (NN information)) (VP (VBG regarding) (NP (NP (DT an) (JJ adverse) (NN event)) (ADJP (JJ related) (PP (TO to) (NP (NN domperidone))))))))))))))) (. .)))</ParseTree></Sentence><Sentence id="3" offset="393:542"><Text>She didn't think much of symptoms and attributed them to being tired and having a new baby, so she continued domperidone and tried to get more sleep.</Text><Tokens Count="30"><Token POSTag="PRP" globalID="71" id="0" offset="-1:2"><Text>She</Text></Token><Token POSTag="VBD" globalID="72" id="1" offset="-1:2"><Text>did</Text></Token><Token POSTag="RB" globalID="73" id="2" offset="-1:2"><Text>n't</Text></Token><Token POSTag="VBP" globalID="74" id="3" offset="-1:4"><Text>think</Text></Token><Token POSTag="RB" globalID="75" id="4" offset="-1:3"><Text>much</Text></Token><Token POSTag="IN" globalID="76" id="5" offset="-1:1"><Text>of</Text></Token><Token POSTag="NNS" globalID="77" id="6" offset="-1:7"><Text>symptoms</Text></Token><Token POSTag="CC" globalID="78" id="7" offset="-1:2"><Text>and</Text></Token><Token POSTag="VBN" globalID="79" id="8" offset="-1:9"><Text>attributed</Text></Token><Token POSTag="PRP" globalID="80" id="9" offset="-1:3"><Text>them</Text></Token><Token POSTag="TO" globalID="81" id="10" offset="-1:1"><Text>to</Text></Token><Token POSTag="VBG" globalID="82" id="11" offset="-1:4"><Text>being</Text></Token><Token POSTag="JJ" globalID="83" id="12" offset="-1:4"><Text>tired</Text></Token><Token POSTag="CC" globalID="84" id="13" offset="-1:2"><Text>and</Text></Token><Token POSTag="VBG" globalID="85" id="14" offset="-1:5"><Text>having</Text></Token><Token POSTag="DT" globalID="86" id="15" offset="-1:0"><Text>a</Text></Token><Token POSTag="JJ" globalID="87" id="16" offset="-1:2"><Text>new</Text></Token><Token POSTag="NN" globalID="88" id="17" offset="-1:3"><Text>baby</Text></Token><Token POSTag="," globalID="89" id="18" offset="-1:0"><Text>,</Text></Token><Token POSTag="IN" globalID="90" id="19" offset="-1:1"><Text>so</Text></Token><Token POSTag="PRP" globalID="91" id="20" offset="-1:2"><Text>she</Text></Token><Token POSTag="VBD" globalID="92" id="21" offset="-1:8"><Text>continued</Text></Token><Token POSTag="NN" globalID="93" id="22" offset="-1:10"><Text>domperidone</Text></Token><Token POSTag="CC" globalID="94" id="23" offset="-1:2"><Text>and</Text></Token><Token POSTag="VBD" globalID="95" id="24" offset="-1:4"><Text>tried</Text></Token><Token POSTag="TO" globalID="96" id="25" offset="-1:1"><Text>to</Text></Token><Token POSTag="VB" globalID="97" id="26" offset="-1:2"><Text>get</Text></Token><Token POSTag="RBR" globalID="98" id="27" offset="-1:3"><Text>more</Text></Token><Token POSTag="RB" globalID="99" id="28" offset="-1:4"><Text>sleep</Text></Token><Token POSTag="." globalID="100" id="29" offset="-1:0"><Text>.</Text></Token></Tokens><ParseTree>(S1 (S (S (NP (NN FDA)) (VP (VBD contacted) (NP (NP (NP (DT a) (JJ female) (NN patient)) (PP (IN of) (NP (NN age) (CD 32)))) (CC and) (NP (NP (NN weight) (NNS 135lbs)) (PP (IN for) (NP (NN follow-up))))) (SBAR (IN after) (S (NP (PRP she)) (VP (VBD contacted) (NP (NN Drug) (NN Information)) (S (VP (TO to) (VP (VBP disclose) (NP (NP (NN information)) (VP (VBG regarding) (NP (NP (DT an) (JJ adverse) (NN event)) (ADJP (JJ related) (PP (TO to) (NP (NN domperidone))))))))))))))) (. .)))</ParseTree></Sentence><Sentence id="4" offset="543:674"><Text>Symptoms of malaise, palpitation, "chest pain", syncope-like feelings continued, so patient decided to research domperidone online.</Text><Tokens Count="23"><Token POSTag="NNS" globalID="101" id="0" offset="-1:7"><Text>Symptoms</Text></Token><Token POSTag="IN" globalID="102" id="1" offset="-1:1"><Text>of</Text></Token><Token POSTag="NN" globalID="103" id="2" offset="-1:6"><Text>malaise</Text></Token><Token POSTag="," globalID="104" id="3" offset="-1:0"><Text>,</Text></Token><Token POSTag="NN" globalID="105" id="4" offset="-1:10"><Text>palpitation</Text></Token><Token POSTag="," globalID="106" id="5" offset="-1:0"><Text>,</Text></Token><Token POSTag="``" globalID="107" id="6" offset="-1:1"><Text>``</Text></Token><Token POSTag="NN" globalID="108" id="7" offset="-1:4"><Text>chest</Text></Token><Token POSTag="NN" globalID="109" id="8" offset="-1:3"><Text>pain</Text></Token><Token POSTag="NNS" globalID="110" id="9" offset="-1:1"><Text>''</Text></Token><Token POSTag="," globalID="111" id="10" offset="-1:0"><Text>,</Text></Token><Token POSTag="JJ" globalID="112" id="11" offset="-1:11"><Text>syncope-like</Text></Token><Token POSTag="NNS" globalID="113" id="12" offset="-1:7"><Text>feelings</Text></Token><Token POSTag="VBD" globalID="114" id="13" offset="-1:8"><Text>continued</Text></Token><Token POSTag="," globalID="115" id="14" offset="-1:0"><Text>,</Text></Token><Token POSTag="IN" globalID="116" id="15" offset="-1:1"><Text>so</Text></Token><Token POSTag="NN" globalID="117" id="16" offset="-1:6"><Text>patient</Text></Token><Token POSTag="VBD" globalID="118" id="17" offset="-1:6"><Text>decided</Text></Token><Token POSTag="TO" globalID="119" id="18" offset="-1:1"><Text>to</Text></Token><Token POSTag="NN" globalID="120" id="19" offset="-1:7"><Text>research</Text></Token><Token POSTag="NN" globalID="121" id="20" offset="-1:10"><Text>domperidone</Text></Token><Token POSTag="NN" globalID="122" id="21" offset="-1:5"><Text>online</Text></Token><Token POSTag="." globalID="123" id="22" offset="-1:0"><Text>.</Text></Token></Tokens><ParseTree>(S1 (S (S (NP (NN FDA)) (VP (VBD contacted) (NP (NP (NP (DT a) (JJ female) (NN patient)) (PP (IN of) (NP (NN age) (CD 32)))) (CC and) (NP (NP (NN weight) (NNS 135lbs)) (PP (IN for) (NP (NN follow-up))))) (SBAR (IN after) (S (NP (PRP she)) (VP (VBD contacted) (NP (NN Drug) (NN Information)) (S (VP (TO to) (VP (VBP disclose) (NP (NP (NN information)) (VP (VBG regarding) (NP (NP (DT an) (JJ adverse) (NN event)) (ADJP (JJ related) (PP (TO to) (NP (NN domperidone))))))))))))))) (. .)))</ParseTree></Sentence><Sentence id="5" offset="675:956"><Text>After finding out that QT prolongation and sudden death are possibly associated with domperidone (and that the symptoms she was having could be the result of QT prolongation), and that it is not approved in the US, she stopped taking the medication and contacted her OB/GYN office.</Text><Tokens Count="52"><Token POSTag="IN" globalID="124" id="0" offset="-1:4"><Text>After</Text></Token><Token POSTag="VBG" globalID="125" id="1" offset="-1:6"><Text>finding</Text></Token><Token POSTag="RP" globalID="126" id="2" offset="-1:2"><Text>out</Text></Token><Token POSTag="IN" globalID="127" id="3" offset="-1:3"><Text>that</Text></Token><Token POSTag="NN" globalID="128" id="4" offset="-1:1"><Text>QT</Text></Token><Token POSTag="NN" globalID="129" id="5" offset="-1:11"><Text>prolongation</Text></Token><Token POSTag="CC" globalID="130" id="6" offset="-1:2"><Text>and</Text></Token><Token POSTag="NN" globalID="131" id="7" offset="-1:5"><Text>sudden</Text></Token><Token POSTag="NN" globalID="132" id="8" offset="-1:4"><Text>death</Text></Token><Token POSTag="VBP" globalID="133" id="9" offset="-1:2"><Text>are</Text></Token><Token POSTag="RB" globalID="134" id="10" offset="-1:7"><Text>possibly</Text></Token><Token POSTag="VBN" globalID="135" id="11" offset="-1:9"><Text>associated</Text></Token><Token POSTag="IN" globalID="136" id="12" offset="-1:3"><Text>with</Text></Token><Token POSTag="NN" globalID="137" id="13" offset="-1:10"><Text>domperidone</Text></Token><Token POSTag="-LRB-" globalID="138" id="14" offset="-1:0"><Text>(</Text></Token><Token POSTag="CC" globalID="139" id="15" offset="-1:2"><Text>and</Text></Token><Token POSTag="IN" globalID="140" id="16" offset="-1:3"><Text>that</Text></Token><Token POSTag="DT" globalID="141" id="17" offset="-1:2"><Text>the</Text></Token><Token POSTag="NNS" globalID="142" id="18" offset="-1:7"><Text>symptoms</Text></Token><Token POSTag="PRP" globalID="143" id="19" offset="-1:2"><Text>she</Text></Token><Token POSTag="VBD" globalID="144" id="20" offset="-1:2"><Text>was</Text></Token><Token POSTag="VBG" globalID="145" id="21" offset="-1:5"><Text>having</Text></Token><Token POSTag="MD" globalID="146" id="22" offset="-1:4"><Text>could</Text></Token><Token POSTag="VB" globalID="147" id="23" offset="-1:1"><Text>be</Text></Token><Token POSTag="DT" globalID="148" id="24" offset="-1:2"><Text>the</Text></Token><Token POSTag="NN" globalID="149" id="25" offset="-1:5"><Text>result</Text></Token><Token POSTag="IN" globalID="150" id="26" offset="-1:1"><Text>of</Text></Token><Token POSTag="NN" globalID="151" id="27" offset="-1:1"><Text>QT</Text></Token><Token POSTag="NN" globalID="152" id="28" offset="-1:11"><Text>prolongation</Text></Token><Token POSTag="-RRB-" globalID="153" id="29" offset="-1:0"><Text>)</Text></Token><Token POSTag="," globalID="154" id="30" offset="-1:0"><Text>,</Text></Token><Token POSTag="CC" globalID="155" id="31" offset="-1:2"><Text>and</Text></Token><Token POSTag="IN" globalID="156" id="32" offset="-1:3"><Text>that</Text></Token><Token POSTag="PRP" globalID="157" id="33" offset="-1:1"><Text>it</Text></Token><Token POSTag="VBZ" globalID="158" id="34" offset="-1:1"><Text>is</Text></Token><Token POSTag="RB" globalID="159" id="35" offset="-1:2"><Text>not</Text></Token><Token POSTag="JJ" globalID="160" id="36" offset="-1:7"><Text>approved</Text></Token><Token POSTag="IN" globalID="161" id="37" offset="-1:1"><Text>in</Text></Token><Token POSTag="DT" globalID="162" id="38" offset="-1:2"><Text>the</Text></Token><Token POSTag="PRP" globalID="163" id="39" offset="-1:1"><Text>US</Text></Token><Token POSTag="," globalID="164" id="40" offset="-1:0"><Text>,</Text></Token><Token POSTag="PRP" globalID="165" id="41" offset="-1:2"><Text>she</Text></Token><Token POSTag="VBD" globalID="166" id="42" offset="-1:6"><Text>stopped</Text></Token><Token POSTag="VBG" globalID="167" id="43" offset="-1:5"><Text>taking</Text></Token><Token POSTag="DT" globalID="168" id="44" offset="-1:2"><Text>the</Text></Token><Token POSTag="NN" globalID="169" id="45" offset="-1:9"><Text>medication</Text></Token><Token POSTag="CC" globalID="170" id="46" offset="-1:2"><Text>and</Text></Token><Token POSTag="VBD" globalID="171" id="47" offset="-1:8"><Text>contacted</Text></Token><Token POSTag="PRP$" globalID="172" id="48" offset="-1:2"><Text>her</Text></Token><Token POSTag="NN" globalID="173" id="49" offset="-1:5"><Text>OB/GYN</Text></Token><Token POSTag="NN" globalID="174" id="50" offset="-1:5"><Text>office</Text></Token><Token POSTag="." globalID="175" id="51" offset="-1:0"><Text>.</Text></Token></Tokens><ParseTree>(S1 (S (S (NP (NN FDA)) (VP (VBD contacted) (NP (NP (NP (DT a) (JJ female) (NN patient)) (PP (IN of) (NP (NN age) (CD 32)))) (CC and) (NP (NP (NN weight) (NNS 135lbs)) (PP (IN for) (NP (NN follow-up))))) (SBAR (IN after) (S (NP (PRP she)) (VP (VBD contacted) (NP (NN Drug) (NN Information)) (S (VP (TO to) (VP (VBP disclose) (NP (NP (NN information)) (VP (VBG regarding) (NP (NP (DT an) (JJ adverse) (NN event)) (ADJP (JJ related) (PP (TO to) (NP (NN domperidone))))))))))))))) (. .)))</ParseTree></Sentence><Sentence id="6" offset="957:1104"><Text>The office told her that she was incorrect and that domperidone is allowed to be prescribed in the US and that lactation was just an off-label use.</Text><Tokens Count="28"><Token POSTag="DT" globalID="176" id="0" offset="-1:2"><Text>The</Text></Token><Token POSTag="NN" globalID="177" id="1" offset="-1:5"><Text>office</Text></Token><Token POSTag="VBN" globalID="178" id="2" offset="-1:3"><Text>told</Text></Token><Token POSTag="PRP$" globalID="179" id="3" offset="-1:2"><Text>her</Text></Token><Token POSTag="IN" globalID="180" id="4" offset="-1:3"><Text>that</Text></Token><Token POSTag="PRP" globalID="181" id="5" offset="-1:2"><Text>she</Text></Token><Token POSTag="VBD" globalID="182" id="6" offset="-1:2"><Text>was</Text></Token><Token POSTag="NN" globalID="183" id="7" offset="-1:8"><Text>incorrect</Text></Token><Token POSTag="CC" globalID="184" id="8" offset="-1:2"><Text>and</Text></Token><Token POSTag="IN" globalID="185" id="9" offset="-1:3"><Text>that</Text></Token><Token POSTag="NN" globalID="186" id="10" offset="-1:10"><Text>domperidone</Text></Token><Token POSTag="VBZ" globalID="187" id="11" offset="-1:1"><Text>is</Text></Token><Token POSTag="VBN" globalID="188" id="12" offset="-1:6"><Text>allowed</Text></Token><Token POSTag="TO" globalID="189" id="13" offset="-1:1"><Text>to</Text></Token><Token POSTag="VB" globalID="190" id="14" offset="-1:1"><Text>be</Text></Token><Token POSTag="VBN" globalID="191" id="15" offset="-1:9"><Text>prescribed</Text></Token><Token POSTag="IN" globalID="192" id="16" offset="-1:1"><Text>in</Text></Token><Token POSTag="DT" globalID="193" id="17" offset="-1:2"><Text>the</Text></Token><Token POSTag="PRP" globalID="194" id="18" offset="-1:1"><Text>US</Text></Token><Token POSTag="CC" globalID="195" id="19" offset="-1:2"><Text>and</Text></Token><Token POSTag="IN" globalID="196" id="20" offset="-1:3"><Text>that</Text></Token><Token POSTag="NN" globalID="197" id="21" offset="-1:8"><Text>lactation</Text></Token><Token POSTag="VBD" globalID="198" id="22" offset="-1:2"><Text>was</Text></Token><Token POSTag="RB" globalID="199" id="23" offset="-1:3"><Text>just</Text></Token><Token POSTag="DT" globalID="200" id="24" offset="-1:1"><Text>an</Text></Token><Token POSTag="JJ" globalID="201" id="25" offset="-1:8"><Text>off-label</Text></Token><Token POSTag="NN" globalID="202" id="26" offset="-1:2"><Text>use</Text></Token><Token POSTag="." globalID="203" id="27" offset="-1:0"><Text>.</Text></Token></Tokens><ParseTree>(S1 (S (S (NP (NN FDA)) (VP (VBD contacted) (NP (NP (NP (DT a) (JJ female) (NN patient)) (PP (IN of) (NP (NN age) (CD 32)))) (CC and) (NP (NP (NN weight) (NNS 135lbs)) (PP (IN for) (NP (NN follow-up))))) (SBAR (IN after) (S (NP (PRP she)) (VP (VBD contacted) (NP (NN Drug) (NN Information)) (S (VP (TO to) (VP (VBP disclose) (NP (NP (NN information)) (VP (VBG regarding) (NP (NP (DT an) (JJ adverse) (NN event)) (ADJP (JJ related) (PP (TO to) (NP (NN domperidone))))))))))))))) (. .)))</ParseTree></Sentence><Sentence id="7" offset="1105:1154"><Text>Symptoms resolved after domperidone was stopped. </Text><Tokens Count="7"><Token POSTag="NNS" globalID="204" id="0" offset="-1:7"><Text>Symptoms</Text></Token><Token POSTag="VBN" globalID="205" id="1" offset="-1:7"><Text>resolved</Text></Token><Token POSTag="IN" globalID="206" id="2" offset="-1:4"><Text>after</Text></Token><Token POSTag="NN" globalID="207" id="3" offset="-1:10"><Text>domperidone</Text></Token><Token POSTag="VBD" globalID="208" id="4" offset="-1:2"><Text>was</Text></Token><Token POSTag="VBN" globalID="209" id="5" offset="-1:6"><Text>stopped</Text></Token><Token POSTag="." globalID="210" id="6" offset="-1:0"><Text>.</Text></Token></Tokens><ParseTree>(S1 (S (S (NP (NN FDA)) (VP (VBD contacted) (NP (NP (NP (DT a) (JJ female) (NN patient)) (PP (IN of) (NP (NN age) (CD 32)))) (CC and) (NP (NP (NN weight) (NNS 135lbs)) (PP (IN for) (NP (NN follow-up))))) (SBAR (IN after) (S (NP (PRP she)) (VP (VBD contacted) (NP (NN Drug) (NN Information)) (S (VP (TO to) (VP (VBP disclose) (NP (NP (NN information)) (VP (VBG regarding) (NP (NP (DT an) (JJ adverse) (NN event)) (ADJP (JJ related) (PP (TO to) (NP (NN domperidone))))))))))))))) (. .)))</ParseTree></Sentence></Sentences></Paragraph></Paragraphs></StartOutput>