<StartOutput><Paragraphs Count="1"><Paragraph id="0"><Sentences Count="12"><Sentence id="0" offset="0:105"><Text>Mr. Womack is a 45 yo man with a history of recurrent pulmonary emboli (PE) who presents with chest pain.</Text><Tokens Count="23"><Token globalID="0" id="0" offset="0:3"><Text>Mr.</Text></Token><Token globalID="1" id="1" offset="4:10"><Text>Womack</Text></Token><Token globalID="2" id="2" offset="11:13"><Text>is</Text></Token><Token globalID="3" id="3" offset="14:15"><Text>a</Text></Token><Token globalID="4" id="4" offset="16:18"><Text>45</Text></Token><Token globalID="5" id="5" offset="19:21"><Text>yo</Text></Token><Token globalID="6" id="6" offset="22:25"><Text>man</Text></Token><Token globalID="7" id="7" offset="26:30"><Text>with</Text></Token><Token globalID="8" id="8" offset="31:32"><Text>a</Text></Token><Token globalID="9" id="9" offset="33:40"><Text>history</Text></Token><Token globalID="10" id="10" offset="41:43"><Text>of</Text></Token><Token globalID="11" id="11" offset="44:53"><Text>recurrent</Text></Token><Token globalID="12" id="12" offset="54:63"><Text>pulmonary</Text></Token><Token globalID="13" id="13" offset="64:70"><Text>emboli</Text></Token><Token globalID="14" id="14" offset="71:72"><Text>(</Text></Token><Token globalID="15" id="15" offset="72:74"><Text>PE</Text></Token><Token globalID="16" id="16" offset="74:75"><Text>)</Text></Token><Token globalID="17" id="17" offset="76:79"><Text>who</Text></Token><Token globalID="18" id="18" offset="80:88"><Text>presents</Text></Token><Token globalID="19" id="19" offset="89:93"><Text>with</Text></Token><Token globalID="20" id="20" offset="94:99"><Text>chest</Text></Token><Token globalID="21" id="21" offset="100:104"><Text>pain</Text></Token><Token globalID="22" id="22" offset="104:105"><Text>.</Text></Token></Tokens></Sentence><Sentence id="1" offset="106:204"><Text>Two years prior to admission, he suffered a compound femur fracture from a motor vehicle accident.</Text><Tokens Count="18"><Token globalID="23" id="0" offset="106:109"><Text>Two</Text></Token><Token globalID="24" id="1" offset="110:115"><Text>years</Text></Token><Token globalID="25" id="2" offset="116:121"><Text>prior</Text></Token><Token globalID="26" id="3" offset="122:124"><Text>to</Text></Token><Token globalID="27" id="4" offset="125:134"><Text>admission</Text></Token><Token globalID="28" id="5" offset="134:135"><Text>,</Text></Token><Token globalID="29" id="6" offset="136:138"><Text>he</Text></Token><Token globalID="30" id="7" offset="139:147"><Text>suffered</Text></Token><Token globalID="31" id="8" offset="148:149"><Text>a</Text></Token><Token globalID="32" id="9" offset="150:158"><Text>compound</Text></Token><Token globalID="33" id="10" offset="159:164"><Text>femur</Text></Token><Token globalID="34" id="11" offset="165:173"><Text>fracture</Text></Token><Token globalID="35" id="12" offset="174:178"><Text>from</Text></Token><Token globalID="36" id="13" offset="179:180"><Text>a</Text></Token><Token globalID="37" id="14" offset="181:186"><Text>motor</Text></Token><Token globalID="38" id="15" offset="187:194"><Text>vehicle</Text></Token><Token globalID="39" id="16" offset="195:203"><Text>accident</Text></Token><Token globalID="40" id="17" offset="203:204"><Text>.</Text></Token></Tokens></Sentence><Sentence id="2" offset="205:239"><Text>He course was complicated by a PE.</Text><Tokens Count="8"><Token globalID="41" id="0" offset="205:207"><Text>He</Text></Token><Token globalID="42" id="1" offset="208:214"><Text>course</Text></Token><Token globalID="43" id="2" offset="215:218"><Text>was</Text></Token><Token globalID="44" id="3" offset="219:230"><Text>complicated</Text></Token><Token globalID="45" id="4" offset="231:233"><Text>by</Text></Token><Token globalID="46" id="5" offset="234:235"><Text>a</Text></Token><Token globalID="47" id="6" offset="236:238"><Text>PE</Text></Token><Token globalID="48" id="7" offset="238:239"><Text>.</Text></Token></Tokens></Sentence><Sentence id="3" offset="240:379"><Text>He since has been treated with coumadin and has demonstrated noncompliance with the medication leading to two subsequent admissions for PE.</Text><Tokens Count="22"><Token globalID="49" id="0" offset="240:242"><Text>He</Text></Token><Token globalID="50" id="1" offset="243:248"><Text>since</Text></Token><Token globalID="51" id="2" offset="249:252"><Text>has</Text></Token><Token globalID="52" id="3" offset="253:257"><Text>been</Text></Token><Token globalID="53" id="4" offset="258:265"><Text>treated</Text></Token><Token globalID="54" id="5" offset="266:270"><Text>with</Text></Token><Token globalID="55" id="6" offset="271:279"><Text>coumadin</Text></Token><Token globalID="56" id="7" offset="280:283"><Text>and</Text></Token><Token globalID="57" id="8" offset="284:287"><Text>has</Text></Token><Token globalID="58" id="9" offset="288:300"><Text>demonstrated</Text></Token><Token globalID="59" id="10" offset="301:314"><Text>noncompliance</Text></Token><Token globalID="60" id="11" offset="315:319"><Text>with</Text></Token><Token globalID="61" id="12" offset="320:323"><Text>the</Text></Token><Token globalID="62" id="13" offset="324:334"><Text>medication</Text></Token><Token globalID="63" id="14" offset="335:342"><Text>leading</Text></Token><Token globalID="64" id="15" offset="343:345"><Text>to</Text></Token><Token globalID="65" id="16" offset="346:349"><Text>two</Text></Token><Token globalID="66" id="17" offset="350:360"><Text>subsequent</Text></Token><Token globalID="67" id="18" offset="361:371"><Text>admissions</Text></Token><Token globalID="68" id="19" offset="372:375"><Text>for</Text></Token><Token globalID="69" id="20" offset="376:378"><Text>PE</Text></Token><Token globalID="70" id="21" offset="378:379"><Text>.</Text></Token></Tokens></Sentence><Sentence id="4" offset="380:583"><Text>He was in his usual state of health until today when, while sitting in a chair, he developed the abrupt onset of a diffuse left anterior chest pain without radiation, associated with shortness of breath.</Text><Tokens Count="39"><Token globalID="71" id="0" offset="380:382"><Text>He</Text></Token><Token globalID="72" id="1" offset="383:386"><Text>was</Text></Token><Token globalID="73" id="2" offset="387:389"><Text>in</Text></Token><Token globalID="74" id="3" offset="390:393"><Text>his</Text></Token><Token globalID="75" id="4" offset="394:399"><Text>usual</Text></Token><Token globalID="76" id="5" offset="400:405"><Text>state</Text></Token><Token globalID="77" id="6" offset="406:408"><Text>of</Text></Token><Token globalID="78" id="7" offset="409:415"><Text>health</Text></Token><Token globalID="79" id="8" offset="416:421"><Text>until</Text></Token><Token globalID="80" id="9" offset="422:427"><Text>today</Text></Token><Token globalID="81" id="10" offset="428:432"><Text>when</Text></Token><Token globalID="82" id="11" offset="432:433"><Text>,</Text></Token><Token globalID="83" id="12" offset="434:439"><Text>while</Text></Token><Token globalID="84" id="13" offset="440:447"><Text>sitting</Text></Token><Token globalID="85" id="14" offset="444:446"><Text>in</Text></Token><Token globalID="86" id="15" offset="451:452"><Text>a</Text></Token><Token globalID="87" id="16" offset="453:458"><Text>chair</Text></Token><Token globalID="88" id="17" offset="458:459"><Text>,</Text></Token><Token globalID="89" id="18" offset="460:462"><Text>he</Text></Token><Token globalID="90" id="19" offset="463:472"><Text>developed</Text></Token><Token globalID="91" id="20" offset="473:476"><Text>the</Text></Token><Token globalID="92" id="21" offset="477:483"><Text>abrupt</Text></Token><Token globalID="93" id="22" offset="484:489"><Text>onset</Text></Token><Token globalID="94" id="23" offset="490:492"><Text>of</Text></Token><Token globalID="95" id="24" offset="493:494"><Text>a</Text></Token><Token globalID="96" id="25" offset="495:502"><Text>diffuse</Text></Token><Token globalID="97" id="26" offset="503:507"><Text>left</Text></Token><Token globalID="98" id="27" offset="508:516"><Text>anterior</Text></Token><Token globalID="99" id="28" offset="517:522"><Text>chest</Text></Token><Token globalID="100" id="29" offset="523:527"><Text>pain</Text></Token><Token globalID="101" id="30" offset="528:535"><Text>without</Text></Token><Token globalID="102" id="31" offset="536:545"><Text>radiation</Text></Token><Token globalID="103" id="32" offset="545:546"><Text>,</Text></Token><Token globalID="104" id="33" offset="547:557"><Text>associated</Text></Token><Token globalID="105" id="34" offset="558:562"><Text>with</Text></Token><Token globalID="106" id="35" offset="563:572"><Text>shortness</Text></Token><Token globalID="107" id="36" offset="573:575"><Text>of</Text></Token><Token globalID="108" id="37" offset="576:582"><Text>breath</Text></Token><Token globalID="109" id="38" offset="582:583"><Text>.</Text></Token></Tokens></Sentence><Sentence id="5" offset="584:635"><Text>The pain was 5/10, described as sharp and constant.</Text><Tokens Count="11"><Token globalID="110" id="0" offset="584:587"><Text>The</Text></Token><Token globalID="111" id="1" offset="588:592"><Text>pain</Text></Token><Token globalID="112" id="2" offset="593:596"><Text>was</Text></Token><Token globalID="113" id="3" offset="597:601"><Text>5/10</Text></Token><Token globalID="114" id="4" offset="601:602"><Text>,</Text></Token><Token globalID="115" id="5" offset="603:612"><Text>described</Text></Token><Token globalID="116" id="6" offset="613:615"><Text>as</Text></Token><Token globalID="117" id="7" offset="616:621"><Text>sharp</Text></Token><Token globalID="118" id="8" offset="622:625"><Text>and</Text></Token><Token globalID="119" id="9" offset="626:634"><Text>constant</Text></Token><Token globalID="120" id="10" offset="634:635"><Text>.</Text></Token></Tokens></Sentence><Sentence id="6" offset="636:666"><Text>It was unaffected by position.</Text><Tokens Count="6"><Token globalID="121" id="0" offset="636:638"><Text>It</Text></Token><Token globalID="122" id="1" offset="639:642"><Text>was</Text></Token><Token globalID="123" id="2" offset="643:653"><Text>unaffected</Text></Token><Token globalID="124" id="3" offset="654:656"><Text>by</Text></Token><Token globalID="125" id="4" offset="657:665"><Text>position</Text></Token><Token globalID="126" id="5" offset="665:666"><Text>.</Text></Token></Tokens></Sentence><Sentence id="7" offset="667:761"><Text>There was no fever, cough, sputum, chest pressure, nausea, vomiting, bloating, or hematemesis.</Text><Tokens Count="21"><Token globalID="127" id="0" offset="667:672"><Text>There</Text></Token><Token globalID="128" id="1" offset="673:676"><Text>was</Text></Token><Token globalID="129" id="2" offset="677:679"><Text>no</Text></Token><Token globalID="130" id="3" offset="680:685"><Text>fever</Text></Token><Token globalID="131" id="4" offset="685:686"><Text>,</Text></Token><Token globalID="132" id="5" offset="687:692"><Text>cough</Text></Token><Token globalID="133" id="6" offset="692:693"><Text>,</Text></Token><Token globalID="134" id="7" offset="694:700"><Text>sputum</Text></Token><Token globalID="135" id="8" offset="700:701"><Text>,</Text></Token><Token globalID="136" id="9" offset="702:707"><Text>chest</Text></Token><Token globalID="137" id="10" offset="708:716"><Text>pressure</Text></Token><Token globalID="138" id="11" offset="716:717"><Text>,</Text></Token><Token globalID="139" id="12" offset="718:724"><Text>nausea</Text></Token><Token globalID="140" id="13" offset="724:725"><Text>,</Text></Token><Token globalID="141" id="14" offset="726:734"><Text>vomiting</Text></Token><Token globalID="142" id="15" offset="734:735"><Text>,</Text></Token><Token globalID="143" id="16" offset="736:744"><Text>bloating</Text></Token><Token globalID="144" id="17" offset="744:745"><Text>,</Text></Token><Token globalID="145" id="18" offset="746:748"><Text>or</Text></Token><Token globalID="146" id="19" offset="749:760"><Text>hematemesis</Text></Token><Token globalID="147" id="20" offset="760:761"><Text>.</Text></Token></Tokens></Sentence><Sentence id="8" offset="762:851"><Text>He has no prior history of trauma to the chest, prior coronary artery disease or anxiety.</Text><Tokens Count="18"><Token globalID="148" id="0" offset="762:764"><Text>He</Text></Token><Token globalID="149" id="1" offset="765:768"><Text>has</Text></Token><Token globalID="150" id="2" offset="769:771"><Text>no</Text></Token><Token globalID="151" id="3" offset="772:777"><Text>prior</Text></Token><Token globalID="152" id="4" offset="778:785"><Text>history</Text></Token><Token globalID="153" id="5" offset="786:788"><Text>of</Text></Token><Token globalID="154" id="6" offset="789:795"><Text>trauma</Text></Token><Token globalID="155" id="7" offset="796:798"><Text>to</Text></Token><Token globalID="156" id="8" offset="799:802"><Text>the</Text></Token><Token globalID="157" id="9" offset="803:808"><Text>chest</Text></Token><Token globalID="158" id="10" offset="808:809"><Text>,</Text></Token><Token globalID="159" id="11" offset="810:815"><Text>prior</Text></Token><Token globalID="160" id="12" offset="816:824"><Text>coronary</Text></Token><Token globalID="161" id="13" offset="825:831"><Text>artery</Text></Token><Token globalID="162" id="14" offset="832:839"><Text>disease</Text></Token><Token globalID="163" id="15" offset="840:842"><Text>or</Text></Token><Token globalID="164" id="16" offset="843:850"><Text>anxiety</Text></Token><Token globalID="165" id="17" offset="850:851"><Text>.</Text></Token></Tokens></Sentence><Sentence id="9" offset="852:1018"><Text>Because these symptoms did not improve and were similar to prior PE's that he experienced, he went to his local physician who hospitalized him at St. Mary's Hospital.</Text><Tokens Count="32"><Token globalID="166" id="0" offset="852:859"><Text>Because</Text></Token><Token globalID="167" id="1" offset="860:865"><Text>these</Text></Token><Token globalID="168" id="2" offset="866:874"><Text>symptoms</Text></Token><Token globalID="169" id="3" offset="875:878"><Text>did</Text></Token><Token globalID="170" id="4" offset="879:882"><Text>not</Text></Token><Token globalID="171" id="5" offset="883:890"><Text>improve</Text></Token><Token globalID="172" id="6" offset="891:894"><Text>and</Text></Token><Token globalID="173" id="7" offset="895:899"><Text>were</Text></Token><Token globalID="174" id="8" offset="900:907"><Text>similar</Text></Token><Token globalID="175" id="9" offset="908:910"><Text>to</Text></Token><Token globalID="176" id="10" offset="911:916"><Text>prior</Text></Token><Token globalID="177" id="11" offset="917:919"><Text>PE</Text></Token><Token globalID="178" id="12" offset="919:921"><Text>'s</Text></Token><Token globalID="179" id="13" offset="922:926"><Text>that</Text></Token><Token globalID="180" id="14" offset="927:929"><Text>he</Text></Token><Token globalID="181" id="15" offset="930:941"><Text>experienced</Text></Token><Token globalID="182" id="16" offset="941:942"><Text>,</Text></Token><Token globalID="183" id="17" offset="943:945"><Text>he</Text></Token><Token globalID="184" id="18" offset="946:950"><Text>went</Text></Token><Token globalID="185" id="19" offset="951:953"><Text>to</Text></Token><Token globalID="186" id="20" offset="954:957"><Text>his</Text></Token><Token globalID="187" id="21" offset="958:963"><Text>local</Text></Token><Token globalID="188" id="22" offset="964:973"><Text>physician</Text></Token><Token globalID="189" id="23" offset="974:977"><Text>who</Text></Token><Token globalID="190" id="24" offset="978:990"><Text>hospitalized</Text></Token><Token globalID="191" id="25" offset="991:994"><Text>him</Text></Token><Token globalID="192" id="26" offset="995:997"><Text>at</Text></Token><Token globalID="193" id="27" offset="998:1001"><Text>St.</Text></Token><Token globalID="194" id="28" offset="1002:1006"><Text>Mary</Text></Token><Token globalID="195" id="29" offset="1006:1008"><Text>'s</Text></Token><Token globalID="196" id="30" offset="1009:1017"><Text>Hospital</Text></Token><Token globalID="197" id="31" offset="1017:1018"><Text>.</Text></Token></Tokens></Sentence><Sentence id="10" offset="1019:1147"><Text>Evaluation there revealed a swollen left lower extremity, a sub-therapeutic prothrombin time and a moderate probability VQ scan.</Text><Tokens Count="20"><Token globalID="198" id="0" offset="1019:1029"><Text>Evaluation</Text></Token><Token globalID="199" id="1" offset="1030:1035"><Text>there</Text></Token><Token globalID="200" id="2" offset="1036:1044"><Text>revealed</Text></Token><Token globalID="201" id="3" offset="1040:1041"><Text>a</Text></Token><Token globalID="202" id="4" offset="1047:1054"><Text>swollen</Text></Token><Token globalID="203" id="5" offset="1055:1059"><Text>left</Text></Token><Token globalID="204" id="6" offset="1060:1065"><Text>lower</Text></Token><Token globalID="205" id="7" offset="1066:1075"><Text>extremity</Text></Token><Token globalID="206" id="8" offset="1075:1076"><Text>,</Text></Token><Token globalID="207" id="9" offset="1077:1078"><Text>a</Text></Token><Token globalID="208" id="10" offset="1079:1094"><Text>sub-therapeutic</Text></Token><Token globalID="209" id="11" offset="1095:1106"><Text>prothrombin</Text></Token><Token globalID="210" id="12" offset="1107:1111"><Text>time</Text></Token><Token globalID="211" id="13" offset="1112:1115"><Text>and</Text></Token><Token globalID="212" id="14" offset="1112:1113"><Text>a</Text></Token><Token globalID="213" id="15" offset="1118:1126"><Text>moderate</Text></Token><Token globalID="214" id="16" offset="1127:1138"><Text>probability</Text></Token><Token globalID="215" id="17" offset="1139:1141"><Text>VQ</Text></Token><Token globalID="216" id="18" offset="1142:1146"><Text>scan</Text></Token><Token globalID="217" id="19" offset="1146:1147"><Text>.</Text></Token></Tokens></Sentence><Sentence id="11" offset="1148:1236"><Text>He was given the diagnosis of PE and transferred to our hospital for further evaluation.</Text><Tokens Count="16"><Token globalID="218" id="0" offset="1148:1150"><Text>He</Text></Token><Token globalID="219" id="1" offset="1151:1154"><Text>was</Text></Token><Token globalID="220" id="2" offset="1155:1160"><Text>given</Text></Token><Token globalID="221" id="3" offset="1161:1164"><Text>the</Text></Token><Token globalID="222" id="4" offset="1165:1174"><Text>diagnosis</Text></Token><Token globalID="223" id="5" offset="1175:1177"><Text>of</Text></Token><Token globalID="224" id="6" offset="1178:1180"><Text>PE</Text></Token><Token globalID="225" id="7" offset="1181:1184"><Text>and</Text></Token><Token globalID="226" id="8" offset="1185:1196"><Text>transferred</Text></Token><Token globalID="227" id="9" offset="1197:1199"><Text>to</Text></Token><Token globalID="228" id="10" offset="1200:1203"><Text>our</Text></Token><Token globalID="229" id="11" offset="1204:1212"><Text>hospital</Text></Token><Token globalID="230" id="12" offset="1213:1216"><Text>for</Text></Token><Token globalID="231" id="13" offset="1217:1224"><Text>further</Text></Token><Token globalID="232" id="14" offset="1225:1235"><Text>evaluation</Text></Token><Token globalID="233" id="15" offset="1235:1236"><Text>.</Text></Token></Tokens></Sentence></Sentences></Paragraph></Paragraphs></StartOutput>