<StartOutput><Paragraphs Count="36"><Paragraph id="0"><Sentences Count="5"><Sentence id="0" offset="0:131"><Text>SUBJECTIVE: The patient is a 76-year-old white female who presents to the clinic today originally for hypertension and a med check.</Text><Tokens Count="23"><Token POSTag="NN" globalID="0" id="0" offset="0:10"><Text>SUBJECTIVE</Text></Token><Token POSTag=":" globalID="1" id="1" offset="10:11"><Text>:</Text></Token><Token POSTag="DT" globalID="2" id="2" offset="12:15"><Text>The</Text></Token><Token POSTag="NN" globalID="3" id="3" offset="16:23"><Text>patient</Text></Token><Token POSTag="VBZ" globalID="4" id="4" offset="24:26"><Text>is</Text></Token><Token POSTag="DT" globalID="5" id="5" offset="27:28"><Text>a</Text></Token><Token POSTag="JJ" globalID="6" id="6" offset="29:40"><Text>76-year-old</Text></Token><Token POSTag="JJ" globalID="7" id="7" offset="41:46"><Text>white</Text></Token><Token POSTag="NN" globalID="8" id="8" offset="47:53"><Text>female</Text></Token><Token POSTag="WP" globalID="9" id="9" offset="54:57"><Text>who</Text></Token><Token POSTag="VBZ" globalID="10" id="10" offset="58:66"><Text>presents</Text></Token><Token POSTag="TO" globalID="11" id="11" offset="67:69"><Text>to</Text></Token><Token POSTag="DT" globalID="12" id="12" offset="70:73"><Text>the</Text></Token><Token POSTag="NN" globalID="13" id="13" offset="74:80"><Text>clinic</Text></Token><Token POSTag="NN" globalID="14" id="14" offset="81:86"><Text>today</Text></Token><Token POSTag="RB" globalID="15" id="15" offset="87:97"><Text>originally</Text></Token><Token POSTag="IN" globalID="16" id="16" offset="98:101"><Text>for</Text></Token><Token POSTag="NN" globalID="17" id="17" offset="102:114"><Text>hypertension</Text><METAMAP>[dsyn]</METAMAP></Token><Token POSTag="CC" globalID="18" id="18" offset="115:118"><Text>and</Text></Token><Token POSTag="DT" globalID="19" id="19" offset="115:116"><Text>a</Text></Token><Token POSTag="JJ" globalID="20" id="20" offset="121:124"><Text>med</Text></Token><Token POSTag="NN" globalID="21" id="21" offset="125:130"><Text>check</Text></Token><Token POSTag="." globalID="22" id="22" offset="130:131"><Text>.</Text></Token></Tokens><ParseTree>(S1 (S (NP (NP (NN SUBJECTIVE)) (: :) (S (NP (DT The) (NN patient)) (VP (VBZ is) (NP (NP (DT a) (JJ 76-year-old) (JJ white) (NN female)) (SBAR (WHNP (WP who)) (S (VP (VBZ presents) (PP (TO to) (NP (DT the) (NN clinic) (NN today))) (ADVP (RB originally)) (PP (IN for) (NP (NP (NN hypertension)) (CC and) (NP (DT a) (JJ med) (NN check)))))))))) (. .))))</ParseTree></Sentence><Sentence id="1" offset="132:249"><Text>She has a history of hypertension, osteoarthritis, osteoporosis, hypothyroidism, allergic rhinitis and kidney stones.</Text><Tokens Count="19"><Token POSTag="PRP" globalID="23" id="0" offset="132:135"><Text>She</Text></Token><Token POSTag="VBZ" globalID="24" id="1" offset="136:139"><Text>has</Text></Token><Token POSTag="DT" globalID="25" id="2" offset="137:138"><Text>a</Text></Token><Token POSTag="NN" globalID="26" id="3" offset="142:149"><Text>history</Text></Token><Token POSTag="IN" globalID="27" id="4" offset="150:152"><Text>of</Text></Token><Token POSTag="NN" globalID="28" id="5" offset="153:165"><Text>hypertension</Text></Token><Token POSTag="," globalID="29" id="6" offset="165:166"><Text>,</Text></Token><Token POSTag="NN" globalID="30" id="7" offset="167:181"><Text>osteoarthritis</Text><METAMAP>[dsyn]</METAMAP></Token><Token POSTag="," globalID="31" id="8" offset="181:182"><Text>,</Text></Token><Token POSTag="NN" globalID="32" id="9" offset="183:195"><Text>osteoporosis</Text><METAMAP>[dsyn]</METAMAP></Token><Token POSTag="," globalID="33" id="10" offset="195:196"><Text>,</Text></Token><Token POSTag="NN" globalID="34" id="11" offset="197:211"><Text>hypothyroidism</Text><METAMAP>[dsyn]</METAMAP></Token><Token POSTag="," globalID="35" id="12" offset="211:212"><Text>,</Text></Token><Token POSTag="JJ" globalID="36" id="13" offset="213:221"><Text>allergic</Text><METAMAP>[dsyn]</METAMAP></Token><Token POSTag="NN" globalID="37" id="14" offset="222:230"><Text>rhinitis</Text><METAMAP>[dsyn]</METAMAP></Token><Token POSTag="CC" globalID="38" id="15" offset="231:234"><Text>and</Text></Token><Token POSTag="NN" globalID="39" id="16" offset="235:241"><Text>kidney</Text><METAMAP>[dsyn]</METAMAP><METAMAP>[dsyn]</METAMAP></Token><Token POSTag="NNS" globalID="40" id="17" offset="242:248"><Text>stones</Text><METAMAP>[dsyn]</METAMAP><METAMAP>[dsyn]</METAMAP></Token><Token POSTag="." globalID="41" id="18" offset="248:249"><Text>.</Text></Token></Tokens><ParseTree>(S1 (S (NP (NP (NN SUBJECTIVE)) (: :) (S (NP (DT The) (NN patient)) (VP (VBZ is) (NP (NP (DT a) (JJ 76-year-old) (JJ white) (NN female)) (SBAR (WHNP (WP who)) (S (VP (VBZ presents) (PP (TO to) (NP (DT the) (NN clinic) (NN today))) (ADVP (RB originally)) (PP (IN for) (NP (NP (NN hypertension)) (CC and) (NP (DT a) (JJ med) (NN check)))))))))) (. .))))</ParseTree></Sentence><Sentence id="2" offset="250:306"><Text>Since her last visit she has been followed by Dr. Kumar.</Text><Tokens Count="12"><Token POSTag="IN" globalID="42" id="0" offset="250:255"><Text>Since</Text></Token><Token POSTag="PRP$" globalID="43" id="1" offset="256:259"><Text>her</Text></Token><Token POSTag="JJ" globalID="44" id="2" offset="260:264"><Text>last</Text></Token><Token POSTag="NN" globalID="45" id="3" offset="265:270"><Text>visit</Text></Token><Token POSTag="PRP" globalID="46" id="4" offset="271:274"><Text>she</Text></Token><Token POSTag="VBZ" globalID="47" id="5" offset="275:278"><Text>has</Text></Token><Token POSTag="VBN" globalID="48" id="6" offset="279:283"><Text>been</Text></Token><Token POSTag="VBN" globalID="49" id="7" offset="284:292"><Text>followed</Text></Token><Token POSTag="IN" globalID="50" id="8" offset="293:295"><Text>by</Text></Token><Token POSTag="NNP" globalID="51" id="9" offset="296:299"><Text>Dr.</Text></Token><Token POSTag="NNP" globalID="52" id="10" offset="300:305"><Text>Kumar</Text></Token><Token POSTag="." globalID="53" id="11" offset="305:306"><Text>.</Text></Token></Tokens><ParseTree>(S1 (S (NP (NP (NN SUBJECTIVE)) (: :) (S (NP (DT The) (NN patient)) (VP (VBZ is) (NP (NP (DT a) (JJ 76-year-old) (JJ white) (NN female)) (SBAR (WHNP (WP who)) (S (VP (VBZ presents) (PP (TO to) (NP (DT the) (NN clinic) (NN today))) (ADVP (RB originally)) (PP (IN for) (NP (NP (NN hypertension)) (CC and) (NP (DT a) (JJ med) (NN check)))))))))) (. .))))</ParseTree></Sentence><Sentence id="3" offset="307:331"><Text>Those issues are stable.</Text><Tokens Count="5"><Token POSTag="DT" globalID="54" id="0" offset="307:312"><Text>Those</Text></Token><Token POSTag="NNS" globalID="55" id="1" offset="313:319"><Text>issues</Text></Token><Token POSTag="VBP" globalID="56" id="2" offset="320:323"><Text>are</Text></Token><Token POSTag="JJ" globalID="57" id="3" offset="324:330"><Text>stable</Text></Token><Token POSTag="." globalID="58" id="4" offset="330:331"><Text>.</Text></Token></Tokens><ParseTree>(S1 (S (NP (NP (NN SUBJECTIVE)) (: :) (S (NP (DT The) (NN patient)) (VP (VBZ is) (NP (NP (DT a) (JJ 76-year-old) (JJ white) (NN female)) (SBAR (WHNP (WP who)) (S (VP (VBZ presents) (PP (TO to) (NP (DT the) (NN clinic) (NN today))) (ADVP (RB originally)) (PP (IN for) (NP (NP (NN hypertension)) (CC and) (NP (DT a) (JJ med) (NN check)))))))))) (. .))))</ParseTree></Sentence><Sentence id="4" offset="332:428"><Text>She has had no fever or chills, cough, congestion, nausea, vomiting, chest pain, chest pressure.</Text><Tokens Count="22"><Token POSTag="PRP" globalID="59" id="0" offset="332:335"><Text>She</Text></Token><Token POSTag="VBZ" globalID="60" id="1" offset="336:339"><Text>has</Text></Token><Token POSTag="VBD" globalID="61" id="2" offset="340:343"><Text>had</Text></Token><Token POSTag="DT" globalID="62" id="3" offset="344:346"><Text>no</Text></Token><Token POSTag="NN" globalID="63" id="4" offset="347:352"><Text>fever</Text></Token><Token POSTag="CC" globalID="64" id="5" offset="353:355"><Text>or</Text></Token><Token POSTag="NN" globalID="65" id="6" offset="356:362"><Text>chills</Text><METAMAP>[sosy]</METAMAP></Token><Token POSTag="," globalID="66" id="7" offset="362:363"><Text>,</Text></Token><Token POSTag="NN" globalID="67" id="8" offset="364:369"><Text>cough</Text><METAMAP>[sosy]</METAMAP></Token><Token POSTag="," globalID="68" id="9" offset="369:370"><Text>,</Text></Token><Token POSTag="NN" globalID="69" id="10" offset="371:381"><Text>congestion</Text></Token><Token POSTag="," globalID="70" id="11" offset="381:382"><Text>,</Text></Token><Token POSTag="NN" globalID="71" id="12" offset="383:389"><Text>nausea</Text><METAMAP>[sosy]</METAMAP></Token><Token POSTag="," globalID="72" id="13" offset="389:390"><Text>,</Text></Token><Token POSTag="NN" globalID="73" id="14" offset="391:399"><Text>vomiting</Text><METAMAP>[sosy]</METAMAP></Token><Token POSTag="," globalID="74" id="15" offset="399:400"><Text>,</Text></Token><Token POSTag="NN" globalID="75" id="16" offset="401:406"><Text>chest</Text><METAMAP>[sosy]</METAMAP></Token><Token POSTag="NN" globalID="76" id="17" offset="407:411"><Text>pain</Text><METAMAP>[sosy]</METAMAP></Token><Token POSTag="," globalID="77" id="18" offset="411:412"><Text>,</Text></Token><Token POSTag="NN" globalID="78" id="19" offset="413:418"><Text>chest</Text><METAMAP>[sosy]</METAMAP></Token><Token POSTag="NN" globalID="79" id="20" offset="419:427"><Text>pressure</Text><METAMAP>[sosy]</METAMAP></Token><Token POSTag="." globalID="80" id="21" offset="427:428"><Text>.</Text></Token></Tokens><ParseTree>(S1 (S (NP (NP (NN SUBJECTIVE)) (: :) (S (NP (DT The) (NN patient)) (VP (VBZ is) (NP (NP (DT a) (JJ 76-year-old) (JJ white) (NN female)) (SBAR (WHNP (WP who)) (S (VP (VBZ presents) (PP (TO to) (NP (DT the) (NN clinic) (NN today))) (ADVP (RB originally)) (PP (IN for) (NP (NP (NN hypertension)) (CC and) (NP (DT a) (JJ med) (NN check)))))))))) (. .))))</ParseTree></Sentence></Sentences></Paragraph><Paragraph id="1"><Sentences Count="1"><Sentence id="0" offset="430:487"><Text>PAST MEDICAL HISTORY: She has an intolerance to Prevacid.</Text><Tokens Count="11"><Token POSTag="JJ" globalID="81" id="0" offset="430:434"><Text>PAST</Text></Token><Token POSTag="JJ" globalID="82" id="1" offset="435:442"><Text>MEDICAL</Text></Token><Token POSTag="NN" globalID="83" id="2" offset="443:450"><Text>HISTORY</Text></Token><Token POSTag=":" globalID="84" id="3" offset="450:451"><Text>:</Text></Token><Token POSTag="PRP" globalID="85" id="4" offset="452:455"><Text>She</Text></Token><Token POSTag="VBZ" globalID="86" id="5" offset="456:459"><Text>has</Text></Token><Token POSTag="DT" globalID="87" id="6" offset="460:462"><Text>an</Text></Token><Token POSTag="NN" globalID="88" id="7" offset="463:474"><Text>intolerance</Text></Token><Token POSTag="TO" globalID="89" id="8" offset="465:467"><Text>to</Text></Token><Token POSTag="NN" globalID="90" id="9" offset="478:486"><Text>Prevacid</Text><METAMAP>[orch,phsu]</METAMAP></Token><Token POSTag="." globalID="91" id="10" offset="486:487"><Text>.</Text></Token></Tokens><ParseTree>(S1 (S (NP (NP (NN SUBJECTIVE)) (: :) (S (NP (DT The) (NN patient)) (VP (VBZ is) (NP (NP (DT a) (JJ 76-year-old) (JJ white) (NN female)) (SBAR (WHNP (WP who)) (S (VP (VBZ presents) (PP (TO to) (NP (DT the) (NN clinic) (NN today))) (ADVP (RB originally)) (PP (IN for) (NP (NP (NN hypertension)) (CC and) (NP (DT a) (JJ med) (NN check)))))))))) (. .))))</ParseTree></Sentence></Sentences></Paragraph><Paragraph id="2"><Sentences Count="1"><Sentence id="0" offset="489:630"><Text>CURRENT MEDICATIONS: Evista 60 daily, Levothroid 0.05 mg daily, Claritin 10 daily, Celebrex 200 daily, HCTZ 25 daily and amitriptyline p.r.n.</Text><Tokens Count="27"><Token POSTag="JJ" globalID="92" id="0" offset="489:496"><Text>CURRENT</Text></Token><Token POSTag="NNS" globalID="93" id="1" offset="497:508"><Text>MEDICATIONS</Text><METAMAP>[phsu]</METAMAP></Token><Token POSTag=":" globalID="94" id="2" offset="508:509"><Text>:</Text></Token><Token POSTag="NN" globalID="95" id="3" offset="510:516"><Text>Evista</Text><METAMAP>[orch,phsu]</METAMAP></Token><Token POSTag="CD" globalID="96" id="4" offset="517:519"><Text>60</Text></Token><Token POSTag="RB" globalID="97" id="5" offset="520:525"><Text>daily</Text></Token><Token POSTag="," globalID="98" id="6" offset="525:526"><Text>,</Text></Token><Token POSTag="NN" globalID="99" id="7" offset="527:537"><Text>Levothroid</Text></Token><Token POSTag="CD" globalID="100" id="8" offset="538:542"><Text>0.05</Text></Token><Token POSTag="NN" globalID="101" id="9" offset="543:545"><Text>mg</Text></Token><Token POSTag="RB" globalID="102" id="10" offset="546:551"><Text>daily</Text></Token><Token POSTag="," globalID="103" id="11" offset="551:552"><Text>,</Text></Token><Token POSTag="NN" globalID="104" id="12" offset="553:561"><Text>Claritin</Text><METAMAP>[orch,phsu]</METAMAP></Token><Token POSTag="CD" globalID="105" id="13" offset="562:564"><Text>10</Text></Token><Token POSTag="JJ" globalID="106" id="14" offset="565:570"><Text>daily</Text></Token><Token POSTag="," globalID="107" id="15" offset="570:571"><Text>,</Text></Token><Token POSTag="NNP" globalID="108" id="16" offset="572:580"><Text>Celebrex</Text><METAMAP>[orch,phsu]</METAMAP></Token><Token POSTag="CD" globalID="109" id="17" offset="581:584"><Text>200</Text></Token><Token POSTag="RB" globalID="110" id="18" offset="585:590"><Text>daily</Text></Token><Token POSTag="," globalID="111" id="19" offset="590:591"><Text>,</Text></Token><Token POSTag="NN" globalID="112" id="20" offset="592:596"><Text>HCTZ</Text><METAMAP>[orch,phsu]</METAMAP></Token><Token POSTag="CD" globalID="113" id="21" offset="597:599"><Text>25</Text></Token><Token POSTag="RB" globalID="114" id="22" offset="600:605"><Text>daily</Text></Token><Token POSTag="CC" globalID="115" id="23" offset="606:609"><Text>and</Text></Token><Token POSTag="NN" globalID="116" id="24" offset="610:623"><Text>amitriptyline</Text><METAMAP>[orch,phsu]</METAMAP></Token><Token POSTag="NN" globalID="117" id="25" offset="624:629"><Text>p.r.n</Text></Token><Token POSTag="." globalID="118" id="26" offset="625:626"><Text>.</Text></Token></Tokens><ParseTree>(S1 (S (NP (NP (NN SUBJECTIVE)) (: :) (S (NP (DT The) (NN patient)) (VP (VBZ is) (NP (NP (DT a) (JJ 76-year-old) (JJ white) (NN female)) (SBAR (WHNP (WP who)) (S (VP (VBZ presents) (PP (TO to) (NP (DT the) (NN clinic) (NN today))) (ADVP (RB originally)) (PP (IN for) (NP (NP (NN hypertension)) (CC and) (NP (DT a) (JJ med) (NN check)))))))))) (. .))))</ParseTree></Sentence></Sentences></Paragraph><Paragraph id="3"><Sentences Count="1"><Sentence id="0" offset="632:733"><Text>PAST SURGICAL HISTORY: Bilateral mastectomies, tonsillectomy, EGD, flex sig in 2001 and a heart cath.</Text><Tokens Count="20"><Token POSTag="JJ" globalID="119" id="0" offset="632:636"><Text>PAST</Text></Token><Token POSTag="JJ" globalID="120" id="1" offset="637:645"><Text>SURGICAL</Text></Token><Token POSTag="NN" globalID="121" id="2" offset="646:653"><Text>HISTORY</Text></Token><Token POSTag=":" globalID="122" id="3" offset="653:654"><Text>:</Text></Token><Token POSTag="JJ" globalID="123" id="4" offset="655:664"><Text>Bilateral</Text></Token><Token POSTag="NN" globalID="124" id="5" offset="665:677"><Text>mastectomies</Text></Token><Token POSTag="," globalID="125" id="6" offset="677:678"><Text>,</Text></Token><Token POSTag="NN" globalID="126" id="7" offset="679:692"><Text>tonsillectomy</Text></Token><Token POSTag="," globalID="127" id="8" offset="692:693"><Text>,</Text></Token><Token POSTag="NN" globalID="128" id="9" offset="694:697"><Text>EGD</Text></Token><Token POSTag="," globalID="129" id="10" offset="697:698"><Text>,</Text></Token><Token POSTag="NN" globalID="130" id="11" offset="699:703"><Text>flex</Text></Token><Token POSTag="NN" globalID="131" id="12" offset="704:707"><Text>sig</Text></Token><Token POSTag="IN" globalID="132" id="13" offset="708:710"><Text>in</Text></Token><Token POSTag="NN" globalID="133" id="14" offset="711:715"><Text>2001</Text></Token><Token POSTag="CC" globalID="134" id="15" offset="716:719"><Text>and</Text></Token><Token POSTag="DT" globalID="135" id="16" offset="716:717"><Text>a</Text></Token><Token POSTag="NN" globalID="136" id="17" offset="722:727"><Text>heart</Text></Token><Token POSTag="NN" globalID="137" id="18" offset="728:732"><Text>cath</Text></Token><Token POSTag="." globalID="138" id="19" offset="732:733"><Text>.</Text></Token></Tokens><ParseTree>(S1 (S (NP (NP (NN SUBJECTIVE)) (: :) (S (NP (DT The) (NN patient)) (VP (VBZ is) (NP (NP (DT a) (JJ 76-year-old) (JJ white) (NN female)) (SBAR (WHNP (WP who)) (S (VP (VBZ presents) (PP (TO to) (NP (DT the) (NN clinic) (NN today))) (ADVP (RB originally)) (PP (IN for) (NP (NP (NN hypertension)) (CC and) (NP (DT a) (JJ med) (NN check)))))))))) (. .))))</ParseTree></Sentence></Sentences></Paragraph><Paragraph id="4"><Sentences Count="1"><Sentence id="0" offset="735:810"><Text>FAMILY HISTORY: Father passed away at 81; mother of multiple myeloma at 83.</Text><Tokens Count="16"><Token POSTag="NN" globalID="139" id="0" offset="735:741"><Text>FAMILY</Text></Token><Token POSTag="NN" globalID="140" id="1" offset="742:749"><Text>HISTORY</Text></Token><Token POSTag=":" globalID="141" id="2" offset="749:750"><Text>:</Text></Token><Token POSTag="NN" globalID="142" id="3" offset="751:757"><Text>Father</Text></Token><Token POSTag="VBD" globalID="143" id="4" offset="758:764"><Text>passed</Text></Token><Token POSTag="RB" globalID="144" id="5" offset="765:769"><Text>away</Text></Token><Token POSTag="IN" globalID="145" id="6" offset="770:772"><Text>at</Text></Token><Token POSTag="CD" globalID="146" id="7" offset="773:775"><Text>81</Text></Token><Token POSTag=":" globalID="147" id="8" offset="775:776"><Text>;</Text></Token><Token POSTag="NN" globalID="148" id="9" offset="777:783"><Text>mother</Text></Token><Token POSTag="IN" globalID="149" id="10" offset="784:786"><Text>of</Text></Token><Token POSTag="JJ" globalID="150" id="11" offset="787:795"><Text>multiple</Text></Token><Token POSTag="NN" globalID="151" id="12" offset="796:803"><Text>myeloma</Text></Token><Token POSTag="IN" globalID="152" id="13" offset="804:806"><Text>at</Text></Token><Token POSTag="CD" globalID="153" id="14" offset="807:809"><Text>83</Text></Token><Token POSTag="." globalID="154" id="15" offset="809:810"><Text>.</Text></Token></Tokens><ParseTree>(S1 (S (NP (NP (NN SUBJECTIVE)) (: :) (S (NP (DT The) (NN patient)) (VP (VBZ is) (NP (NP (DT a) (JJ 76-year-old) (JJ white) (NN female)) (SBAR (WHNP (WP who)) (S (VP (VBZ presents) (PP (TO to) (NP (DT the) (NN clinic) (NN today))) (ADVP (RB originally)) (PP (IN for) (NP (NP (NN hypertension)) (CC and) (NP (DT a) (JJ med) (NN check)))))))))) (. .))))</ParseTree></Sentence></Sentences></Paragraph><Paragraph id="5"><Sentences Count="3"><Sentence id="0" offset="812:843"><Text>SOCIAL HISTORY: She is married.</Text><Tokens Count="7"><Token POSTag="JJ" globalID="155" id="0" offset="812:818"><Text>SOCIAL</Text></Token><Token POSTag="NN" globalID="156" id="1" offset="819:826"><Text>HISTORY</Text></Token><Token POSTag=":" globalID="157" id="2" offset="826:827"><Text>:</Text></Token><Token POSTag="PRP" globalID="158" id="3" offset="828:831"><Text>She</Text></Token><Token POSTag="VBZ" globalID="159" id="4" offset="832:834"><Text>is</Text></Token><Token POSTag="VBN" globalID="160" id="5" offset="835:842"><Text>married</Text></Token><Token POSTag="." globalID="161" id="6" offset="842:843"><Text>.</Text></Token></Tokens><ParseTree>(S1 (S (NP (NP (NN SUBJECTIVE)) (: :) (S (NP (DT The) (NN patient)) (VP (VBZ is) (NP (NP (DT a) (JJ 76-year-old) (JJ white) (NN female)) (SBAR (WHNP (WP who)) (S (VP (VBZ presents) (PP (TO to) (NP (DT the) (NN clinic) (NN today))) (ADVP (RB originally)) (PP (IN for) (NP (NP (NN hypertension)) (CC and) (NP (DT a) (JJ med) (NN check)))))))))) (. .))))</ParseTree></Sentence><Sentence id="1" offset="844:906"><Text>A 76-year-old who used to smoke a pack a day and quit in 1985.</Text><Tokens Count="15"><Token POSTag="DT" globalID="162" id="0" offset="844:845"><Text>A</Text></Token><Token POSTag="NN" globalID="163" id="1" offset="846:857"><Text>76-year-old</Text></Token><Token POSTag="WP" globalID="164" id="2" offset="858:861"><Text>who</Text></Token><Token POSTag="VBD" globalID="165" id="3" offset="862:866"><Text>used</Text></Token><Token POSTag="TO" globalID="166" id="4" offset="867:869"><Text>to</Text></Token><Token POSTag="NN" globalID="167" id="5" offset="870:875"><Text>smoke</Text></Token><Token POSTag="DT" globalID="168" id="6" offset="876:877"><Text>a</Text></Token><Token POSTag="NN" globalID="169" id="7" offset="878:882"><Text>pack</Text></Token><Token POSTag="DT" globalID="170" id="8" offset="879:880"><Text>a</Text></Token><Token POSTag="NN" globalID="171" id="9" offset="885:888"><Text>day</Text></Token><Token POSTag="CC" globalID="172" id="10" offset="889:892"><Text>and</Text></Token><Token POSTag="VB" globalID="173" id="11" offset="893:897"><Text>quit</Text></Token><Token POSTag="IN" globalID="174" id="12" offset="898:900"><Text>in</Text></Token><Token POSTag="NN" globalID="175" id="13" offset="901:905"><Text>1985</Text></Token><Token POSTag="." globalID="176" id="14" offset="905:906"><Text>.</Text></Token></Tokens><ParseTree>(S1 (S (NP (NP (NN SUBJECTIVE)) (: :) (S (NP (DT The) (NN patient)) (VP (VBZ is) (NP (NP (DT a) (JJ 76-year-old) (JJ white) (NN female)) (SBAR (WHNP (WP who)) (S (VP (VBZ presents) (PP (TO to) (NP (DT the) (NN clinic) (NN today))) (ADVP (RB originally)) (PP (IN for) (NP (NP (NN hypertension)) (CC and) (NP (DT a) (JJ med) (NN check)))))))))) (. .))))</ParseTree></Sentence><Sentence id="2" offset="907:922"><Text>She is retired.</Text><Tokens Count="4"><Token POSTag="PRP" globalID="177" id="0" offset="907:910"><Text>She</Text></Token><Token POSTag="VBZ" globalID="178" id="1" offset="911:913"><Text>is</Text></Token><Token POSTag="VBN" globalID="179" id="2" offset="914:921"><Text>retired</Text></Token><Token POSTag="." globalID="180" id="3" offset="921:922"><Text>.</Text></Token></Tokens><ParseTree>(S1 (S (NP (NP (NN SUBJECTIVE)) (: :) (S (NP (DT The) (NN patient)) (VP (VBZ is) (NP (NP (DT a) (JJ 76-year-old) (JJ white) (NN female)) (SBAR (WHNP (WP who)) (S (VP (VBZ presents) (PP (TO to) (NP (DT the) (NN clinic) (NN today))) (ADVP (RB originally)) (PP (IN for) (NP (NP (NN hypertension)) (CC and) (NP (DT a) (JJ med) (NN check)))))))))) (. .))))</ParseTree></Sentence></Sentences></Paragraph><Paragraph id="6"><Sentences Count="1"><Sentence id="0" offset="924:1036"><Text>REVIEW OF SYSTEMS: Essentially negative in HEENT, chest, cardiovascular, GI, GU, musculoskeletal, or neurologic.</Text><Tokens Count="22"><Token POSTag="NN" globalID="181" id="0" offset="924:930"><Text>REVIEW</Text></Token><Token POSTag="IN" globalID="182" id="1" offset="931:933"><Text>OF</Text></Token><Token POSTag="NNS" globalID="183" id="2" offset="934:941"><Text>SYSTEMS</Text></Token><Token POSTag=":" globalID="184" id="3" offset="941:942"><Text>:</Text></Token><Token POSTag="RB" globalID="185" id="4" offset="943:954"><Text>Essentially</Text></Token><Token POSTag="JJ" globalID="186" id="5" offset="955:963"><Text>negative</Text></Token><Token POSTag="IN" globalID="187" id="6" offset="964:966"><Text>in</Text></Token><Token POSTag="NN" globalID="188" id="7" offset="967:972"><Text>HEENT</Text></Token><Token POSTag="," globalID="189" id="8" offset="972:973"><Text>,</Text></Token><Token POSTag="NN" globalID="190" id="9" offset="974:979"><Text>chest</Text></Token><Token POSTag="," globalID="191" id="10" offset="979:980"><Text>,</Text></Token><Token POSTag="NN" globalID="192" id="11" offset="981:995"><Text>cardiovascular</Text></Token><Token POSTag="," globalID="193" id="12" offset="995:996"><Text>,</Text></Token><Token POSTag="NN" globalID="194" id="13" offset="997:999"><Text>GI</Text></Token><Token POSTag="," globalID="195" id="14" offset="999:1000"><Text>,</Text></Token><Token POSTag="NN" globalID="196" id="15" offset="1001:1003"><Text>GU</Text></Token><Token POSTag="," globalID="197" id="16" offset="1003:1004"><Text>,</Text></Token><Token POSTag="JJ" globalID="198" id="17" offset="1005:1020"><Text>musculoskeletal</Text></Token><Token POSTag="," globalID="199" id="18" offset="1020:1021"><Text>,</Text></Token><Token POSTag="CC" globalID="200" id="19" offset="1022:1024"><Text>or</Text></Token><Token POSTag="JJ" globalID="201" id="20" offset="1025:1035"><Text>neurologic</Text></Token><Token POSTag="." globalID="202" id="21" offset="1035:1036"><Text>.</Text></Token></Tokens><ParseTree>(S1 (S (NP (NP (NN SUBJECTIVE)) (: :) (S (NP (DT The) (NN patient)) (VP (VBZ is) (NP (NP (DT a) (JJ 76-year-old) (JJ white) (NN female)) (SBAR (WHNP (WP who)) (S (VP (VBZ presents) (PP (TO to) (NP (DT the) (NN clinic) (NN today))) (ADVP (RB originally)) (PP (IN for) (NP (NP (NN hypertension)) (CC and) (NP (DT a) (JJ med) (NN check)))))))))) (. .))))</ParseTree></Sentence></Sentences></Paragraph><Paragraph id="7"><Sentences Count="4"><Sentence id="0" offset="1038:1077"><Text>OBJECTIVE: Temperature is 97.5 degrees.</Text><Tokens Count="7"><Token POSTag="NN" globalID="203" id="0" offset="1038:1047"><Text>OBJECTIVE</Text></Token><Token POSTag=":" globalID="204" id="1" offset="1047:1048"><Text>:</Text></Token><Token POSTag="NN" globalID="205" id="2" offset="1049:1060"><Text>Temperature</Text></Token><Token POSTag="VBZ" globalID="206" id="3" offset="1061:1063"><Text>is</Text></Token><Token POSTag="CD" globalID="207" id="4" offset="1064:1068"><Text>97.5</Text></Token><Token POSTag="NNS" globalID="208" id="5" offset="1069:1076"><Text>degrees</Text></Token><Token POSTag="." globalID="209" id="6" offset="1076:1077"><Text>.</Text></Token></Tokens><ParseTree>(S1 (S (NP (NP (NN SUBJECTIVE)) (: :) (S (NP (DT The) (NN patient)) (VP (VBZ is) (NP (NP (DT a) (JJ 76-year-old) (JJ white) (NN female)) (SBAR (WHNP (WP who)) (S (VP (VBZ presents) (PP (TO to) (NP (DT the) (NN clinic) (NN today))) (ADVP (RB originally)) (PP (IN for) (NP (NP (NN hypertension)) (CC and) (NP (DT a) (JJ med) (NN check)))))))))) (. .))))</ParseTree></Sentence><Sentence id="1" offset="1078:1103"><Text>Blood pressure is 168/70.</Text><Tokens Count="5"><Token POSTag="NN" globalID="210" id="0" offset="1078:1083"><Text>Blood</Text></Token><Token POSTag="NN" globalID="211" id="1" offset="1084:1092"><Text>pressure</Text></Token><Token POSTag="VBZ" globalID="212" id="2" offset="1093:1095"><Text>is</Text></Token><Token POSTag="NN" globalID="213" id="3" offset="1096:1102"><Text>168/70</Text></Token><Token POSTag="." globalID="214" id="4" offset="1102:1103"><Text>.</Text></Token></Tokens><ParseTree>(S1 (S (NP (NP (NN SUBJECTIVE)) (: :) (S (NP (DT The) (NN patient)) (VP (VBZ is) (NP (NP (DT a) (JJ 76-year-old) (JJ white) (NN female)) (SBAR (WHNP (WP who)) (S (VP (VBZ presents) (PP (TO to) (NP (DT the) (NN clinic) (NN today))) (ADVP (RB originally)) (PP (IN for) (NP (NP (NN hypertension)) (CC and) (NP (DT a) (JJ med) (NN check)))))))))) (. .))))</ParseTree></Sentence><Sentence id="2" offset="1104:1116"><Text>Pulse is 88.</Text><Tokens Count="4"><Token POSTag="NN" globalID="215" id="0" offset="1104:1109"><Text>Pulse</Text></Token><Token POSTag="VBZ" globalID="216" id="1" offset="1110:1112"><Text>is</Text></Token><Token POSTag="CD" globalID="217" id="2" offset="1113:1115"><Text>88</Text></Token><Token POSTag="." globalID="218" id="3" offset="1115:1116"><Text>.</Text></Token></Tokens><ParseTree>(S1 (S (NP (NP (NN SUBJECTIVE)) (: :) (S (NP (DT The) (NN patient)) (VP (VBZ is) (NP (NP (DT a) (JJ 76-year-old) (JJ white) (NN female)) (SBAR (WHNP (WP who)) (S (VP (VBZ presents) (PP (TO to) (NP (DT the) (NN clinic) (NN today))) (ADVP (RB originally)) (PP (IN for) (NP (NP (NN hypertension)) (CC and) (NP (DT a) (JJ med) (NN check)))))))))) (. .))))</ParseTree></Sentence><Sentence id="3" offset="1117:1138"><Text>Weight is 129 pounds.</Text><Tokens Count="5"><Token POSTag="NN" globalID="219" id="0" offset="1117:1123"><Text>Weight</Text></Token><Token POSTag="VBZ" globalID="220" id="1" offset="1124:1126"><Text>is</Text></Token><Token POSTag="CD" globalID="221" id="2" offset="1127:1130"><Text>129</Text></Token><Token POSTag="NNS" globalID="222" id="3" offset="1131:1137"><Text>pounds</Text></Token><Token POSTag="." globalID="223" id="4" offset="1137:1138"><Text>.</Text></Token></Tokens><ParseTree>(S1 (S (NP (NP (NN SUBJECTIVE)) (: :) (S (NP (DT The) (NN patient)) (VP (VBZ is) (NP (NP (DT a) (JJ 76-year-old) (JJ white) (NN female)) (SBAR (WHNP (WP who)) (S (VP (VBZ presents) (PP (TO to) (NP (DT the) (NN clinic) (NN today))) (ADVP (RB originally)) (PP (IN for) (NP (NP (NN hypertension)) (CC and) (NP (DT a) (JJ med) (NN check)))))))))) (. .))))</ParseTree></Sentence></Sentences></Paragraph><Paragraph id="8"><Sentences Count="1"><Sentence id="0" offset="1139:1199"><Text>GENERAL: She is an elderly 76-year-old in no acute distress.</Text><Tokens Count="12"><Token POSTag="JJ" globalID="224" id="0" offset="1139:1146"><Text>GENERAL</Text></Token><Token POSTag=":" globalID="225" id="1" offset="1146:1147"><Text>:</Text></Token><Token POSTag="PRP" globalID="226" id="2" offset="1148:1151"><Text>She</Text></Token><Token POSTag="VBZ" globalID="227" id="3" offset="1152:1154"><Text>is</Text></Token><Token POSTag="DT" globalID="228" id="4" offset="1155:1157"><Text>an</Text></Token><Token POSTag="JJ" globalID="229" id="5" offset="1158:1165"><Text>elderly</Text></Token><Token POSTag="NN" globalID="230" id="6" offset="1166:1177"><Text>76-year-old</Text></Token><Token POSTag="IN" globalID="231" id="7" offset="1178:1180"><Text>in</Text></Token><Token POSTag="DT" globalID="232" id="8" offset="1181:1183"><Text>no</Text></Token><Token POSTag="JJ" globalID="233" id="9" offset="1184:1189"><Text>acute</Text></Token><Token POSTag="NN" globalID="234" id="10" offset="1190:1198"><Text>distress</Text></Token><Token POSTag="." globalID="235" id="11" offset="1198:1199"><Text>.</Text></Token></Tokens><ParseTree>(S1 (S (NP (NP (NN SUBJECTIVE)) (: :) (S (NP (DT The) (NN patient)) (VP (VBZ is) (NP (NP (DT a) (JJ 76-year-old) (JJ white) (NN female)) (SBAR (WHNP (WP who)) (S (VP (VBZ presents) (PP (TO to) (NP (DT the) (NN clinic) (NN today))) (ADVP (RB originally)) (PP (IN for) (NP (NP (NN hypertension)) (CC and) (NP (DT a) (JJ med) (NN check)))))))))) (. .))))</ParseTree></Sentence></Sentences></Paragraph><Paragraph id="9"><Sentences Count="8"><Sentence id="0" offset="1200:1218"><Text>HEENT: Atraumatic.</Text><Tokens Count="4"><Token POSTag="NN" globalID="236" id="0" offset="1200:1205"><Text>HEENT</Text></Token><Token POSTag=":" globalID="237" id="1" offset="1205:1206"><Text>:</Text></Token><Token POSTag="JJ" globalID="238" id="2" offset="1207:1217"><Text>Atraumatic</Text></Token><Token POSTag="." globalID="239" id="3" offset="1217:1218"><Text>.</Text></Token></Tokens><ParseTree>(S1 (S (NP (NP (NN SUBJECTIVE)) (: :) (S (NP (DT The) (NN patient)) (VP (VBZ is) (NP (NP (DT a) (JJ 76-year-old) (JJ white) (NN female)) (SBAR (WHNP (WP who)) (S (VP (VBZ presents) (PP (TO to) (NP (DT the) (NN clinic) (NN today))) (ADVP (RB originally)) (PP (IN for) (NP (NP (NN hypertension)) (CC and) (NP (DT a) (JJ med) (NN check)))))))))) (. .))))</ParseTree></Sentence><Sentence id="1" offset="1219:1251"><Text>Extraocular muscles were intact.</Text><Tokens Count="5"><Token POSTag="JJ" globalID="240" id="0" offset="1219:1230"><Text>Extraocular</Text></Token><Token POSTag="NNS" globalID="241" id="1" offset="1231:1238"><Text>muscles</Text></Token><Token POSTag="VBD" globalID="242" id="2" offset="1239:1243"><Text>were</Text></Token><Token POSTag="JJ" globalID="243" id="3" offset="1244:1250"><Text>intact</Text></Token><Token POSTag="." globalID="244" id="4" offset="1250:1251"><Text>.</Text></Token></Tokens><ParseTree>(S1 (S (NP (NP (NN SUBJECTIVE)) (: :) (S (NP (DT The) (NN patient)) (VP (VBZ is) (NP (NP (DT a) (JJ 76-year-old) (JJ white) (NN female)) (SBAR (WHNP (WP who)) (S (VP (VBZ presents) (PP (TO to) (NP (DT the) (NN clinic) (NN today))) (ADVP (RB originally)) (PP (IN for) (NP (NP (NN hypertension)) (CC and) (NP (DT a) (JJ med) (NN check)))))))))) (. .))))</ParseTree></Sentence><Sentence id="2" offset="1252:1312"><Text>Pupils equal, round and reactive to light and accommodation.</Text><Tokens Count="11"><Token POSTag="NNS" globalID="245" id="0" offset="1252:1258"><Text>Pupils</Text></Token><Token POSTag="JJ" globalID="246" id="1" offset="1259:1264"><Text>equal</Text></Token><Token POSTag="," globalID="247" id="2" offset="1264:1265"><Text>,</Text></Token><Token POSTag="JJ" globalID="248" id="3" offset="1266:1271"><Text>round</Text></Token><Token POSTag="CC" globalID="249" id="4" offset="1272:1275"><Text>and</Text></Token><Token POSTag="JJ" globalID="250" id="5" offset="1276:1284"><Text>reactive</Text></Token><Token POSTag="TO" globalID="251" id="6" offset="1285:1287"><Text>to</Text></Token><Token POSTag="NN" globalID="252" id="7" offset="1288:1293"><Text>light</Text></Token><Token POSTag="CC" globalID="253" id="8" offset="1294:1297"><Text>and</Text></Token><Token POSTag="NN" globalID="254" id="9" offset="1298:1311"><Text>accommodation</Text></Token><Token POSTag="." globalID="255" id="10" offset="1311:1312"><Text>.</Text></Token></Tokens><ParseTree>(S1 (S (NP (NP (NN SUBJECTIVE)) (: :) (S (NP (DT The) (NN patient)) (VP (VBZ is) (NP (NP (DT a) (JJ 76-year-old) (JJ white) (NN female)) (SBAR (WHNP (WP who)) (S (VP (VBZ presents) (PP (TO to) (NP (DT the) (NN clinic) (NN today))) (ADVP (RB originally)) (PP (IN for) (NP (NP (NN hypertension)) (CC and) (NP (DT a) (JJ med) (NN check)))))))))) (. .))))</ParseTree></Sentence><Sentence id="3" offset="1313:1358"><Text>Tympanic membranes are clear, dry and intact.</Text><Tokens Count="9"><Token POSTag="JJ" globalID="256" id="0" offset="1313:1321"><Text>Tympanic</Text></Token><Token POSTag="NNS" globalID="257" id="1" offset="1322:1331"><Text>membranes</Text></Token><Token POSTag="VBP" globalID="258" id="2" offset="1332:1335"><Text>are</Text></Token><Token POSTag="JJ" globalID="259" id="3" offset="1336:1341"><Text>clear</Text></Token><Token POSTag="," globalID="260" id="4" offset="1341:1342"><Text>,</Text></Token><Token POSTag="JJ" globalID="261" id="5" offset="1343:1346"><Text>dry</Text></Token><Token POSTag="CC" globalID="262" id="6" offset="1347:1350"><Text>and</Text></Token><Token POSTag="JJ" globalID="263" id="7" offset="1351:1357"><Text>intact</Text></Token><Token POSTag="." globalID="264" id="8" offset="1357:1358"><Text>.</Text></Token></Tokens><ParseTree>(S1 (S (NP (NP (NN SUBJECTIVE)) (: :) (S (NP (DT The) (NN patient)) (VP (VBZ is) (NP (NP (DT a) (JJ 76-year-old) (JJ white) (NN female)) (SBAR (WHNP (WP who)) (S (VP (VBZ presents) (PP (TO to) (NP (DT the) (NN clinic) (NN today))) (ADVP (RB originally)) (PP (IN for) (NP (NP (NN hypertension)) (CC and) (NP (DT a) (JJ med) (NN check)))))))))) (. .))))</ParseTree></Sentence><Sentence id="4" offset="1359:1388"><Text>Sinuses and throat are clear.</Text><Tokens Count="6"><Token POSTag="NNS" globalID="265" id="0" offset="1359:1366"><Text>Sinuses</Text></Token><Token POSTag="CC" globalID="266" id="1" offset="1367:1370"><Text>and</Text></Token><Token POSTag="NN" globalID="267" id="2" offset="1371:1377"><Text>throat</Text></Token><Token POSTag="VBP" globalID="268" id="3" offset="1378:1381"><Text>are</Text></Token><Token POSTag="JJ" globalID="269" id="4" offset="1382:1387"><Text>clear</Text></Token><Token POSTag="." globalID="270" id="5" offset="1387:1388"><Text>.</Text></Token></Tokens><ParseTree>(S1 (S (NP (NP (NN SUBJECTIVE)) (: :) (S (NP (DT The) (NN patient)) (VP (VBZ is) (NP (NP (DT a) (JJ 76-year-old) (JJ white) (NN female)) (SBAR (WHNP (WP who)) (S (VP (VBZ presents) (PP (TO to) (NP (DT the) (NN clinic) (NN today))) (ADVP (RB originally)) (PP (IN for) (NP (NP (NN hypertension)) (CC and) (NP (DT a) (JJ med) (NN check)))))))))) (. .))))</ParseTree></Sentence><Sentence id="5" offset="1389:1410"><Text>Neck is soft, supple.</Text><Tokens Count="6"><Token POSTag="NN" globalID="271" id="0" offset="1389:1393"><Text>Neck</Text></Token><Token POSTag="VBZ" globalID="272" id="1" offset="1394:1396"><Text>is</Text></Token><Token POSTag="JJ" globalID="273" id="2" offset="1397:1401"><Text>soft</Text><METAMAP>[dsyn]</METAMAP></Token><Token POSTag="," globalID="274" id="3" offset="1401:1402"><Text>,</Text></Token><Token POSTag="JJ" globalID="275" id="4" offset="1403:1409"><Text>supple</Text></Token><Token POSTag="." globalID="276" id="5" offset="1409:1410"><Text>.</Text></Token></Tokens><ParseTree>(S1 (S (NP (NP (NN SUBJECTIVE)) (: :) (S (NP (DT The) (NN patient)) (VP (VBZ is) (NP (NP (DT a) (JJ 76-year-old) (JJ white) (NN female)) (SBAR (WHNP (WP who)) (S (VP (VBZ presents) (PP (TO to) (NP (DT the) (NN clinic) (NN today))) (ADVP (RB originally)) (PP (IN for) (NP (NP (NN hypertension)) (CC and) (NP (DT a) (JJ med) (NN check)))))))))) (. .))))</ParseTree></Sentence><Sentence id="6" offset="1411:1442"><Text>No meningeal signs are present.</Text><Tokens Count="6"><Token POSTag="DT" globalID="277" id="0" offset="1411:1413"><Text>No</Text></Token><Token POSTag="JJ" globalID="278" id="1" offset="1414:1423"><Text>meningeal</Text></Token><Token POSTag="NNS" globalID="279" id="2" offset="1424:1429"><Text>signs</Text></Token><Token POSTag="VBP" globalID="280" id="3" offset="1430:1433"><Text>are</Text></Token><Token POSTag="JJ" globalID="281" id="4" offset="1434:1441"><Text>present</Text></Token><Token POSTag="." globalID="282" id="5" offset="1441:1442"><Text>.</Text></Token></Tokens><ParseTree>(S1 (S (NP (NP (NN SUBJECTIVE)) (: :) (S (NP (DT The) (NN patient)) (VP (VBZ is) (NP (NP (DT a) (JJ 76-year-old) (JJ white) (NN female)) (SBAR (WHNP (WP who)) (S (VP (VBZ presents) (PP (TO to) (NP (DT the) (NN clinic) (NN today))) (ADVP (RB originally)) (PP (IN for) (NP (NP (NN hypertension)) (CC and) (NP (DT a) (JJ med) (NN check)))))))))) (. .))))</ParseTree></Sentence><Sentence id="7" offset="1443:1469"><Text>No thyromegaly is present.</Text><Tokens Count="5"><Token POSTag="DT" globalID="283" id="0" offset="1443:1445"><Text>No</Text></Token><Token POSTag="NN" globalID="284" id="1" offset="1446:1457"><Text>thyromegaly</Text><METAMAP>[dsyn]</METAMAP></Token><Token POSTag="VBZ" globalID="285" id="2" offset="1458:1460"><Text>is</Text></Token><Token POSTag="JJ" globalID="286" id="3" offset="1461:1468"><Text>present</Text></Token><Token POSTag="." globalID="287" id="4" offset="1468:1469"><Text>.</Text></Token></Tokens><ParseTree>(S1 (S (NP (NP (NN SUBJECTIVE)) (: :) (S (NP (DT The) (NN patient)) (VP (VBZ is) (NP (NP (DT a) (JJ 76-year-old) (JJ white) (NN female)) (SBAR (WHNP (WP who)) (S (VP (VBZ presents) (PP (TO to) (NP (DT the) (NN clinic) (NN today))) (ADVP (RB originally)) (PP (IN for) (NP (NP (NN hypertension)) (CC and) (NP (DT a) (JJ med) (NN check)))))))))) (. .))))</ParseTree></Sentence></Sentences></Paragraph><Paragraph id="10"><Sentences Count="1"><Sentence id="0" offset="1470:1499"><Text>CHEST: Clear to auscultation.</Text><Tokens Count="6"><Token POSTag="NN" globalID="288" id="0" offset="1470:1475"><Text>CHEST</Text></Token><Token POSTag=":" globalID="289" id="1" offset="1475:1476"><Text>:</Text></Token><Token POSTag="JJ" globalID="290" id="2" offset="1477:1482"><Text>Clear</Text></Token><Token POSTag="TO" globalID="291" id="3" offset="1483:1485"><Text>to</Text></Token><Token POSTag="NN" globalID="292" id="4" offset="1486:1498"><Text>auscultation</Text></Token><Token POSTag="." globalID="293" id="5" offset="1498:1499"><Text>.</Text></Token></Tokens><ParseTree>(S1 (S (NP (NP (NN SUBJECTIVE)) (: :) (S (NP (DT The) (NN patient)) (VP (VBZ is) (NP (NP (DT a) (JJ 76-year-old) (JJ white) (NN female)) (SBAR (WHNP (WP who)) (S (VP (VBZ presents) (PP (TO to) (NP (DT the) (NN clinic) (NN today))) (ADVP (RB originally)) (PP (IN for) (NP (NP (NN hypertension)) (CC and) (NP (DT a) (JJ med) (NN check)))))))))) (. .))))</ParseTree></Sentence></Sentences></Paragraph><Paragraph id="11"><Sentences Count="1"><Sentence id="0" offset="1500:1555"><Text>CARDIOVASCULAR: Regular rate and rhythm without murmur.</Text><Tokens Count="9"><Token POSTag="NN" globalID="294" id="0" offset="1500:1514"><Text>CARDIOVASCULAR</Text></Token><Token POSTag=":" globalID="295" id="1" offset="1514:1515"><Text>:</Text></Token><Token POSTag="JJ" globalID="296" id="2" offset="1516:1523"><Text>Regular</Text></Token><Token POSTag="NN" globalID="297" id="3" offset="1524:1528"><Text>rate</Text></Token><Token POSTag="CC" globalID="298" id="4" offset="1529:1532"><Text>and</Text></Token><Token POSTag="NN" globalID="299" id="5" offset="1533:1539"><Text>rhythm</Text></Token><Token POSTag="IN" globalID="300" id="6" offset="1540:1547"><Text>without</Text></Token><Token POSTag="NN" globalID="301" id="7" offset="1548:1554"><Text>murmur</Text></Token><Token POSTag="." globalID="302" id="8" offset="1554:1555"><Text>.</Text></Token></Tokens><ParseTree>(S1 (S (NP (NP (NN SUBJECTIVE)) (: :) (S (NP (DT The) (NN patient)) (VP (VBZ is) (NP (NP (DT a) (JJ 76-year-old) (JJ white) (NN female)) (SBAR (WHNP (WP who)) (S (VP (VBZ presents) (PP (TO to) (NP (DT the) (NN clinic) (NN today))) (ADVP (RB originally)) (PP (IN for) (NP (NP (NN hypertension)) (CC and) (NP (DT a) (JJ med) (NN check)))))))))) (. .))))</ParseTree></Sentence></Sentences></Paragraph><Paragraph id="12"><Sentences Count="3"><Sentence id="0" offset="1556:1581"><Text>ABDOMEN: Soft, nontender.</Text><Tokens Count="6"><Token POSTag="NN" globalID="303" id="0" offset="1556:1563"><Text>ABDOMEN</Text></Token><Token POSTag=":" globalID="304" id="1" offset="1563:1564"><Text>:</Text></Token><Token POSTag="JJ" globalID="305" id="2" offset="1565:1569"><Text>Soft</Text><METAMAP>[dsyn]</METAMAP></Token><Token POSTag="," globalID="306" id="3" offset="1569:1570"><Text>,</Text></Token><Token POSTag="NN" globalID="307" id="4" offset="1571:1580"><Text>nontender</Text></Token><Token POSTag="." globalID="308" id="5" offset="1580:1581"><Text>.</Text></Token></Tokens><ParseTree>(S1 (S (NP (NP (NN SUBJECTIVE)) (: :) (S (NP (DT The) (NN patient)) (VP (VBZ is) (NP (NP (DT a) (JJ 76-year-old) (JJ white) (NN female)) (SBAR (WHNP (WP who)) (S (VP (VBZ presents) (PP (TO to) (NP (DT the) (NN clinic) (NN today))) (ADVP (RB originally)) (PP (IN for) (NP (NP (NN hypertension)) (CC and) (NP (DT a) (JJ med) (NN check)))))))))) (. .))))</ParseTree></Sentence><Sentence id="1" offset="1582:1608"><Text>Bowel sounds are positive.</Text><Tokens Count="5"><Token POSTag="NN" globalID="309" id="0" offset="1582:1587"><Text>Bowel</Text></Token><Token POSTag="NNS" globalID="310" id="1" offset="1588:1594"><Text>sounds</Text></Token><Token POSTag="VBP" globalID="311" id="2" offset="1595:1598"><Text>are</Text></Token><Token POSTag="JJ" globalID="312" id="3" offset="1599:1607"><Text>positive</Text></Token><Token POSTag="." globalID="313" id="4" offset="1607:1608"><Text>.</Text></Token></Tokens><ParseTree>(S1 (S (NP (NP (NN SUBJECTIVE)) (: :) (S (NP (DT The) (NN patient)) (VP (VBZ is) (NP (NP (DT a) (JJ 76-year-old) (JJ white) (NN female)) (SBAR (WHNP (WP who)) (S (VP (VBZ presents) (PP (TO to) (NP (DT the) (NN clinic) (NN today))) (ADVP (RB originally)) (PP (IN for) (NP (NP (NN hypertension)) (CC and) (NP (DT a) (JJ med) (NN check)))))))))) (. .))))</ParseTree></Sentence><Sentence id="2" offset="1609:1657"><Text>No organomegaly or peritoneal signs are present.</Text><Tokens Count="8"><Token POSTag="DT" globalID="314" id="0" offset="1609:1611"><Text>No</Text></Token><Token POSTag="NN" globalID="315" id="1" offset="1612:1624"><Text>organomegaly</Text></Token><Token POSTag="CC" globalID="316" id="2" offset="1612:1614"><Text>or</Text></Token><Token POSTag="NN" globalID="317" id="3" offset="1628:1638"><Text>peritoneal</Text></Token><Token POSTag="NNS" globalID="318" id="4" offset="1639:1644"><Text>signs</Text></Token><Token POSTag="VBP" globalID="319" id="5" offset="1645:1648"><Text>are</Text></Token><Token POSTag="JJ" globalID="320" id="6" offset="1649:1656"><Text>present</Text></Token><Token POSTag="." globalID="321" id="7" offset="1656:1657"><Text>.</Text></Token></Tokens><ParseTree>(S1 (S (NP (NP (NN SUBJECTIVE)) (: :) (S (NP (DT The) (NN patient)) (VP (VBZ is) (NP (NP (DT a) (JJ 76-year-old) (JJ white) (NN female)) (SBAR (WHNP (WP who)) (S (VP (VBZ presents) (PP (TO to) (NP (DT the) (NN clinic) (NN today))) (ADVP (RB originally)) (PP (IN for) (NP (NP (NN hypertension)) (CC and) (NP (DT a) (JJ med) (NN check)))))))))) (. .))))</ParseTree></Sentence></Sentences></Paragraph><Paragraph id="13"><Sentences Count="3"><Sentence id="0" offset="1658:1694"><Text>EXTREMITIES: Moving all extremities.</Text><Tokens Count="6"><Token POSTag="NN" globalID="322" id="0" offset="1658:1669"><Text>EXTREMITIES</Text></Token><Token POSTag=":" globalID="323" id="1" offset="1669:1670"><Text>:</Text></Token><Token POSTag="NN" globalID="324" id="2" offset="1671:1677"><Text>Moving</Text></Token><Token POSTag="NN" globalID="325" id="3" offset="1678:1681"><Text>all</Text></Token><Token POSTag="NNS" globalID="326" id="4" offset="1682:1693"><Text>extremities</Text></Token><Token POSTag="." globalID="327" id="5" offset="1693:1694"><Text>.</Text></Token></Tokens><ParseTree>(S1 (S (NP (NP (NN SUBJECTIVE)) (: :) (S (NP (DT The) (NN patient)) (VP (VBZ is) (NP (NP (DT a) (JJ 76-year-old) (JJ white) (NN female)) (SBAR (WHNP (WP who)) (S (VP (VBZ presents) (PP (TO to) (NP (DT the) (NN clinic) (NN today))) (ADVP (RB originally)) (PP (IN for) (NP (NP (NN hypertension)) (CC and) (NP (DT a) (JJ med) (NN check)))))))))) (. .))))</ParseTree></Sentence><Sentence id="1" offset="1695:1724"><Text>Peripheral pulses are normal.</Text><Tokens Count="5"><Token POSTag="JJ" globalID="328" id="0" offset="1695:1705"><Text>Peripheral</Text></Token><Token POSTag="NNS" globalID="329" id="1" offset="1706:1712"><Text>pulses</Text></Token><Token POSTag="VBP" globalID="330" id="2" offset="1713:1716"><Text>are</Text></Token><Token POSTag="JJ" globalID="331" id="3" offset="1717:1723"><Text>normal</Text></Token><Token POSTag="." globalID="332" id="4" offset="1723:1724"><Text>.</Text></Token></Tokens><ParseTree>(S1 (S (NP (NP (NN SUBJECTIVE)) (: :) (S (NP (DT The) (NN patient)) (VP (VBZ is) (NP (NP (DT a) (JJ 76-year-old) (JJ white) (NN female)) (SBAR (WHNP (WP who)) (S (VP (VBZ presents) (PP (TO to) (NP (DT the) (NN clinic) (NN today))) (ADVP (RB originally)) (PP (IN for) (NP (NP (NN hypertension)) (CC and) (NP (DT a) (JJ med) (NN check)))))))))) (. .))))</ParseTree></Sentence><Sentence id="2" offset="1725:1745"><Text>No edema is present.</Text><Tokens Count="5"><Token POSTag="DT" globalID="333" id="0" offset="1725:1727"><Text>No</Text></Token><Token POSTag="NN" globalID="334" id="1" offset="1728:1733"><Text>edema</Text></Token><Token POSTag="VBZ" globalID="335" id="2" offset="1734:1736"><Text>is</Text></Token><Token POSTag="JJ" globalID="336" id="3" offset="1737:1744"><Text>present</Text></Token><Token POSTag="." globalID="337" id="4" offset="1744:1745"><Text>.</Text></Token></Tokens><ParseTree>(S1 (S (NP (NP (NN SUBJECTIVE)) (: :) (S (NP (DT The) (NN patient)) (VP (VBZ is) (NP (NP (DT a) (JJ 76-year-old) (JJ white) (NN female)) (SBAR (WHNP (WP who)) (S (VP (VBZ presents) (PP (TO to) (NP (DT the) (NN clinic) (NN today))) (ADVP (RB originally)) (PP (IN for) (NP (NP (NN hypertension)) (CC and) (NP (DT a) (JJ med) (NN check)))))))))) (. .))))</ParseTree></Sentence></Sentences></Paragraph><Paragraph id="14"><Sentences Count="6"><Sentence id="0" offset="1746:1777"><Text>NEUROLOGIC: Alert and oriented.</Text><Tokens Count="6"><Token POSTag="JJ" globalID="338" id="0" offset="1746:1756"><Text>NEUROLOGIC</Text></Token><Token POSTag=":" globalID="339" id="1" offset="1756:1757"><Text>:</Text></Token><Token POSTag="JJ" globalID="340" id="2" offset="1758:1763"><Text>Alert</Text></Token><Token POSTag="CC" globalID="341" id="3" offset="1764:1767"><Text>and</Text></Token><Token POSTag="VBN" globalID="342" id="4" offset="1768:1776"><Text>oriented</Text></Token><Token POSTag="." globalID="343" id="5" offset="1776:1777"><Text>.</Text></Token></Tokens><ParseTree>(S1 (S (NP (NP (NN SUBJECTIVE)) (: :) (S (NP (DT The) (NN patient)) (VP (VBZ is) (NP (NP (DT a) (JJ 76-year-old) (JJ white) (NN female)) (SBAR (WHNP (WP who)) (S (VP (VBZ presents) (PP (TO to) (NP (DT the) (NN clinic) (NN today))) (ADVP (RB originally)) (PP (IN for) (NP (NP (NN hypertension)) (CC and) (NP (DT a) (JJ med) (NN check)))))))))) (. .))))</ParseTree></Sentence><Sentence id="1" offset="1778:1815"><Text>Cranial nerves II-XII grossly intact.</Text><Tokens Count="6"><Token POSTag="JJ" globalID="344" id="0" offset="1778:1785"><Text>Cranial</Text></Token><Token POSTag="NNS" globalID="345" id="1" offset="1786:1792"><Text>nerves</Text></Token><Token POSTag="VBD" globalID="346" id="2" offset="1793:1799"><Text>II-XII</Text></Token><Token POSTag="RB" globalID="347" id="3" offset="1800:1807"><Text>grossly</Text></Token><Token POSTag="JJ" globalID="348" id="4" offset="1808:1814"><Text>intact</Text></Token><Token POSTag="." globalID="349" id="5" offset="1814:1815"><Text>.</Text></Token></Tokens><ParseTree>(S1 (S (NP (NP (NN SUBJECTIVE)) (: :) (S (NP (DT The) (NN patient)) (VP (VBZ is) (NP (NP (DT a) (JJ 76-year-old) (JJ white) (NN female)) (SBAR (WHNP (WP who)) (S (VP (VBZ presents) (PP (TO to) (NP (DT the) (NN clinic) (NN today))) (ADVP (RB originally)) (PP (IN for) (NP (NP (NN hypertension)) (CC and) (NP (DT a) (JJ med) (NN check)))))))))) (. .))))</ParseTree></Sentence><Sentence id="2" offset="1816:1839"><Text>Strength 5+/5 globally.</Text><Tokens Count="4"><Token POSTag="NN" globalID="350" id="0" offset="1816:1824"><Text>Strength</Text></Token><Token POSTag="VBZ" globalID="351" id="1" offset="1825:1829"><Text>5+/5</Text></Token><Token POSTag="RB" globalID="352" id="2" offset="1830:1838"><Text>globally</Text></Token><Token POSTag="." globalID="353" id="3" offset="1838:1839"><Text>.</Text></Token></Tokens><ParseTree>(S1 (S (NP (NP (NN SUBJECTIVE)) (: :) (S (NP (DT The) (NN patient)) (VP (VBZ is) (NP (NP (DT a) (JJ 76-year-old) (JJ white) (NN female)) (SBAR (WHNP (WP who)) (S (VP (VBZ presents) (PP (TO to) (NP (DT the) (NN clinic) (NN today))) (ADVP (RB originally)) (PP (IN for) (NP (NP (NN hypertension)) (CC and) (NP (DT a) (JJ med) (NN check)))))))))) (. .))))</ParseTree></Sentence><Sentence id="3" offset="1840:1864"><Text>Reflexes 2+/IV globally.</Text><Tokens Count="4"><Token POSTag="NNS" globalID="354" id="0" offset="1840:1848"><Text>Reflexes</Text></Token><Token POSTag="VBD" globalID="355" id="1" offset="1849:1854"><Text>2+/IV</Text></Token><Token POSTag="RB" globalID="356" id="2" offset="1855:1863"><Text>globally</Text></Token><Token POSTag="." globalID="357" id="3" offset="1863:1864"><Text>.</Text></Token></Tokens><ParseTree>(S1 (S (NP (NP (NN SUBJECTIVE)) (: :) (S (NP (DT The) (NN patient)) (VP (VBZ is) (NP (NP (DT a) (JJ 76-year-old) (JJ white) (NN female)) (SBAR (WHNP (WP who)) (S (VP (VBZ presents) (PP (TO to) (NP (DT the) (NN clinic) (NN today))) (ADVP (RB originally)) (PP (IN for) (NP (NP (NN hypertension)) (CC and) (NP (DT a) (JJ med) (NN check)))))))))) (. .))))</ParseTree></Sentence><Sentence id="4" offset="1865:1885"><Text>Romberg is negative.</Text><Tokens Count="4"><Token POSTag="NN" globalID="358" id="0" offset="1865:1872"><Text>Romberg</Text></Token><Token POSTag="VBZ" globalID="359" id="1" offset="1873:1875"><Text>is</Text></Token><Token POSTag="JJ" globalID="360" id="2" offset="1876:1884"><Text>negative</Text></Token><Token POSTag="." globalID="361" id="3" offset="1884:1885"><Text>.</Text></Token></Tokens><ParseTree>(S1 (S (NP (NP (NN SUBJECTIVE)) (: :) (S (NP (DT The) (NN patient)) (VP (VBZ is) (NP (NP (DT a) (JJ 76-year-old) (JJ white) (NN female)) (SBAR (WHNP (WP who)) (S (VP (VBZ presents) (PP (TO to) (NP (DT the) (NN clinic) (NN today))) (ADVP (RB originally)) (PP (IN for) (NP (NP (NN hypertension)) (CC and) (NP (DT a) (JJ med) (NN check)))))))))) (. .))))</ParseTree></Sentence><Sentence id="5" offset="1886:1963"><Text>There is no numbness, tingling, weakness or other neurologic deficit present.</Text><Tokens Count="14"><Token POSTag="EX" globalID="362" id="0" offset="1886:1891"><Text>There</Text></Token><Token POSTag="VBZ" globalID="363" id="1" offset="1892:1894"><Text>is</Text></Token><Token POSTag="DT" globalID="364" id="2" offset="1895:1897"><Text>no</Text></Token><Token POSTag="NN" globalID="365" id="3" offset="1898:1906"><Text>numbness</Text><METAMAP>[sosy]</METAMAP></Token><Token POSTag="," globalID="366" id="4" offset="1906:1907"><Text>,</Text></Token><Token POSTag="NN" globalID="367" id="5" offset="1908:1916"><Text>tingling</Text><METAMAP>[sosy]</METAMAP></Token><Token POSTag="," globalID="368" id="6" offset="1916:1917"><Text>,</Text></Token><Token POSTag="NN" globalID="369" id="7" offset="1918:1926"><Text>weakness</Text><METAMAP>[sosy]</METAMAP></Token><Token POSTag="CC" globalID="370" id="8" offset="1927:1929"><Text>or</Text></Token><Token POSTag="JJ" globalID="371" id="9" offset="1930:1935"><Text>other</Text></Token><Token POSTag="JJ" globalID="372" id="10" offset="1936:1946"><Text>neurologic</Text></Token><Token POSTag="NN" globalID="373" id="11" offset="1947:1954"><Text>deficit</Text></Token><Token POSTag="NN" globalID="374" id="12" offset="1955:1962"><Text>present</Text></Token><Token POSTag="." globalID="375" id="13" offset="1962:1963"><Text>.</Text></Token></Tokens><ParseTree>(S1 (S (NP (NP (NN SUBJECTIVE)) (: :) (S (NP (DT The) (NN patient)) (VP (VBZ is) (NP (NP (DT a) (JJ 76-year-old) (JJ white) (NN female)) (SBAR (WHNP (WP who)) (S (VP (VBZ presents) (PP (TO to) (NP (DT the) (NN clinic) (NN today))) (ADVP (RB originally)) (PP (IN for) (NP (NP (NN hypertension)) (CC and) (NP (DT a) (JJ med) (NN check)))))))))) (. .))))</ParseTree></Sentence></Sentences></Paragraph><Paragraph id="15"><Sentences Count="1"><Sentence id="0" offset="1964:2064"><Text>BREASTS: Surgically absent but there are no lumps, lesions, masses, discharge or adenopathy present.</Text><Tokens Count="19"><Token POSTag="NNS" globalID="376" id="0" offset="1964:1971"><Text>BREASTS</Text></Token><Token POSTag=":" globalID="377" id="1" offset="1971:1972"><Text>:</Text></Token><Token POSTag="RB" globalID="378" id="2" offset="1973:1983"><Text>Surgically</Text></Token><Token POSTag="JJ" globalID="379" id="3" offset="1984:1990"><Text>absent</Text></Token><Token POSTag="CC" globalID="380" id="4" offset="1991:1994"><Text>but</Text></Token><Token POSTag="EX" globalID="381" id="5" offset="1995:2000"><Text>there</Text></Token><Token POSTag="VBP" globalID="382" id="6" offset="2001:2004"><Text>are</Text></Token><Token POSTag="DT" globalID="383" id="7" offset="2005:2007"><Text>no</Text></Token><Token POSTag="NNS" globalID="384" id="8" offset="2008:2013"><Text>lumps</Text></Token><Token POSTag="," globalID="385" id="9" offset="2013:2014"><Text>,</Text></Token><Token POSTag="NNS" globalID="386" id="10" offset="2015:2022"><Text>lesions</Text></Token><Token POSTag="," globalID="387" id="11" offset="2022:2023"><Text>,</Text></Token><Token POSTag="NNS" globalID="388" id="12" offset="2024:2030"><Text>masses</Text><METAMAP>[sosy]</METAMAP></Token><Token POSTag="," globalID="389" id="13" offset="2030:2031"><Text>,</Text></Token><Token POSTag="NN" globalID="390" id="14" offset="2032:2041"><Text>discharge</Text></Token><Token POSTag="CC" globalID="391" id="15" offset="2042:2044"><Text>or</Text></Token><Token POSTag="JJ" globalID="392" id="16" offset="2045:2055"><Text>adenopathy</Text></Token><Token POSTag="NN" globalID="393" id="17" offset="2056:2063"><Text>present</Text></Token><Token POSTag="." globalID="394" id="18" offset="2063:2064"><Text>.</Text></Token></Tokens><ParseTree>(S1 (S (NP (NP (NN SUBJECTIVE)) (: :) (S (NP (DT The) (NN patient)) (VP (VBZ is) (NP (NP (DT a) (JJ 76-year-old) (JJ white) (NN female)) (SBAR (WHNP (WP who)) (S (VP (VBZ presents) (PP (TO to) (NP (DT the) (NN clinic) (NN today))) (ADVP (RB originally)) (PP (IN for) (NP (NP (NN hypertension)) (CC and) (NP (DT a) (JJ med) (NN check)))))))))) (. .))))</ParseTree></Sentence></Sentences></Paragraph><Paragraph id="16"><Sentences Count="1"><Sentence id="0" offset="2065:2080"><Text>BACK: Straight.</Text><Tokens Count="4"><Token POSTag="RB" globalID="395" id="0" offset="2065:2069"><Text>BACK</Text></Token><Token POSTag=":" globalID="396" id="1" offset="2069:2070"><Text>:</Text></Token><Token POSTag="NN" globalID="397" id="2" offset="2071:2079"><Text>Straight</Text></Token><Token POSTag="." globalID="398" id="3" offset="2079:2080"><Text>.</Text></Token></Tokens><ParseTree>(S1 (S (NP (NP (NN SUBJECTIVE)) (: :) (S (NP (DT The) (NN patient)) (VP (VBZ is) (NP (NP (DT a) (JJ 76-year-old) (JJ white) (NN female)) (SBAR (WHNP (WP who)) (S (VP (VBZ presents) (PP (TO to) (NP (DT the) (NN clinic) (NN today))) (ADVP (RB originally)) (PP (IN for) (NP (NP (NN hypertension)) (CC and) (NP (DT a) (JJ med) (NN check)))))))))) (. .))))</ParseTree></Sentence></Sentences></Paragraph><Paragraph id="17"><Sentences Count="1"><Sentence id="0" offset="2081:2093"><Text>SKIN: Clear.</Text><Tokens Count="4"><Token POSTag="NN" globalID="399" id="0" offset="2081:2085"><Text>SKIN</Text></Token><Token POSTag=":" globalID="400" id="1" offset="2085:2086"><Text>:</Text></Token><Token POSTag="JJ" globalID="401" id="2" offset="2087:2092"><Text>Clear</Text></Token><Token POSTag="." globalID="402" id="3" offset="2092:2093"><Text>.</Text></Token></Tokens><ParseTree>(S1 (S (NP (NP (NN SUBJECTIVE)) (: :) (S (NP (DT The) (NN patient)) (VP (VBZ is) (NP (NP (DT a) (JJ 76-year-old) (JJ white) (NN female)) (SBAR (WHNP (WP who)) (S (VP (VBZ presents) (PP (TO to) (NP (DT the) (NN clinic) (NN today))) (ADVP (RB originally)) (PP (IN for) (NP (NP (NN hypertension)) (CC and) (NP (DT a) (JJ med) (NN check)))))))))) (. .))))</ParseTree></Sentence></Sentences></Paragraph><Paragraph id="18"><Sentences Count="2"><Sentence id="0" offset="2094:2171"><Text>GENITALIA: Deferred as she has been followed by Dr. XYZ many times this year.</Text><Tokens Count="16"><Token POSTag="NN" globalID="403" id="0" offset="2094:2103"><Text>GENITALIA</Text></Token><Token POSTag=":" globalID="404" id="1" offset="2103:2104"><Text>:</Text></Token><Token POSTag="JJ" globalID="405" id="2" offset="2105:2113"><Text>Deferred</Text></Token><Token POSTag="IN" globalID="406" id="3" offset="2114:2116"><Text>as</Text></Token><Token POSTag="PRP" globalID="407" id="4" offset="2117:2120"><Text>she</Text></Token><Token POSTag="VBZ" globalID="408" id="5" offset="2121:2124"><Text>has</Text></Token><Token POSTag="VBN" globalID="409" id="6" offset="2125:2129"><Text>been</Text></Token><Token POSTag="VBN" globalID="410" id="7" offset="2130:2138"><Text>followed</Text></Token><Token POSTag="IN" globalID="411" id="8" offset="2139:2141"><Text>by</Text></Token><Token POSTag="NNP" globalID="412" id="9" offset="2142:2145"><Text>Dr.</Text></Token><Token POSTag="NNP" globalID="413" id="10" offset="2146:2149"><Text>XYZ</Text></Token><Token POSTag="JJ" globalID="414" id="11" offset="2150:2154"><Text>many</Text></Token><Token POSTag="NNS" globalID="415" id="12" offset="2155:2160"><Text>times</Text></Token><Token POSTag="DT" globalID="416" id="13" offset="2161:2165"><Text>this</Text></Token><Token POSTag="NN" globalID="417" id="14" offset="2166:2170"><Text>year</Text></Token><Token POSTag="." globalID="418" id="15" offset="2170:2171"><Text>.</Text></Token></Tokens><ParseTree>(S1 (S (NP (NP (NN SUBJECTIVE)) (: :) (S (NP (DT The) (NN patient)) (VP (VBZ is) (NP (NP (DT a) (JJ 76-year-old) (JJ white) (NN female)) (SBAR (WHNP (WP who)) (S (VP (VBZ presents) (PP (TO to) (NP (DT the) (NN clinic) (NN today))) (ADVP (RB originally)) (PP (IN for) (NP (NP (NN hypertension)) (CC and) (NP (DT a) (JJ med) (NN check)))))))))) (. .))))</ParseTree></Sentence><Sentence id="1" offset="2172:2225"><Text>She does have a history of some elevated cholesterol.</Text><Tokens Count="10"><Token POSTag="PRP" globalID="419" id="0" offset="2172:2175"><Text>She</Text></Token><Token POSTag="VBZ" globalID="420" id="1" offset="2176:2180"><Text>does</Text></Token><Token POSTag="VBP" globalID="421" id="2" offset="2181:2185"><Text>have</Text></Token><Token POSTag="DT" globalID="422" id="3" offset="2182:2183"><Text>a</Text></Token><Token POSTag="NN" globalID="423" id="4" offset="2188:2195"><Text>history</Text></Token><Token POSTag="IN" globalID="424" id="5" offset="2196:2198"><Text>of</Text></Token><Token POSTag="DT" globalID="425" id="6" offset="2199:2203"><Text>some</Text></Token><Token POSTag="JJ" globalID="426" id="7" offset="2204:2212"><Text>elevated</Text><METAMAP>[dsyn]</METAMAP></Token><Token POSTag="NN" globalID="427" id="8" offset="2213:2224"><Text>cholesterol</Text><METAMAP>[dsyn]</METAMAP></Token><Token POSTag="." globalID="428" id="9" offset="2224:2225"><Text>.</Text></Token></Tokens><ParseTree>(S1 (S (NP (NP (NN SUBJECTIVE)) (: :) (S (NP (DT The) (NN patient)) (VP (VBZ is) (NP (NP (DT a) (JJ 76-year-old) (JJ white) (NN female)) (SBAR (WHNP (WP who)) (S (VP (VBZ presents) (PP (TO to) (NP (DT the) (NN clinic) (NN today))) (ADVP (RB originally)) (PP (IN for) (NP (NP (NN hypertension)) (CC and) (NP (DT a) (JJ med) (NN check)))))))))) (. .))))</ParseTree></Sentence></Sentences></Paragraph><Paragraph id="19"><Sentences Count="1"><Sentence id="0" offset="2227:2238"><Text>ASSESSMENT:</Text><Tokens Count="2"><Token POSTag="NN" globalID="429" id="0" offset="2227:2237"><Text>ASSESSMENT</Text></Token><Token POSTag=":" globalID="430" id="1" offset="2237:2238"><Text>:</Text></Token></Tokens><ParseTree>(S1 (S (NP (NP (NN SUBJECTIVE)) (: :) (S (NP (DT The) (NN patient)) (VP (VBZ is) (NP (NP (DT a) (JJ 76-year-old) (JJ white) (NN female)) (SBAR (WHNP (WP who)) (S (VP (VBZ presents) (PP (TO to) (NP (DT the) (NN clinic) (NN today))) (ADVP (RB originally)) (PP (IN for) (NP (NP (NN hypertension)) (CC and) (NP (DT a) (JJ med) (NN check)))))))))) (. .))))</ParseTree></Sentence></Sentences></Paragraph><Paragraph id="20"><Sentences Count="2"><Sentence id="0" offset="2239:2241"><Text>1.</Text><Tokens Count="2"><Token POSTag="CD" globalID="431" id="0" offset="2239:2240"><Text>1</Text></Token><Token POSTag="." globalID="432" id="1" offset="2240:2241"><Text>.</Text></Token></Tokens><ParseTree>(S1 (S (NP (NP (NN SUBJECTIVE)) (: :) (S (NP (DT The) (NN patient)) (VP (VBZ is) (NP (NP (DT a) (JJ 76-year-old) (JJ white) (NN female)) (SBAR (WHNP (WP who)) (S (VP (VBZ presents) (PP (TO to) (NP (DT the) (NN clinic) (NN today))) (ADVP (RB originally)) (PP (IN for) (NP (NP (NN hypertension)) (CC and) (NP (DT a) (JJ med) (NN check)))))))))) (. .))))</ParseTree></Sentence><Sentence id="1" offset="2242:2275"><Text>Hypertension, suboptimal control.</Text><Tokens Count="5"><Token POSTag="NN" globalID="433" id="0" offset="2242:2254"><Text>Hypertension</Text></Token><Token POSTag="," globalID="434" id="1" offset="2254:2255"><Text>,</Text></Token><Token POSTag="JJ" globalID="435" id="2" offset="2256:2266"><Text>suboptimal</Text></Token><Token POSTag="NN" globalID="436" id="3" offset="2267:2274"><Text>control</Text></Token><Token POSTag="." globalID="437" id="4" offset="2274:2275"><Text>.</Text></Token></Tokens><ParseTree>(S1 (S (NP (NP (NN SUBJECTIVE)) (: :) (S (NP (DT The) (NN patient)) (VP (VBZ is) (NP (NP (DT a) (JJ 76-year-old) (JJ white) (NN female)) (SBAR (WHNP (WP who)) (S (VP (VBZ presents) (PP (TO to) (NP (DT the) (NN clinic) (NN today))) (ADVP (RB originally)) (PP (IN for) (NP (NP (NN hypertension)) (CC and) (NP (DT a) (JJ med) (NN check)))))))))) (. .))))</ParseTree></Sentence></Sentences></Paragraph><Paragraph id="21"><Sentences Count="2"><Sentence id="0" offset="2276:2278"><Text>2.</Text><Tokens Count="2"><Token POSTag="CD" globalID="438" id="0" offset="2276:2277"><Text>2</Text></Token><Token POSTag="." globalID="439" id="1" offset="2277:2278"><Text>.</Text></Token></Tokens><ParseTree>(S1 (S (NP (NP (NN SUBJECTIVE)) (: :) (S (NP (DT The) (NN patient)) (VP (VBZ is) (NP (NP (DT a) (JJ 76-year-old) (JJ white) (NN female)) (SBAR (WHNP (WP who)) (S (VP (VBZ presents) (PP (TO to) (NP (DT the) (NN clinic) (NN today))) (ADVP (RB originally)) (PP (IN for) (NP (NP (NN hypertension)) (CC and) (NP (DT a) (JJ med) (NN check)))))))))) (. .))))</ParseTree></Sentence><Sentence id="1" offset="2279:2294"><Text>Hypothyroidism.</Text><Tokens Count="2"><Token POSTag="NN" globalID="440" id="0" offset="2279:2293"><Text>Hypothyroidism</Text><METAMAP>[dsyn]</METAMAP></Token><Token POSTag="." globalID="441" id="1" offset="2293:2294"><Text>.</Text></Token></Tokens><ParseTree>(S1 (S (NP (NP (NN SUBJECTIVE)) (: :) (S (NP (DT The) (NN patient)) (VP (VBZ is) (NP (NP (DT a) (JJ 76-year-old) (JJ white) (NN female)) (SBAR (WHNP (WP who)) (S (VP (VBZ presents) (PP (TO to) (NP (DT the) (NN clinic) (NN today))) (ADVP (RB originally)) (PP (IN for) (NP (NP (NN hypertension)) (CC and) (NP (DT a) (JJ med) (NN check)))))))))) (. .))))</ParseTree></Sentence></Sentences></Paragraph><Paragraph id="22"><Sentences Count="2"><Sentence id="0" offset="2295:2297"><Text>3.</Text><Tokens Count="2"><Token POSTag="CD" globalID="442" id="0" offset="2295:2296"><Text>3</Text></Token><Token POSTag="." globalID="443" id="1" offset="2296:2297"><Text>.</Text></Token></Tokens><ParseTree>(S1 (S (NP (NP (NN SUBJECTIVE)) (: :) (S (NP (DT The) (NN patient)) (VP (VBZ is) (NP (NP (DT a) (JJ 76-year-old) (JJ white) (NN female)) (SBAR (WHNP (WP who)) (S (VP (VBZ presents) (PP (TO to) (NP (DT the) (NN clinic) (NN today))) (ADVP (RB originally)) (PP (IN for) (NP (NP (NN hypertension)) (CC and) (NP (DT a) (JJ med) (NN check)))))))))) (. .))))</ParseTree></Sentence><Sentence id="1" offset="2298:2308"><Text>Arthritis.</Text><Tokens Count="2"><Token POSTag="NN" globalID="444" id="0" offset="2298:2307"><Text>Arthritis</Text><METAMAP>[dsyn]</METAMAP></Token><Token POSTag="." globalID="445" id="1" offset="2307:2308"><Text>.</Text></Token></Tokens><ParseTree>(S1 (S (NP (NP (NN SUBJECTIVE)) (: :) (S (NP (DT The) (NN patient)) (VP (VBZ is) (NP (NP (DT a) (JJ 76-year-old) (JJ white) (NN female)) (SBAR (WHNP (WP who)) (S (VP (VBZ presents) (PP (TO to) (NP (DT the) (NN clinic) (NN today))) (ADVP (RB originally)) (PP (IN for) (NP (NP (NN hypertension)) (CC and) (NP (DT a) (JJ med) (NN check)))))))))) (. .))))</ParseTree></Sentence></Sentences></Paragraph><Paragraph id="23"><Sentences Count="2"><Sentence id="0" offset="2309:2311"><Text>4.</Text><Tokens Count="2"><Token POSTag="CD" globalID="446" id="0" offset="2309:2310"><Text>4</Text></Token><Token POSTag="." globalID="447" id="1" offset="2310:2311"><Text>.</Text></Token></Tokens><ParseTree>(S1 (S (NP (NP (NN SUBJECTIVE)) (: :) (S (NP (DT The) (NN patient)) (VP (VBZ is) (NP (NP (DT a) (JJ 76-year-old) (JJ white) (NN female)) (SBAR (WHNP (WP who)) (S (VP (VBZ presents) (PP (TO to) (NP (DT the) (NN clinic) (NN today))) (ADVP (RB originally)) (PP (IN for) (NP (NP (NN hypertension)) (CC and) (NP (DT a) (JJ med) (NN check)))))))))) (. .))))</ParseTree></Sentence><Sentence id="1" offset="2312:2330"><Text>Allergic rhinitis.</Text><Tokens Count="3"><Token POSTag="JJ" globalID="448" id="0" offset="2312:2320"><Text>Allergic</Text><METAMAP>[dsyn]</METAMAP></Token><Token POSTag="NN" globalID="449" id="1" offset="2321:2329"><Text>rhinitis</Text><METAMAP>[dsyn]</METAMAP></Token><Token POSTag="." globalID="450" id="2" offset="2329:2330"><Text>.</Text></Token></Tokens><ParseTree>(S1 (S (NP (NP (NN SUBJECTIVE)) (: :) (S (NP (DT The) (NN patient)) (VP (VBZ is) (NP (NP (DT a) (JJ 76-year-old) (JJ white) (NN female)) (SBAR (WHNP (WP who)) (S (VP (VBZ presents) (PP (TO to) (NP (DT the) (NN clinic) (NN today))) (ADVP (RB originally)) (PP (IN for) (NP (NP (NN hypertension)) (CC and) (NP (DT a) (JJ med) (NN check)))))))))) (. .))))</ParseTree></Sentence></Sentences></Paragraph><Paragraph id="24"><Sentences Count="2"><Sentence id="0" offset="2331:2333"><Text>5.</Text><Tokens Count="2"><Token POSTag="CD" globalID="451" id="0" offset="2331:2332"><Text>5</Text></Token><Token POSTag="." globalID="452" id="1" offset="2332:2333"><Text>.</Text></Token></Tokens><ParseTree>(S1 (S (NP (NP (NN SUBJECTIVE)) (: :) (S (NP (DT The) (NN patient)) (VP (VBZ is) (NP (NP (DT a) (JJ 76-year-old) (JJ white) (NN female)) (SBAR (WHNP (WP who)) (S (VP (VBZ presents) (PP (TO to) (NP (DT the) (NN clinic) (NN today))) (ADVP (RB originally)) (PP (IN for) (NP (NP (NN hypertension)) (CC and) (NP (DT a) (JJ med) (NN check)))))))))) (. .))))</ParseTree></Sentence><Sentence id="1" offset="2334:2359"><Text>History of kidney stones.</Text><Tokens Count="5"><Token POSTag="NN" globalID="453" id="0" offset="2334:2341"><Text>History</Text></Token><Token POSTag="IN" globalID="454" id="1" offset="2342:2344"><Text>of</Text></Token><Token POSTag="NN" globalID="455" id="2" offset="2345:2351"><Text>kidney</Text></Token><Token POSTag="NNS" globalID="456" id="3" offset="2352:2358"><Text>stones</Text></Token><Token POSTag="." globalID="457" id="4" offset="2358:2359"><Text>.</Text></Token></Tokens><ParseTree>(S1 (S (NP (NP (NN SUBJECTIVE)) (: :) (S (NP (DT The) (NN patient)) (VP (VBZ is) (NP (NP (DT a) (JJ 76-year-old) (JJ white) (NN female)) (SBAR (WHNP (WP who)) (S (VP (VBZ presents) (PP (TO to) (NP (DT the) (NN clinic) (NN today))) (ADVP (RB originally)) (PP (IN for) (NP (NP (NN hypertension)) (CC and) (NP (DT a) (JJ med) (NN check)))))))))) (. .))))</ParseTree></Sentence></Sentences></Paragraph><Paragraph id="25"><Sentences Count="2"><Sentence id="0" offset="2360:2362"><Text>6.</Text><Tokens Count="2"><Token POSTag="CD" globalID="458" id="0" offset="2360:2361"><Text>6</Text></Token><Token POSTag="." globalID="459" id="1" offset="2361:2362"><Text>.</Text></Token></Tokens><ParseTree>(S1 (S (NP (NP (NN SUBJECTIVE)) (: :) (S (NP (DT The) (NN patient)) (VP (VBZ is) (NP (NP (DT a) (JJ 76-year-old) (JJ white) (NN female)) (SBAR (WHNP (WP who)) (S (VP (VBZ presents) (PP (TO to) (NP (DT the) (NN clinic) (NN today))) (ADVP (RB originally)) (PP (IN for) (NP (NP (NN hypertension)) (CC and) (NP (DT a) (JJ med) (NN check)))))))))) (. .))))</ParseTree></Sentence><Sentence id="1" offset="2363:2376"><Text>Osteoporosis.</Text><Tokens Count="2"><Token POSTag="NN" globalID="460" id="0" offset="2363:2375"><Text>Osteoporosis</Text></Token><Token POSTag="." globalID="461" id="1" offset="2375:2376"><Text>.</Text></Token></Tokens><ParseTree>(S1 (S (NP (NP (NN SUBJECTIVE)) (: :) (S (NP (DT The) (NN patient)) (VP (VBZ is) (NP (NP (DT a) (JJ 76-year-old) (JJ white) (NN female)) (SBAR (WHNP (WP who)) (S (VP (VBZ presents) (PP (TO to) (NP (DT the) (NN clinic) (NN today))) (ADVP (RB originally)) (PP (IN for) (NP (NP (NN hypertension)) (CC and) (NP (DT a) (JJ med) (NN check)))))))))) (. .))))</ParseTree></Sentence></Sentences></Paragraph><Paragraph id="26"><Sentences Count="1"><Sentence id="0" offset="2378:2383"><Text>PLAN:</Text><Tokens Count="2"><Token POSTag="NN" globalID="462" id="0" offset="2378:2382"><Text>PLAN</Text></Token><Token POSTag=":" globalID="463" id="1" offset="2382:2383"><Text>:</Text></Token></Tokens><ParseTree>(S1 (S (NP (NP (NN SUBJECTIVE)) (: :) (S (NP (DT The) (NN patient)) (VP (VBZ is) (NP (NP (DT a) (JJ 76-year-old) (JJ white) (NN female)) (SBAR (WHNP (WP who)) (S (VP (VBZ presents) (PP (TO to) (NP (DT the) (NN clinic) (NN today))) (ADVP (RB originally)) (PP (IN for) (NP (NP (NN hypertension)) (CC and) (NP (DT a) (JJ med) (NN check)))))))))) (. .))))</ParseTree></Sentence></Sentences></Paragraph><Paragraph id="27"><Sentences Count="2"><Sentence id="0" offset="2384:2386"><Text>1.</Text><Tokens Count="2"><Token POSTag="CD" globalID="464" id="0" offset="2384:2385"><Text>1</Text></Token><Token POSTag="." globalID="465" id="1" offset="2385:2386"><Text>.</Text></Token></Tokens><ParseTree>(S1 (S (NP (NP (NN SUBJECTIVE)) (: :) (S (NP (DT The) (NN patient)) (VP (VBZ is) (NP (NP (DT a) (JJ 76-year-old) (JJ white) (NN female)) (SBAR (WHNP (WP who)) (S (VP (VBZ presents) (PP (TO to) (NP (DT the) (NN clinic) (NN today))) (ADVP (RB originally)) (PP (IN for) (NP (NP (NN hypertension)) (CC and) (NP (DT a) (JJ med) (NN check)))))))))) (. .))))</ParseTree></Sentence><Sentence id="1" offset="2387:2440"><Text>CBC, complete metabolic profile, UA for hypertension.</Text><Tokens Count="10"><Token POSTag="NN" globalID="466" id="0" offset="2387:2390"><Text>CBC</Text></Token><Token POSTag="," globalID="467" id="1" offset="2390:2391"><Text>,</Text></Token><Token POSTag="JJ" globalID="468" id="2" offset="2392:2400"><Text>complete</Text></Token><Token POSTag="JJ" globalID="469" id="3" offset="2401:2410"><Text>metabolic</Text></Token><Token POSTag="NN" globalID="470" id="4" offset="2411:2418"><Text>profile</Text></Token><Token POSTag="," globalID="471" id="5" offset="2418:2419"><Text>,</Text></Token><Token POSTag="NN" globalID="472" id="6" offset="2420:2422"><Text>UA</Text></Token><Token POSTag="IN" globalID="473" id="7" offset="2423:2426"><Text>for</Text></Token><Token POSTag="NN" globalID="474" id="8" offset="2427:2439"><Text>hypertension</Text><METAMAP>[dsyn]</METAMAP></Token><Token POSTag="." globalID="475" id="9" offset="2439:2440"><Text>.</Text></Token></Tokens><ParseTree>(S1 (S (NP (NP (NN SUBJECTIVE)) (: :) (S (NP (DT The) (NN patient)) (VP (VBZ is) (NP (NP (DT a) (JJ 76-year-old) (JJ white) (NN female)) (SBAR (WHNP (WP who)) (S (VP (VBZ presents) (PP (TO to) (NP (DT the) (NN clinic) (NN today))) (ADVP (RB originally)) (PP (IN for) (NP (NP (NN hypertension)) (CC and) (NP (DT a) (JJ med) (NN check)))))))))) (. .))))</ParseTree></Sentence></Sentences></Paragraph><Paragraph id="28"><Sentences Count="2"><Sentence id="0" offset="2441:2443"><Text>2.</Text><Tokens Count="2"><Token POSTag="CD" globalID="476" id="0" offset="2441:2442"><Text>2</Text></Token><Token POSTag="." globalID="477" id="1" offset="2442:2443"><Text>.</Text></Token></Tokens><ParseTree>(S1 (S (NP (NP (NN SUBJECTIVE)) (: :) (S (NP (DT The) (NN patient)) (VP (VBZ is) (NP (NP (DT a) (JJ 76-year-old) (JJ white) (NN female)) (SBAR (WHNP (WP who)) (S (VP (VBZ presents) (PP (TO to) (NP (DT the) (NN clinic) (NN today))) (ADVP (RB originally)) (PP (IN for) (NP (NP (NN hypertension)) (CC and) (NP (DT a) (JJ med) (NN check)))))))))) (. .))))</ParseTree></Sentence><Sentence id="1" offset="2444:2485"><Text>Chest x-ray for history of breast cancer.</Text><Tokens Count="8"><Token POSTag="NN" globalID="478" id="0" offset="2444:2449"><Text>Chest</Text></Token><Token POSTag="NN" globalID="479" id="1" offset="2450:2455"><Text>x-ray</Text></Token><Token POSTag="IN" globalID="480" id="2" offset="2456:2459"><Text>for</Text></Token><Token POSTag="NN" globalID="481" id="3" offset="2460:2467"><Text>history</Text></Token><Token POSTag="IN" globalID="482" id="4" offset="2468:2470"><Text>of</Text></Token><Token POSTag="NN" globalID="483" id="5" offset="2471:2477"><Text>breast</Text></Token><Token POSTag="NN" globalID="484" id="6" offset="2478:2484"><Text>cancer</Text></Token><Token POSTag="." globalID="485" id="7" offset="2484:2485"><Text>.</Text></Token></Tokens><ParseTree>(S1 (S (NP (NP (NN SUBJECTIVE)) (: :) (S (NP (DT The) (NN patient)) (VP (VBZ is) (NP (NP (DT a) (JJ 76-year-old) (JJ white) (NN female)) (SBAR (WHNP (WP who)) (S (VP (VBZ presents) (PP (TO to) (NP (DT the) (NN clinic) (NN today))) (ADVP (RB originally)) (PP (IN for) (NP (NP (NN hypertension)) (CC and) (NP (DT a) (JJ med) (NN check)))))))))) (. .))))</ParseTree></Sentence></Sentences></Paragraph><Paragraph id="29"><Sentences Count="2"><Sentence id="0" offset="2486:2488"><Text>3.</Text><Tokens Count="2"><Token POSTag="CD" globalID="486" id="0" offset="2486:2487"><Text>3</Text></Token><Token POSTag="." globalID="487" id="1" offset="2487:2488"><Text>.</Text></Token></Tokens><ParseTree>(S1 (S (NP (NP (NN SUBJECTIVE)) (: :) (S (NP (DT The) (NN patient)) (VP (VBZ is) (NP (NP (DT a) (JJ 76-year-old) (JJ white) (NN female)) (SBAR (WHNP (WP who)) (S (VP (VBZ presents) (PP (TO to) (NP (DT the) (NN clinic) (NN today))) (ADVP (RB originally)) (PP (IN for) (NP (NP (NN hypertension)) (CC and) (NP (DT a) (JJ med) (NN check)))))))))) (. .))))</ParseTree></Sentence><Sentence id="1" offset="2489:2527"><Text>DEXA scan, full body for osteoporosis.</Text><Tokens Count="8"><Token POSTag="VBG" globalID="488" id="0" offset="2489:2493"><Text>DEXA</Text></Token><Token POSTag="VB" globalID="489" id="1" offset="2494:2498"><Text>scan</Text></Token><Token POSTag="," globalID="490" id="2" offset="2498:2499"><Text>,</Text></Token><Token POSTag="JJ" globalID="491" id="3" offset="2500:2504"><Text>full</Text></Token><Token POSTag="NN" globalID="492" id="4" offset="2505:2509"><Text>body</Text></Token><Token POSTag="IN" globalID="493" id="5" offset="2510:2513"><Text>for</Text></Token><Token POSTag="NN" globalID="494" id="6" offset="2514:2526"><Text>osteoporosis</Text><METAMAP>[dsyn]</METAMAP></Token><Token POSTag="." globalID="495" id="7" offset="2526:2527"><Text>.</Text></Token></Tokens><ParseTree>(S1 (S (NP (NP (NN SUBJECTIVE)) (: :) (S (NP (DT The) (NN patient)) (VP (VBZ is) (NP (NP (DT a) (JJ 76-year-old) (JJ white) (NN female)) (SBAR (WHNP (WP who)) (S (VP (VBZ presents) (PP (TO to) (NP (DT the) (NN clinic) (NN today))) (ADVP (RB originally)) (PP (IN for) (NP (NP (NN hypertension)) (CC and) (NP (DT a) (JJ med) (NN check)))))))))) (. .))))</ParseTree></Sentence></Sentences></Paragraph><Paragraph id="30"><Sentences Count="2"><Sentence id="0" offset="2528:2530"><Text>4.</Text><Tokens Count="2"><Token POSTag="CD" globalID="496" id="0" offset="2528:2529"><Text>4</Text></Token><Token POSTag="." globalID="497" id="1" offset="2529:2530"><Text>.</Text></Token></Tokens><ParseTree>(S1 (S (NP (NP (NN SUBJECTIVE)) (: :) (S (NP (DT The) (NN patient)) (VP (VBZ is) (NP (NP (DT a) (JJ 76-year-old) (JJ white) (NN female)) (SBAR (WHNP (WP who)) (S (VP (VBZ presents) (PP (TO to) (NP (DT the) (NN clinic) (NN today))) (ADVP (RB originally)) (PP (IN for) (NP (NP (NN hypertension)) (CC and) (NP (DT a) (JJ med) (NN check)))))))))) (. .))))</ParseTree></Sentence><Sentence id="1" offset="2531:2550"><Text>Flex is up to date.</Text><Tokens Count="6"><Token POSTag="NN" globalID="498" id="0" offset="2531:2535"><Text>Flex</Text></Token><Token POSTag="VBZ" globalID="499" id="1" offset="2536:2538"><Text>is</Text></Token><Token POSTag="NN" globalID="500" id="2" offset="2539:2541"><Text>up</Text></Token><Token POSTag="TO" globalID="501" id="3" offset="2542:2544"><Text>to</Text></Token><Token POSTag="NN" globalID="502" id="4" offset="2545:2549"><Text>date</Text></Token><Token POSTag="." globalID="503" id="5" offset="2549:2550"><Text>.</Text></Token></Tokens><ParseTree>(S1 (S (NP (NP (NN SUBJECTIVE)) (: :) (S (NP (DT The) (NN patient)) (VP (VBZ is) (NP (NP (DT a) (JJ 76-year-old) (JJ white) (NN female)) (SBAR (WHNP (WP who)) (S (VP (VBZ presents) (PP (TO to) (NP (DT the) (NN clinic) (NN today))) (ADVP (RB originally)) (PP (IN for) (NP (NP (NN hypertension)) (CC and) (NP (DT a) (JJ med) (NN check)))))))))) (. .))))</ParseTree></Sentence></Sentences></Paragraph><Paragraph id="31"><Sentences Count="2"><Sentence id="0" offset="2551:2553"><Text>5.</Text><Tokens Count="2"><Token POSTag="CD" globalID="504" id="0" offset="2551:2552"><Text>5</Text></Token><Token POSTag="." globalID="505" id="1" offset="2552:2553"><Text>.</Text></Token></Tokens><ParseTree>(S1 (S (NP (NP (NN SUBJECTIVE)) (: :) (S (NP (DT The) (NN patient)) (VP (VBZ is) (NP (NP (DT a) (JJ 76-year-old) (JJ white) (NN female)) (SBAR (WHNP (WP who)) (S (VP (VBZ presents) (PP (TO to) (NP (DT the) (NN clinic) (NN today))) (ADVP (RB originally)) (PP (IN for) (NP (NP (NN hypertension)) (CC and) (NP (DT a) (JJ med) (NN check)))))))))) (. .))))</ParseTree></Sentence><Sentence id="1" offset="2554:2602"><Text>Pneumovax has been given in the last five years.</Text><Tokens Count="10"><Token POSTag="NN" globalID="506" id="0" offset="2554:2563"><Text>Pneumovax</Text></Token><Token POSTag="VBZ" globalID="507" id="1" offset="2564:2567"><Text>has</Text></Token><Token POSTag="VBN" globalID="508" id="2" offset="2568:2572"><Text>been</Text></Token><Token POSTag="VBN" globalID="509" id="3" offset="2573:2578"><Text>given</Text></Token><Token POSTag="IN" globalID="510" id="4" offset="2579:2581"><Text>in</Text></Token><Token POSTag="DT" globalID="511" id="5" offset="2582:2585"><Text>the</Text></Token><Token POSTag="JJ" globalID="512" id="6" offset="2586:2590"><Text>last</Text></Token><Token POSTag="CD" globalID="513" id="7" offset="2591:2595"><Text>five</Text></Token><Token POSTag="NNS" globalID="514" id="8" offset="2596:2601"><Text>years</Text></Token><Token POSTag="." globalID="515" id="9" offset="2601:2602"><Text>.</Text></Token></Tokens><ParseTree>(S1 (S (NP (NP (NN SUBJECTIVE)) (: :) (S (NP (DT The) (NN patient)) (VP (VBZ is) (NP (NP (DT a) (JJ 76-year-old) (JJ white) (NN female)) (SBAR (WHNP (WP who)) (S (VP (VBZ presents) (PP (TO to) (NP (DT the) (NN clinic) (NN today))) (ADVP (RB originally)) (PP (IN for) (NP (NP (NN hypertension)) (CC and) (NP (DT a) (JJ med) (NN check)))))))))) (. .))))</ParseTree></Sentence></Sentences></Paragraph><Paragraph id="32"><Sentences Count="2"><Sentence id="0" offset="2603:2605"><Text>6.</Text><Tokens Count="2"><Token POSTag="CD" globalID="516" id="0" offset="2603:2604"><Text>6</Text></Token><Token POSTag="." globalID="517" id="1" offset="2604:2605"><Text>.</Text></Token></Tokens><ParseTree>(S1 (S (NP (NP (NN SUBJECTIVE)) (: :) (S (NP (DT The) (NN patient)) (VP (VBZ is) (NP (NP (DT a) (JJ 76-year-old) (JJ white) (NN female)) (SBAR (WHNP (WP who)) (S (VP (VBZ presents) (PP (TO to) (NP (DT the) (NN clinic) (NN today))) (ADVP (RB originally)) (PP (IN for) (NP (NP (NN hypertension)) (CC and) (NP (DT a) (JJ med) (NN check)))))))))) (. .))))</ParseTree></Sentence><Sentence id="1" offset="2606:2645"><Text>Lipid profile for elevated cholesterol.</Text><Tokens Count="6"><Token POSTag="NN" globalID="518" id="0" offset="2606:2611"><Text>Lipid</Text></Token><Token POSTag="NN" globalID="519" id="1" offset="2612:2619"><Text>profile</Text></Token><Token POSTag="IN" globalID="520" id="2" offset="2620:2623"><Text>for</Text></Token><Token POSTag="VBD" globalID="521" id="3" offset="2624:2632"><Text>elevated</Text><METAMAP>[dsyn]</METAMAP></Token><Token POSTag="NN" globalID="522" id="4" offset="2633:2644"><Text>cholesterol</Text><METAMAP>[dsyn]</METAMAP></Token><Token POSTag="." globalID="523" id="5" offset="2644:2645"><Text>.</Text></Token></Tokens><ParseTree>(S1 (S (NP (NP (NN SUBJECTIVE)) (: :) (S (NP (DT The) (NN patient)) (VP (VBZ is) (NP (NP (DT a) (JJ 76-year-old) (JJ white) (NN female)) (SBAR (WHNP (WP who)) (S (VP (VBZ presents) (PP (TO to) (NP (DT the) (NN clinic) (NN today))) (ADVP (RB originally)) (PP (IN for) (NP (NP (NN hypertension)) (CC and) (NP (DT a) (JJ med) (NN check)))))))))) (. .))))</ParseTree></Sentence></Sentences></Paragraph><Paragraph id="33"><Sentences Count="2"><Sentence id="0" offset="2646:2648"><Text>7.</Text><Tokens Count="2"><Token POSTag="CD" globalID="524" id="0" offset="2646:2647"><Text>7</Text></Token><Token POSTag="." globalID="525" id="1" offset="2647:2648"><Text>.</Text></Token></Tokens><ParseTree>(S1 (S (NP (NP (NN SUBJECTIVE)) (: :) (S (NP (DT The) (NN patient)) (VP (VBZ is) (NP (NP (DT a) (JJ 76-year-old) (JJ white) (NN female)) (SBAR (WHNP (WP who)) (S (VP (VBZ presents) (PP (TO to) (NP (DT the) (NN clinic) (NN today))) (ADVP (RB originally)) (PP (IN for) (NP (NP (NN hypertension)) (CC and) (NP (DT a) (JJ med) (NN check)))))))))) (. .))))</ParseTree></Sentence><Sentence id="1" offset="2649:2661"><Text>Refill meds.</Text><Tokens Count="3"><Token POSTag="NN" globalID="526" id="0" offset="2649:2655"><Text>Refill</Text></Token><Token POSTag="VBZ" globalID="527" id="1" offset="2656:2660"><Text>meds</Text><METAMAP>[dsyn]</METAMAP></Token><Token POSTag="." globalID="528" id="2" offset="2660:2661"><Text>.</Text></Token></Tokens><ParseTree>(S1 (S (NP (NP (NN SUBJECTIVE)) (: :) (S (NP (DT The) (NN patient)) (VP (VBZ is) (NP (NP (DT a) (JJ 76-year-old) (JJ white) (NN female)) (SBAR (WHNP (WP who)) (S (VP (VBZ presents) (PP (TO to) (NP (DT the) (NN clinic) (NN today))) (ADVP (RB originally)) (PP (IN for) (NP (NP (NN hypertension)) (CC and) (NP (DT a) (JJ med) (NN check)))))))))) (. .))))</ParseTree></Sentence></Sentences></Paragraph><Paragraph id="34"><Sentences Count="3"><Sentence id="0" offset="2662:2664"><Text>8.</Text><Tokens Count="2"><Token POSTag="CD" globalID="529" id="0" offset="2662:2663"><Text>8</Text></Token><Token POSTag="." globalID="530" id="1" offset="2663:2664"><Text>.</Text></Token></Tokens><ParseTree>(S1 (S (NP (NP (NN SUBJECTIVE)) (: :) (S (NP (DT The) (NN patient)) (VP (VBZ is) (NP (NP (DT a) (JJ 76-year-old) (JJ white) (NN female)) (SBAR (WHNP (WP who)) (S (VP (VBZ presents) (PP (TO to) (NP (DT the) (NN clinic) (NN today))) (ADVP (RB originally)) (PP (IN for) (NP (NP (NN hypertension)) (CC and) (NP (DT a) (JJ med) (NN check)))))))))) (. .))))</ParseTree></Sentence><Sentence id="1" offset="2665:2742"><Text>Follow up every three to six months for blood pressure check or sooner p.r.n.</Text><Tokens Count="15"><Token POSTag="VBP" globalID="531" id="0" offset="2665:2671"><Text>Follow</Text></Token><Token POSTag="IN" globalID="532" id="1" offset="2672:2674"><Text>up</Text></Token><Token POSTag="DT" globalID="533" id="2" offset="2675:2680"><Text>every</Text></Token><Token POSTag="CD" globalID="534" id="3" offset="2681:2686"><Text>three</Text></Token><Token POSTag="TO" globalID="535" id="4" offset="2687:2689"><Text>to</Text></Token><Token POSTag="CD" globalID="536" id="5" offset="2690:2693"><Text>six</Text></Token><Token POSTag="NNS" globalID="537" id="6" offset="2694:2700"><Text>months</Text></Token><Token POSTag="IN" globalID="538" id="7" offset="2701:2704"><Text>for</Text></Token><Token POSTag="NN" globalID="539" id="8" offset="2705:2710"><Text>blood</Text></Token><Token POSTag="NN" globalID="540" id="9" offset="2711:2719"><Text>pressure</Text></Token><Token POSTag="NN" globalID="541" id="10" offset="2720:2725"><Text>check</Text></Token><Token POSTag="CC" globalID="542" id="11" offset="2726:2728"><Text>or</Text></Token><Token POSTag="NN" globalID="543" id="12" offset="2729:2735"><Text>sooner</Text></Token><Token POSTag="NN" globalID="544" id="13" offset="2736:2741"><Text>p.r.n</Text></Token><Token POSTag="." globalID="545" id="14" offset="2737:2738"><Text>.</Text></Token></Tokens><ParseTree>(S1 (S (NP (NP (NN SUBJECTIVE)) (: :) (S (NP (DT The) (NN patient)) (VP (VBZ is) (NP (NP (DT a) (JJ 76-year-old) (JJ white) (NN female)) (SBAR (WHNP (WP who)) (S (VP (VBZ presents) (PP (TO to) (NP (DT the) (NN clinic) (NN today))) (ADVP (RB originally)) (PP (IN for) (NP (NP (NN hypertension)) (CC and) (NP (DT a) (JJ med) (NN check)))))))))) (. .))))</ParseTree></Sentence><Sentence id="2" offset="2743:2752"><Text>problems.</Text><Tokens Count="2"><Token POSTag="NNS" globalID="546" id="0" offset="2743:2751"><Text>problems</Text></Token><Token POSTag="." globalID="547" id="1" offset="2751:2752"><Text>.</Text></Token></Tokens><ParseTree>(S1 (S (NP (NP (NN SUBJECTIVE)) (: :) (S (NP (DT The) (NN patient)) (VP (VBZ is) (NP (NP (DT a) (JJ 76-year-old) (JJ white) (NN female)) (SBAR (WHNP (WP who)) (S (VP (VBZ presents) (PP (TO to) (NP (DT the) (NN clinic) (NN today))) (ADVP (RB originally)) (PP (IN for) (NP (NP (NN hypertension)) (CC and) (NP (DT a) (JJ med) (NN check)))))))))) (. .))))</ParseTree></Sentence></Sentences></Paragraph><Paragraph id="35"><Sentences Count="1"><Sentence id="0" offset="2754:2818"><Text>//http://www.medicaltranscriptionsamples.com/gen-med-consult-13/</Text><Tokens Count="3"><Token POSTag="NN" globalID="548" id="0" offset="2754:2760"><Text>//http</Text></Token><Token POSTag=":" globalID="549" id="1" offset="2760:2761"><Text>:</Text></Token><Token POSTag="NN" globalID="550" id="2" offset="2761:2818"><Text>//www.medicaltranscriptionsamples.com/gen-med-consult-13/</Text></Token></Tokens><ParseTree>(S1 (S (NP (NP (NN SUBJECTIVE)) (: :) (S (NP (DT The) (NN patient)) (VP (VBZ is) (NP (NP (DT a) (JJ 76-year-old) (JJ white) (NN female)) (SBAR (WHNP (WP who)) (S (VP (VBZ presents) (PP (TO to) (NP (DT the) (NN clinic) (NN today))) (ADVP (RB originally)) (PP (IN for) (NP (NP (NN hypertension)) (CC and) (NP (DT a) (JJ med) (NN check)))))))))) (. .))))</ParseTree></Sentence></Sentences></Paragraph></Paragraphs></StartOutput>