<StartOutput><Paragraphs Count="2"><Paragraph id="0"><Sentences Count="10"><Sentence id="0" offset="0:107"><Text>Susan is a 67 year-old woman that is experiancing adverse effects as a result of several generic medicines.</Text><Tokens Count="19"><Token POSTag="NN" globalID="0" id="0" offset="0:5"><Text>Susan</Text></Token><Token POSTag="VBZ" globalID="1" id="1" offset="6:8"><Text>is</Text></Token><Token POSTag="DT" globalID="2" id="2" offset="9:10"><Text>a</Text></Token><Token POSTag="CD" globalID="3" id="3" offset="11:13"><Text>67</Text></Token><Token POSTag="JJ" globalID="4" id="4" offset="14:22"><Text>year-old</Text></Token><Token POSTag="NN" globalID="5" id="5" offset="23:28"><Text>woman</Text></Token><Token POSTag="WDT" globalID="6" id="6" offset="29:33"><Text>that</Text></Token><Token POSTag="VBZ" globalID="7" id="7" offset="34:36"><Text>is</Text></Token><Token POSTag="VBG" globalID="8" id="8" offset="37:49"><Text>experiancing</Text></Token><Token POSTag="JJ" globalID="9" id="9" offset="50:57"><Text>adverse</Text></Token><Token POSTag="NNS" globalID="10" id="10" offset="58:65"><Text>effects</Text></Token><Token POSTag="IN" globalID="11" id="11" offset="66:68"><Text>as</Text></Token><Token POSTag="DT" globalID="12" id="12" offset="66:67"><Text>a</Text></Token><Token POSTag="NN" globalID="13" id="13" offset="71:77"><Text>result</Text></Token><Token POSTag="IN" globalID="14" id="14" offset="78:80"><Text>of</Text></Token><Token POSTag="JJ" globalID="15" id="15" offset="81:88"><Text>several</Text></Token><Token POSTag="JJ" globalID="16" id="16" offset="89:96"><Text>generic</Text><METAMAP>[phsu]</METAMAP></Token><Token POSTag="NNS" globalID="17" id="17" offset="97:106"><Text>medicines</Text></Token><Token POSTag="." globalID="18" id="18" offset="106:107"><Text>.</Text></Token></Tokens><ParseTree>(S1 (S (S (NP (NN Susan)) (VP (VBZ is) (NP (NP (DT a) (CD 67) (JJ year-old) (NN woman)) (SBAR (WHNP (WDT that)) (S (VP (VBZ is) (VP (VBG experiancing) (NP (JJ adverse) (NNS effects)) (PP (IN as) (NP (NP (DT a) (NN result)) (PP (IN of) (NP (JJ several) (JJ generic) (NNS medicines)))))))))))) (. .)))</ParseTree></Sentence><Sentence id="1" offset="108:205"><Text>The patient's pre-existing allergies include penicillins, cephalosporins, morphines, and codeine.</Text><Tokens Count="15"><Token POSTag="DT" globalID="19" id="0" offset="108:111"><Text>The</Text></Token><Token POSTag="NN" globalID="20" id="1" offset="112:119"><Text>patient</Text></Token><Token POSTag="POS" globalID="21" id="2" offset="119:121"><Text>'s</Text></Token><Token POSTag="JJ" globalID="22" id="3" offset="122:134"><Text>pre-existing</Text></Token><Token POSTag="NNS" globalID="23" id="4" offset="135:144"><Text>allergies</Text></Token><Token POSTag="VBP" globalID="24" id="5" offset="145:152"><Text>include</Text></Token><Token POSTag="NNS" globalID="25" id="6" offset="153:164"><Text>penicillins</Text></Token><Token POSTag="," globalID="26" id="7" offset="164:165"><Text>,</Text></Token><Token POSTag="NNS" globalID="27" id="8" offset="166:180"><Text>cephalosporins</Text></Token><Token POSTag="," globalID="28" id="9" offset="180:181"><Text>,</Text></Token><Token POSTag="NNS" globalID="29" id="10" offset="182:191"><Text>morphines</Text><METAMAP>[orch,phsu]</METAMAP><METAMAP>[orch,phsu]</METAMAP></Token><Token POSTag="," globalID="30" id="11" offset="191:192"><Text>,</Text></Token><Token POSTag="CC" globalID="31" id="12" offset="193:196"><Text>and</Text></Token><Token POSTag="NN" globalID="32" id="13" offset="197:204"><Text>codeine</Text><METAMAP>[orch,phsu]</METAMAP></Token><Token POSTag="." globalID="33" id="14" offset="204:205"><Text>.</Text></Token></Tokens><ParseTree>(S1 (S (S (NP (NN Susan)) (VP (VBZ is) (NP (NP (DT a) (CD 67) (JJ year-old) (NN woman)) (SBAR (WHNP (WDT that)) (S (VP (VBZ is) (VP (VBG experiancing) (NP (JJ adverse) (NNS effects)) (PP (IN as) (NP (NP (DT a) (NN result)) (PP (IN of) (NP (JJ several) (JJ generic) (NNS medicines)))))))))))) (. .)))</ParseTree></Sentence><Sentence id="2" offset="206:274"><Text>Patient also has a history of asthma that began when she was 11 yrs.</Text><Tokens Count="15"><Token POSTag="NN" globalID="34" id="0" offset="206:213"><Text>Patient</Text></Token><Token POSTag="RB" globalID="35" id="1" offset="214:218"><Text>also</Text></Token><Token POSTag="VBZ" globalID="36" id="2" offset="219:222"><Text>has</Text></Token><Token POSTag="DT" globalID="37" id="3" offset="220:221"><Text>a</Text></Token><Token POSTag="NN" globalID="38" id="4" offset="225:232"><Text>history</Text></Token><Token POSTag="IN" globalID="39" id="5" offset="233:235"><Text>of</Text></Token><Token POSTag="NN" globalID="40" id="6" offset="236:242"><Text>asthma</Text></Token><Token POSTag="WDT" globalID="41" id="7" offset="243:247"><Text>that</Text></Token><Token POSTag="VBD" globalID="42" id="8" offset="248:253"><Text>began</Text></Token><Token POSTag="WRB" globalID="43" id="9" offset="254:258"><Text>when</Text></Token><Token POSTag="PRP" globalID="44" id="10" offset="259:262"><Text>she</Text></Token><Token POSTag="VBD" globalID="45" id="11" offset="263:266"><Text>was</Text></Token><Token POSTag="CD" globalID="46" id="12" offset="267:269"><Text>11</Text></Token><Token POSTag="NN" globalID="47" id="13" offset="270:273"><Text>yrs</Text></Token><Token POSTag="." globalID="48" id="14" offset="273:274"><Text>.</Text></Token></Tokens><ParseTree>(S1 (S (S (NP (NN Susan)) (VP (VBZ is) (NP (NP (DT a) (CD 67) (JJ year-old) (NN woman)) (SBAR (WHNP (WDT that)) (S (VP (VBZ is) (VP (VBG experiancing) (NP (JJ adverse) (NNS effects)) (PP (IN as) (NP (NP (DT a) (NN result)) (PP (IN of) (NP (JJ several) (JJ generic) (NNS medicines)))))))))))) (. .)))</ParseTree></Sentence><Sentence id="3" offset="275:279"><Text>old.</Text><Tokens Count="2"><Token POSTag="JJ" globalID="49" id="0" offset="275:278"><Text>old</Text></Token><Token POSTag="." globalID="50" id="1" offset="278:279"><Text>.</Text></Token></Tokens><ParseTree>(S1 (S (S (NP (NN Susan)) (VP (VBZ is) (NP (NP (DT a) (CD 67) (JJ year-old) (NN woman)) (SBAR (WHNP (WDT that)) (S (VP (VBZ is) (VP (VBG experiancing) (NP (JJ adverse) (NNS effects)) (PP (IN as) (NP (NP (DT a) (NN result)) (PP (IN of) (NP (JJ several) (JJ generic) (NNS medicines)))))))))))) (. .)))</ParseTree></Sentence><Sentence id="4" offset="280:405"><Text>In the last 7 or 8 years her blood-pressure medicines- Istin and Tritace have been changed to generic versions several times.</Text><Tokens Count="22"><Token POSTag="IN" globalID="51" id="0" offset="280:282"><Text>In</Text></Token><Token POSTag="DT" globalID="52" id="1" offset="283:286"><Text>the</Text></Token><Token POSTag="JJ" globalID="53" id="2" offset="287:291"><Text>last</Text></Token><Token POSTag="CD" globalID="54" id="3" offset="292:293"><Text>7</Text></Token><Token POSTag="CC" globalID="55" id="4" offset="294:296"><Text>or</Text></Token><Token POSTag="CD" globalID="56" id="5" offset="297:298"><Text>8</Text></Token><Token POSTag="NNS" globalID="57" id="6" offset="299:304"><Text>years</Text></Token><Token POSTag="PRP$" globalID="58" id="7" offset="305:308"><Text>her</Text></Token><Token POSTag="JJ" globalID="59" id="8" offset="309:323"><Text>blood-pressure</Text><METAMAP>[phsu]</METAMAP></Token><Token POSTag="NN" globalID="60" id="9" offset="324:334"><Text>medicines-</Text></Token><Token POSTag="NN" globalID="61" id="10" offset="335:340"><Text>Istin</Text><METAMAP>[orch,phsu]</METAMAP></Token><Token POSTag="CC" globalID="62" id="11" offset="341:344"><Text>and</Text></Token><Token POSTag="NN" globalID="63" id="12" offset="345:352"><Text>Tritace</Text><METAMAP>[orch,phsu]</METAMAP></Token><Token POSTag="VBP" globalID="64" id="13" offset="353:357"><Text>have</Text></Token><Token POSTag="VBN" globalID="65" id="14" offset="358:362"><Text>been</Text></Token><Token POSTag="VBN" globalID="66" id="15" offset="363:370"><Text>changed</Text></Token><Token POSTag="TO" globalID="67" id="16" offset="371:373"><Text>to</Text></Token><Token POSTag="JJ" globalID="68" id="17" offset="374:381"><Text>generic</Text><METAMAP>[phsu]</METAMAP></Token><Token POSTag="NNS" globalID="69" id="18" offset="382:390"><Text>versions</Text></Token><Token POSTag="JJ" globalID="70" id="19" offset="391:398"><Text>several</Text></Token><Token POSTag="NNS" globalID="71" id="20" offset="399:404"><Text>times</Text></Token><Token POSTag="." globalID="72" id="21" offset="404:405"><Text>.</Text></Token></Tokens><ParseTree>(S1 (S (S (NP (NN Susan)) (VP (VBZ is) (NP (NP (DT a) (CD 67) (JJ year-old) (NN woman)) (SBAR (WHNP (WDT that)) (S (VP (VBZ is) (VP (VBG experiancing) (NP (JJ adverse) (NNS effects)) (PP (IN as) (NP (NP (DT a) (NN result)) (PP (IN of) (NP (JJ several) (JJ generic) (NNS medicines)))))))))))) (. .)))</ParseTree></Sentence><Sentence id="5" offset="406:537"><Text>Each time the medications have switched the patient has suffered quite severe reactions that worsened with duration of consumption.</Text><Tokens Count="20"><Token POSTag="DT" globalID="73" id="0" offset="406:410"><Text>Each</Text></Token><Token POSTag="NN" globalID="74" id="1" offset="411:415"><Text>time</Text></Token><Token POSTag="DT" globalID="75" id="2" offset="416:419"><Text>the</Text></Token><Token POSTag="NNS" globalID="76" id="3" offset="420:431"><Text>medications</Text><METAMAP>[phsu]</METAMAP></Token><Token POSTag="VBP" globalID="77" id="4" offset="432:436"><Text>have</Text></Token><Token POSTag="VBN" globalID="78" id="5" offset="437:445"><Text>switched</Text></Token><Token POSTag="DT" globalID="79" id="6" offset="446:449"><Text>the</Text></Token><Token POSTag="NN" globalID="80" id="7" offset="450:457"><Text>patient</Text></Token><Token POSTag="VBZ" globalID="81" id="8" offset="458:461"><Text>has</Text></Token><Token POSTag="VBN" globalID="82" id="9" offset="462:470"><Text>suffered</Text></Token><Token POSTag="RB" globalID="83" id="10" offset="471:476"><Text>quite</Text></Token><Token POSTag="JJ" globalID="84" id="11" offset="477:483"><Text>severe</Text></Token><Token POSTag="NNS" globalID="85" id="12" offset="484:493"><Text>reactions</Text></Token><Token POSTag="WDT" globalID="86" id="13" offset="494:498"><Text>that</Text></Token><Token POSTag="VBD" globalID="87" id="14" offset="499:507"><Text>worsened</Text></Token><Token POSTag="IN" globalID="88" id="15" offset="508:512"><Text>with</Text></Token><Token POSTag="NN" globalID="89" id="16" offset="513:521"><Text>duration</Text><METAMAP>[phsu]</METAMAP></Token><Token POSTag="IN" globalID="90" id="17" offset="522:524"><Text>of</Text></Token><Token POSTag="NN" globalID="91" id="18" offset="525:536"><Text>consumption</Text></Token><Token POSTag="." globalID="92" id="19" offset="536:537"><Text>.</Text></Token></Tokens><ParseTree>(S1 (S (S (NP (NN Susan)) (VP (VBZ is) (NP (NP (DT a) (CD 67) (JJ year-old) (NN woman)) (SBAR (WHNP (WDT that)) (S (VP (VBZ is) (VP (VBG experiancing) (NP (JJ adverse) (NNS effects)) (PP (IN as) (NP (NP (DT a) (NN result)) (PP (IN of) (NP (JJ several) (JJ generic) (NNS medicines)))))))))))) (. .)))</ParseTree></Sentence><Sentence id="6" offset="538:598"><Text>Patient is now specially prescribed non generic medications.</Text><Tokens Count="9"><Token POSTag="NN" globalID="93" id="0" offset="538:545"><Text>Patient</Text></Token><Token POSTag="VBZ" globalID="94" id="1" offset="546:548"><Text>is</Text></Token><Token POSTag="RB" globalID="95" id="2" offset="549:552"><Text>now</Text></Token><Token POSTag="RB" globalID="96" id="3" offset="553:562"><Text>specially</Text></Token><Token POSTag="VBN" globalID="97" id="4" offset="563:573"><Text>prescribed</Text></Token><Token POSTag="JJ" globalID="98" id="5" offset="574:577"><Text>non</Text></Token><Token POSTag="JJ" globalID="99" id="6" offset="578:585"><Text>generic</Text><METAMAP>[phsu]</METAMAP></Token><Token POSTag="NNS" globalID="100" id="7" offset="586:597"><Text>medications</Text></Token><Token POSTag="." globalID="101" id="8" offset="597:598"><Text>.</Text></Token></Tokens><ParseTree>(S1 (S (S (NP (NN Susan)) (VP (VBZ is) (NP (NP (DT a) (CD 67) (JJ year-old) (NN woman)) (SBAR (WHNP (WDT that)) (S (VP (VBZ is) (VP (VBG experiancing) (NP (JJ adverse) (NNS effects)) (PP (IN as) (NP (NP (DT a) (NN result)) (PP (IN of) (NP (JJ several) (JJ generic) (NNS medicines)))))))))))) (. .)))</ParseTree></Sentence><Sentence id="7" offset="599:694"><Text>Patient still complains when new medications are prescribed and she recieves a generic version.</Text><Tokens Count="15"><Token POSTag="NN" globalID="102" id="0" offset="599:606"><Text>Patient</Text></Token><Token POSTag="RB" globalID="103" id="1" offset="607:612"><Text>still</Text></Token><Token POSTag="VBZ" globalID="104" id="2" offset="613:622"><Text>complains</Text></Token><Token POSTag="WRB" globalID="105" id="3" offset="623:627"><Text>when</Text></Token><Token POSTag="JJ" globalID="106" id="4" offset="628:631"><Text>new</Text><METAMAP>[phsu]</METAMAP></Token><Token POSTag="NNS" globalID="107" id="5" offset="632:643"><Text>medications</Text><METAMAP>[phsu]</METAMAP></Token><Token POSTag="VBP" globalID="108" id="6" offset="644:647"><Text>are</Text></Token><Token POSTag="VBN" globalID="109" id="7" offset="648:658"><Text>prescribed</Text></Token><Token POSTag="CC" globalID="110" id="8" offset="659:662"><Text>and</Text></Token><Token POSTag="PRP" globalID="111" id="9" offset="663:666"><Text>she</Text></Token><Token POSTag="VBZ" globalID="112" id="10" offset="667:675"><Text>recieves</Text></Token><Token POSTag="DT" globalID="113" id="11" offset="676:677"><Text>a</Text></Token><Token POSTag="JJ" globalID="114" id="12" offset="678:685"><Text>generic</Text><METAMAP>[phsu]</METAMAP></Token><Token POSTag="NN" globalID="115" id="13" offset="686:693"><Text>version</Text></Token><Token POSTag="." globalID="116" id="14" offset="693:694"><Text>.</Text></Token></Tokens><ParseTree>(S1 (S (S (NP (NN Susan)) (VP (VBZ is) (NP (NP (DT a) (CD 67) (JJ year-old) (NN woman)) (SBAR (WHNP (WDT that)) (S (VP (VBZ is) (VP (VBG experiancing) (NP (JJ adverse) (NNS effects)) (PP (IN as) (NP (NP (DT a) (NN result)) (PP (IN of) (NP (JJ several) (JJ generic) (NNS medicines)))))))))))) (. .)))</ParseTree></Sentence><Sentence id="8" offset="695:824"><Text>She complains of severe soreness in stomach and whole digestive tract,very painful joints and spine,breathing problems,headaches.</Text><Tokens Count="23"><Token POSTag="PRP" globalID="117" id="0" offset="695:698"><Text>She</Text></Token><Token POSTag="VBZ" globalID="118" id="1" offset="699:708"><Text>complains</Text></Token><Token POSTag="IN" globalID="119" id="2" offset="709:711"><Text>of</Text></Token><Token POSTag="JJ" globalID="120" id="3" offset="712:718"><Text>severe</Text></Token><Token POSTag="NN" globalID="121" id="4" offset="719:727"><Text>soreness</Text><METAMAP>[sosy]</METAMAP></Token><Token POSTag="IN" globalID="122" id="5" offset="728:730"><Text>in</Text></Token><Token POSTag="NN" globalID="123" id="6" offset="731:738"><Text>stomach</Text></Token><Token POSTag="CC" globalID="124" id="7" offset="739:742"><Text>and</Text></Token><Token POSTag="JJ" globalID="125" id="8" offset="743:748"><Text>whole</Text></Token><Token POSTag="JJ" globalID="126" id="9" offset="749:758"><Text>digestive</Text></Token><Token POSTag="NN" globalID="127" id="10" offset="759:764"><Text>tract</Text></Token><Token POSTag="," globalID="128" id="11" offset="764:765"><Text>,</Text></Token><Token POSTag="RB" globalID="129" id="12" offset="765:769"><Text>very</Text></Token><Token POSTag="JJ" globalID="130" id="13" offset="770:777"><Text>painful</Text><METAMAP>[sosy]</METAMAP></Token><Token POSTag="NNS" globalID="131" id="14" offset="778:784"><Text>joints</Text><METAMAP>[sosy]</METAMAP></Token><Token POSTag="CC" globalID="132" id="15" offset="785:788"><Text>and</Text></Token><Token POSTag="NN" globalID="133" id="16" offset="789:794"><Text>spine</Text></Token><Token POSTag="," globalID="134" id="17" offset="794:795"><Text>,</Text></Token><Token POSTag="NN" globalID="135" id="18" offset="795:804"><Text>breathing</Text></Token><Token POSTag="NNS" globalID="136" id="19" offset="805:813"><Text>problems</Text></Token><Token POSTag="," globalID="137" id="20" offset="813:814"><Text>,</Text></Token><Token POSTag="NNS" globalID="138" id="21" offset="814:823"><Text>headaches</Text><METAMAP>[sosy]</METAMAP></Token><Token POSTag="." globalID="139" id="22" offset="823:824"><Text>.</Text></Token></Tokens><ParseTree>(S1 (S (S (NP (NN Susan)) (VP (VBZ is) (NP (NP (DT a) (CD 67) (JJ year-old) (NN woman)) (SBAR (WHNP (WDT that)) (S (VP (VBZ is) (VP (VBG experiancing) (NP (JJ adverse) (NNS effects)) (PP (IN as) (NP (NP (DT a) (NN result)) (PP (IN of) (NP (JJ several) (JJ generic) (NNS medicines)))))))))))) (. .)))</ParseTree></Sentence><Sentence id="9" offset="825:898"><Text>Symptoms tend to disappear after 1 or 2 days of discontinued consumption.</Text><Tokens Count="13"><Token POSTag="NNS" globalID="140" id="0" offset="825:833"><Text>Symptoms</Text><METAMAP>[sosy]</METAMAP></Token><Token POSTag="VBP" globalID="141" id="1" offset="834:838"><Text>tend</Text></Token><Token POSTag="TO" globalID="142" id="2" offset="839:841"><Text>to</Text></Token><Token POSTag="VB" globalID="143" id="3" offset="842:851"><Text>disappear</Text></Token><Token POSTag="IN" globalID="144" id="4" offset="852:857"><Text>after</Text></Token><Token POSTag="CD" globalID="145" id="5" offset="858:859"><Text>1</Text></Token><Token POSTag="CC" globalID="146" id="6" offset="860:862"><Text>or</Text></Token><Token POSTag="CD" globalID="147" id="7" offset="863:864"><Text>2</Text></Token><Token POSTag="NNS" globalID="148" id="8" offset="865:869"><Text>days</Text></Token><Token POSTag="IN" globalID="149" id="9" offset="870:872"><Text>of</Text></Token><Token POSTag="JJ" globalID="150" id="10" offset="873:885"><Text>discontinued</Text></Token><Token POSTag="NN" globalID="151" id="11" offset="886:897"><Text>consumption</Text></Token><Token POSTag="." globalID="152" id="12" offset="897:898"><Text>.</Text></Token></Tokens><ParseTree>(S1 (S (S (NP (NN Susan)) (VP (VBZ is) (NP (NP (DT a) (CD 67) (JJ year-old) (NN woman)) (SBAR (WHNP (WDT that)) (S (VP (VBZ is) (VP (VBG experiancing) (NP (JJ adverse) (NNS effects)) (PP (IN as) (NP (NP (DT a) (NN result)) (PP (IN of) (NP (JJ several) (JJ generic) (NNS medicines)))))))))))) (. .)))</ParseTree></Sentence></Sentences></Paragraph><Paragraph id="1"><Sentences Count="1"><Sentence id="0" offset="900:1063"><Text>//This narrative was created by Amber based on a comment from http://patient.info/blogs/sarah-says/2013/07/medication-side-effects---protecting-yourself-and-others</Text><Tokens Count="16"><Token POSTag="NN" globalID="153" id="0" offset="900:906"><Text>//This</Text></Token><Token POSTag="NN" globalID="154" id="1" offset="907:916"><Text>narrative</Text></Token><Token POSTag="VBD" globalID="155" id="2" offset="917:920"><Text>was</Text></Token><Token POSTag="VBN" globalID="156" id="3" offset="921:928"><Text>created</Text></Token><Token POSTag="IN" globalID="157" id="4" offset="929:931"><Text>by</Text></Token><Token POSTag="NN" globalID="158" id="5" offset="932:937"><Text>Amber</Text><METAMAP>[orch]</METAMAP><METAMAP>[orch]</METAMAP></Token><Token POSTag="VBN" globalID="159" id="6" offset="938:943"><Text>based</Text></Token><Token POSTag="IN" globalID="160" id="7" offset="944:946"><Text>on</Text></Token><Token POSTag="DT" globalID="161" id="8" offset="947:948"><Text>a</Text></Token><Token POSTag="NN" globalID="162" id="9" offset="949:956"><Text>comment</Text></Token><Token POSTag="IN" globalID="163" id="10" offset="957:961"><Text>from</Text></Token><Token POSTag="NN" globalID="164" id="11" offset="962:966"><Text>http</Text></Token><Token POSTag=":" globalID="165" id="12" offset="966:967"><Text>:</Text></Token><Token POSTag="NN" globalID="166" id="13" offset="967:1030"><Text>//patient.info/blogs/sarah-says/2013/07/medication-side-effects</Text></Token><Token POSTag=":" globalID="167" id="14" offset="1030:1032"><Text>--</Text></Token><Token POSTag="NN" globalID="168" id="15" offset="1032:1063"><Text>-protecting-yourself-and-others</Text></Token></Tokens><ParseTree>(S1 (S (S (NP (NN Susan)) (VP (VBZ is) (NP (NP (DT a) (CD 67) (JJ year-old) (NN woman)) (SBAR (WHNP (WDT that)) (S (VP (VBZ is) (VP (VBG experiancing) (NP (JJ adverse) (NNS effects)) (PP (IN as) (NP (NP (DT a) (NN result)) (PP (IN of) (NP (JJ several) (JJ generic) (NNS medicines)))))))))))) (. .)))</ParseTree></Sentence></Sentences></Paragraph></Paragraphs></StartOutput>