<StartOutput><Paragraphs Count="4"><Paragraph id="0"><Sentences Count="1"><Sentence id="0" offset="0:11"><Text>Name: Roana</Text><Tokens Count="3"><Token POSTag="NN" globalID="0" id="0" offset="0:4"><Text>Name</Text></Token><Token POSTag=":" globalID="1" id="1" offset="4:5"><Text>:</Text></Token><Token POSTag="NN" globalID="2" id="2" offset="6:11"><Text>Roana</Text></Token></Tokens><ParseTree>(S1 (S (NP (NP (NN Name)) (: :) (S (NP (NN Roana) (NN Age) (: :) (CD 23) (NN Patient)) (VP (VBZ is) (NP (NP (NN suffereing)) (PP (IN from) (NP (NNS RRMS)))))) (. .))))</ParseTree></Sentence></Sentences></Paragraph><Paragraph id="1"><Sentences Count="1"><Sentence id="0" offset="12:19"><Text>Age: 23</Text><Tokens Count="3"><Token POSTag="NN" globalID="3" id="0" offset="12:15"><Text>Age</Text></Token><Token POSTag=":" globalID="4" id="1" offset="15:16"><Text>:</Text></Token><Token POSTag="CD" globalID="5" id="2" offset="17:19"><Text>23</Text></Token></Tokens><ParseTree>(S1 (S (NP (NP (NN Name)) (: :) (S (NP (NN Roana) (NN Age) (: :) (CD 23) (NN Patient)) (VP (VBZ is) (NP (NP (NN suffereing)) (PP (IN from) (NP (NNS RRMS)))))) (. .))))</ParseTree></Sentence></Sentences></Paragraph><Paragraph id="2"><Sentences Count="3"><Sentence id="0" offset="20:52"><Text>Patient is suffereing from RRMS.</Text><Tokens Count="6"><Token POSTag="NN" globalID="6" id="0" offset="20:27"><Text>Patient</Text></Token><Token POSTag="VBZ" globalID="7" id="1" offset="28:30"><Text>is</Text></Token><Token POSTag="NN" globalID="8" id="2" offset="31:41"><Text>suffereing</Text></Token><Token POSTag="IN" globalID="9" id="3" offset="42:46"><Text>from</Text></Token><Token POSTag="NNS" globalID="10" id="4" offset="47:51"><Text>RRMS</Text></Token><Token POSTag="." globalID="11" id="5" offset="51:52"><Text>.</Text></Token></Tokens><ParseTree>(S1 (S (NP (NP (NN Name)) (: :) (S (NP (NN Roana) (NN Age) (: :) (CD 23) (NN Patient)) (VP (VBZ is) (NP (NP (NN suffereing)) (PP (IN from) (NP (NNS RRMS)))))) (. .))))</ParseTree></Sentence><Sentence id="1" offset="53:211"><Text>Tecfidera (dimethyl fumarate) 240mg twice daily was started two years ago, but has been stopped due to uneffectivness, as a recent MRI showed two new lesions.</Text><Tokens Count="31"><Token POSTag="NN" globalID="12" id="0" offset="53:62"><Text>Tecfidera</Text><METAMAP>[orch,phsu]</METAMAP></Token><Token POSTag="-LRB-" globalID="13" id="1" offset="63:64"><Text>(</Text></Token><Token POSTag="NN" globalID="14" id="2" offset="64:72"><Text>dimethyl</Text><METAMAP>[orch,phsu]</METAMAP></Token><Token POSTag="NN" globalID="15" id="3" offset="73:81"><Text>fumarate</Text><METAMAP>[orch,phsu]</METAMAP></Token><Token POSTag="-RRB-" globalID="16" id="4" offset="81:82"><Text>)</Text></Token><Token POSTag="NN" globalID="17" id="5" offset="83:88"><Text>240mg</Text></Token><Token POSTag="RB" globalID="18" id="6" offset="89:94"><Text>twice</Text></Token><Token POSTag="RB" globalID="19" id="7" offset="95:100"><Text>daily</Text></Token><Token POSTag="VBD" globalID="20" id="8" offset="101:104"><Text>was</Text></Token><Token POSTag="VBN" globalID="21" id="9" offset="105:112"><Text>started</Text></Token><Token POSTag="CD" globalID="22" id="10" offset="113:116"><Text>two</Text></Token><Token POSTag="NNS" globalID="23" id="11" offset="117:122"><Text>years</Text></Token><Token POSTag="RB" globalID="24" id="12" offset="123:126"><Text>ago</Text></Token><Token POSTag="," globalID="25" id="13" offset="126:127"><Text>,</Text></Token><Token POSTag="CC" globalID="26" id="14" offset="128:131"><Text>but</Text></Token><Token POSTag="VBZ" globalID="27" id="15" offset="132:135"><Text>has</Text></Token><Token POSTag="VBN" globalID="28" id="16" offset="136:140"><Text>been</Text></Token><Token POSTag="VBN" globalID="29" id="17" offset="141:148"><Text>stopped</Text></Token><Token POSTag="JJ" globalID="30" id="18" offset="149:152"><Text>due</Text></Token><Token POSTag="TO" globalID="31" id="19" offset="153:155"><Text>to</Text></Token><Token POSTag="NN" globalID="32" id="20" offset="156:170"><Text>uneffectivness</Text></Token><Token POSTag="," globalID="33" id="21" offset="170:171"><Text>,</Text></Token><Token POSTag="IN" globalID="34" id="22" offset="172:174"><Text>as</Text></Token><Token POSTag="DT" globalID="35" id="23" offset="172:173"><Text>a</Text></Token><Token POSTag="JJ" globalID="36" id="24" offset="177:183"><Text>recent</Text></Token><Token POSTag="NN" globalID="37" id="25" offset="184:187"><Text>MRI</Text></Token><Token POSTag="VBD" globalID="38" id="26" offset="188:194"><Text>showed</Text></Token><Token POSTag="CD" globalID="39" id="27" offset="195:198"><Text>two</Text></Token><Token POSTag="JJ" globalID="40" id="28" offset="199:202"><Text>new</Text></Token><Token POSTag="NNS" globalID="41" id="29" offset="203:210"><Text>lesions</Text></Token><Token POSTag="." globalID="42" id="30" offset="210:211"><Text>.</Text></Token></Tokens><ParseTree>(S1 (S (NP (NP (NN Name)) (: :) (S (NP (NN Roana) (NN Age) (: :) (CD 23) (NN Patient)) (VP (VBZ is) (NP (NP (NN suffereing)) (PP (IN from) (NP (NNS RRMS)))))) (. .))))</ParseTree></Sentence><Sentence id="2" offset="212:293"><Text>It has been decided to change the treatment to Gilenya (Fingolimod) 0.5mg daily. </Text><Tokens Count="16"><Token POSTag="PRP" globalID="43" id="0" offset="212:214"><Text>It</Text></Token><Token POSTag="VBZ" globalID="44" id="1" offset="215:218"><Text>has</Text></Token><Token POSTag="VBN" globalID="45" id="2" offset="219:223"><Text>been</Text></Token><Token POSTag="VBN" globalID="46" id="3" offset="224:231"><Text>decided</Text></Token><Token POSTag="TO" globalID="47" id="4" offset="232:234"><Text>to</Text></Token><Token POSTag="VB" globalID="48" id="5" offset="235:241"><Text>change</Text></Token><Token POSTag="DT" globalID="49" id="6" offset="242:245"><Text>the</Text></Token><Token POSTag="NN" globalID="50" id="7" offset="246:255"><Text>treatment</Text></Token><Token POSTag="TO" globalID="51" id="8" offset="256:258"><Text>to</Text></Token><Token POSTag="NN" globalID="52" id="9" offset="259:266"><Text>Gilenya</Text><METAMAP>[phsu]</METAMAP></Token><Token POSTag="-LRB-" globalID="53" id="10" offset="267:268"><Text>(</Text></Token><Token POSTag="NN" globalID="54" id="11" offset="268:278"><Text>Fingolimod</Text></Token><Token POSTag="-RRB-" globalID="55" id="12" offset="278:279"><Text>)</Text></Token><Token POSTag="NN" globalID="56" id="13" offset="280:285"><Text>0.5mg</Text></Token><Token POSTag="RB" globalID="57" id="14" offset="286:291"><Text>daily</Text></Token><Token POSTag="." globalID="58" id="15" offset="291:292"><Text>.</Text></Token></Tokens><ParseTree>(S1 (S (NP (NP (NN Name)) (: :) (S (NP (NN Roana) (NN Age) (: :) (CD 23) (NN Patient)) (VP (VBZ is) (NP (NP (NN suffereing)) (PP (IN from) (NP (NNS RRMS)))))) (. .))))</ParseTree></Sentence></Sentences></Paragraph><Paragraph id="3"><Sentences Count="1"><Sentence id="0" offset="295:372"><Text>//adapted from comment https://www.patientslikeme.com/forum/plm/topics/143633</Text><Tokens Count="6"><Token POSTag="VBN" globalID="59" id="0" offset="295:304"><Text>//adapted</Text></Token><Token POSTag="IN" globalID="60" id="1" offset="305:309"><Text>from</Text></Token><Token POSTag="NN" globalID="61" id="2" offset="310:317"><Text>comment</Text></Token><Token POSTag="NNS" globalID="62" id="3" offset="318:323"><Text>https</Text></Token><Token POSTag=":" globalID="63" id="4" offset="323:324"><Text>:</Text></Token><Token POSTag="NN" globalID="64" id="5" offset="324:372"><Text>//www.patientslikeme.com/forum/plm/topics/143633</Text></Token></Tokens><ParseTree>(S1 (S (NP (NP (NN Name)) (: :) (S (NP (NN Roana) (NN Age) (: :) (CD 23) (NN Patient)) (VP (VBZ is) (NP (NP (NN suffereing)) (PP (IN from) (NP (NNS RRMS)))))) (. .))))</ParseTree></Sentence></Sentences></Paragraph></Paragraphs></StartOutput>