<StartOutput><Paragraphs Count="2"><Paragraph id="0"><Sentences Count="5"><Sentence id="0" offset="0:135"><Text>Achartley is a female patient of age 28, weight 115lbs, height 5'4", located in Michigan who suffers primarily from Atrial Tachycardia.</Text><Tokens Count="26"><Token POSTag="NN" globalID="0" id="0" offset="0:9"><Text>Achartley</Text></Token><Token POSTag="VBZ" globalID="1" id="1" offset="10:12"><Text>is</Text></Token><Token POSTag="DT" globalID="2" id="2" offset="13:14"><Text>a</Text></Token><Token POSTag="JJ" globalID="3" id="3" offset="15:21"><Text>female</Text></Token><Token POSTag="NN" globalID="4" id="4" offset="22:29"><Text>patient</Text></Token><Token POSTag="IN" globalID="5" id="5" offset="30:32"><Text>of</Text></Token><Token POSTag="NN" globalID="6" id="6" offset="33:36"><Text>age</Text></Token><Token POSTag="CD" globalID="7" id="7" offset="37:39"><Text>28</Text></Token><Token POSTag="," globalID="8" id="8" offset="39:40"><Text>,</Text></Token><Token POSTag="NN" globalID="9" id="9" offset="41:47"><Text>weight</Text></Token><Token POSTag="NN" globalID="10" id="10" offset="48:54"><Text>115lbs</Text></Token><Token POSTag="," globalID="11" id="11" offset="54:55"><Text>,</Text></Token><Token POSTag="NN" globalID="12" id="12" offset="56:62"><Text>height</Text></Token><Token POSTag="CC" globalID="13" id="13" offset="63:66"><Text>5'4</Text></Token><Token POSTag="NN" globalID="14" id="14" offset="-1:1"><Text>''</Text></Token><Token POSTag="," globalID="15" id="15" offset="-1:0"><Text>,</Text></Token><Token POSTag="JJ" globalID="16" id="16" offset="-1:6"><Text>located</Text></Token><Token POSTag="IN" globalID="17" id="17" offset="-1:1"><Text>in</Text></Token><Token POSTag="NNP" globalID="18" id="18" offset="-1:7"><Text>Michigan</Text></Token><Token POSTag="WP" globalID="19" id="19" offset="-1:2"><Text>who</Text></Token><Token POSTag="VBZ" globalID="20" id="20" offset="-1:6"><Text>suffers</Text></Token><Token POSTag="RB" globalID="21" id="21" offset="-1:8"><Text>primarily</Text></Token><Token POSTag="IN" globalID="22" id="22" offset="-1:3"><Text>from</Text></Token><Token POSTag="JJ" globalID="23" id="23" offset="-1:5"><Text>Atrial</Text></Token><Token POSTag="NN" globalID="24" id="24" offset="-1:10"><Text>Tachycardia</Text></Token><Token POSTag="." globalID="25" id="25" offset="-1:0"><Text>.</Text></Token></Tokens><ParseTree>(S1 (S (S (NP (NN Achartley)) (VP (VBZ is) (NP (NP (DT a) (JJ female) (NN patient)) (PP (IN of) (NP (NP (NN age) (CD 28)) (, ,) (NP (NN weight) (NN 115lbs)) (, ,) (NP (NN height)) (CC 5'4) (NP (NN ''))))) (, ,) (ADJP (JJ located) (PP (IN in) (NP (NP (NNP Michigan)) (SBAR (WHNP (WP who)) (S (VP (VBZ suffers) (ADVP (RB primarily)) (PP (IN from) (NP (JJ Atrial) (NN Tachycardia))))))))))) (. .)))</ParseTree></Sentence><Sentence id="1" offset="136:247"><Text>Achartley has been taking Norco (hydrocodone-acetaminophen) 325mg-5mg as needed since October-15-2014 for pain.</Text><Tokens Count="16"><Token POSTag="NN" globalID="26" id="0" offset="-1:8"><Text>Achartley</Text></Token><Token POSTag="VBZ" globalID="27" id="1" offset="-1:2"><Text>has</Text></Token><Token POSTag="VBN" globalID="28" id="2" offset="-1:3"><Text>been</Text></Token><Token POSTag="VBG" globalID="29" id="3" offset="-1:5"><Text>taking</Text></Token><Token POSTag="NNP" globalID="30" id="4" offset="-1:4"><Text>Norco</Text></Token><Token POSTag="-LRB-" globalID="31" id="5" offset="-1:0"><Text>(</Text></Token><Token POSTag="JJ" globalID="32" id="6" offset="-1:24"><Text>hydrocodone-acetaminophen</Text></Token><Token POSTag="-RRB-" globalID="33" id="7" offset="-1:0"><Text>)</Text></Token><Token POSTag="NN" globalID="34" id="8" offset="-1:8"><Text>325mg-5mg</Text></Token><Token POSTag="IN" globalID="35" id="9" offset="-1:1"><Text>as</Text></Token><Token POSTag="VBN" globalID="36" id="10" offset="-1:5"><Text>needed</Text></Token><Token POSTag="IN" globalID="37" id="11" offset="-1:4"><Text>since</Text></Token><Token POSTag="CD" globalID="38" id="12" offset="-1:14"><Text>October-15-2014</Text></Token><Token POSTag="IN" globalID="39" id="13" offset="-1:2"><Text>for</Text></Token><Token POSTag="NN" globalID="40" id="14" offset="-1:3"><Text>pain</Text></Token><Token POSTag="." globalID="41" id="15" offset="-1:0"><Text>.</Text></Token></Tokens><ParseTree>(S1 (S (S (NP (NN Achartley)) (VP (VBZ is) (NP (NP (DT a) (JJ female) (NN patient)) (PP (IN of) (NP (NP (NN age) (CD 28)) (, ,) (NP (NN weight) (NN 115lbs)) (, ,) (NP (NN height)) (CC 5'4) (NP (NN ''))))) (, ,) (ADJP (JJ located) (PP (IN in) (NP (NP (NNP Michigan)) (SBAR (WHNP (WP who)) (S (VP (VBZ suffers) (ADVP (RB primarily)) (PP (IN from) (NP (JJ Atrial) (NN Tachycardia))))))))))) (. .)))</ParseTree></Sentence><Sentence id="2" offset="248:347"><Text>While taking the drug the consumer has had minor complaints about itchy skin, a common side effect.</Text><Tokens Count="19"><Token POSTag="IN" globalID="42" id="0" offset="-1:4"><Text>While</Text></Token><Token POSTag="VBG" globalID="43" id="1" offset="-1:5"><Text>taking</Text></Token><Token POSTag="DT" globalID="44" id="2" offset="-1:2"><Text>the</Text></Token><Token POSTag="NN" globalID="45" id="3" offset="-1:3"><Text>drug</Text></Token><Token POSTag="DT" globalID="46" id="4" offset="-1:2"><Text>the</Text></Token><Token POSTag="NN" globalID="47" id="5" offset="-1:7"><Text>consumer</Text></Token><Token POSTag="VBZ" globalID="48" id="6" offset="-1:2"><Text>has</Text></Token><Token POSTag="VBD" globalID="49" id="7" offset="-1:2"><Text>had</Text></Token><Token POSTag="JJ" globalID="50" id="8" offset="-1:4"><Text>minor</Text></Token><Token POSTag="NNS" globalID="51" id="9" offset="-1:9"><Text>complaints</Text></Token><Token POSTag="IN" globalID="52" id="10" offset="-1:4"><Text>about</Text></Token><Token POSTag="NN" globalID="53" id="11" offset="-1:4"><Text>itchy</Text></Token><Token POSTag="NN" globalID="54" id="12" offset="-1:3"><Text>skin</Text></Token><Token POSTag="," globalID="55" id="13" offset="-1:0"><Text>,</Text></Token><Token POSTag="DT" globalID="56" id="14" offset="-1:0"><Text>a</Text></Token><Token POSTag="JJ" globalID="57" id="15" offset="-1:5"><Text>common</Text></Token><Token POSTag="JJ" globalID="58" id="16" offset="-1:3"><Text>side</Text></Token><Token POSTag="NN" globalID="59" id="17" offset="-1:5"><Text>effect</Text></Token><Token POSTag="." globalID="60" id="18" offset="-1:0"><Text>.</Text></Token></Tokens><ParseTree>(S1 (S (S (NP (NN Achartley)) (VP (VBZ is) (NP (NP (DT a) (JJ female) (NN patient)) (PP (IN of) (NP (NP (NN age) (CD 28)) (, ,) (NP (NN weight) (NN 115lbs)) (, ,) (NP (NN height)) (CC 5'4) (NP (NN ''))))) (, ,) (ADJP (JJ located) (PP (IN in) (NP (NP (NNP Michigan)) (SBAR (WHNP (WP who)) (S (VP (VBZ suffers) (ADVP (RB primarily)) (PP (IN from) (NP (JJ Atrial) (NN Tachycardia))))))))))) (. .)))</ParseTree></Sentence><Sentence id="3" offset="348:427"><Text>Previous to the drug, Achartley had a cardiac ablation surgery on Oct 06, 2011.</Text><Tokens Count="17"><Token POSTag="JJ" globalID="61" id="0" offset="-1:7"><Text>Previous</Text></Token><Token POSTag="TO" globalID="62" id="1" offset="-1:1"><Text>to</Text></Token><Token POSTag="DT" globalID="63" id="2" offset="-1:2"><Text>the</Text></Token><Token POSTag="NN" globalID="64" id="3" offset="-1:3"><Text>drug</Text></Token><Token POSTag="," globalID="65" id="4" offset="-1:0"><Text>,</Text></Token><Token POSTag="NNP" globalID="66" id="5" offset="-1:8"><Text>Achartley</Text></Token><Token POSTag="VBD" globalID="67" id="6" offset="-1:2"><Text>had</Text></Token><Token POSTag="DT" globalID="68" id="7" offset="-1:0"><Text>a</Text></Token><Token POSTag="JJ" globalID="69" id="8" offset="-1:6"><Text>cardiac</Text></Token><Token POSTag="NN" globalID="70" id="9" offset="-1:7"><Text>ablation</Text></Token><Token POSTag="NN" globalID="71" id="10" offset="-1:6"><Text>surgery</Text></Token><Token POSTag="IN" globalID="72" id="11" offset="-1:1"><Text>on</Text></Token><Token POSTag="NN" globalID="73" id="12" offset="-1:2"><Text>Oct</Text></Token><Token POSTag="NN" globalID="74" id="13" offset="-1:1"><Text>06</Text></Token><Token POSTag="," globalID="75" id="14" offset="-1:0"><Text>,</Text></Token><Token POSTag="NN" globalID="76" id="15" offset="-1:3"><Text>2011</Text></Token><Token POSTag="." globalID="77" id="16" offset="-1:0"><Text>.</Text></Token></Tokens><ParseTree>(S1 (S (S (NP (NN Achartley)) (VP (VBZ is) (NP (NP (DT a) (JJ female) (NN patient)) (PP (IN of) (NP (NP (NN age) (CD 28)) (, ,) (NP (NN weight) (NN 115lbs)) (, ,) (NP (NN height)) (CC 5'4) (NP (NN ''))))) (, ,) (ADJP (JJ located) (PP (IN in) (NP (NP (NNP Michigan)) (SBAR (WHNP (WP who)) (S (VP (VBZ suffers) (ADVP (RB primarily)) (PP (IN from) (NP (JJ Atrial) (NN Tachycardia))))))))))) (. .)))</ParseTree></Sentence><Sentence id="4" offset="428:501"><Text>Patient complained about severe soreness that resulted from the surgery. </Text><Tokens Count="11"><Token POSTag="NN" globalID="78" id="0" offset="-1:6"><Text>Patient</Text></Token><Token POSTag="VBD" globalID="79" id="1" offset="-1:9"><Text>complained</Text></Token><Token POSTag="IN" globalID="80" id="2" offset="-1:4"><Text>about</Text></Token><Token POSTag="JJ" globalID="81" id="3" offset="-1:5"><Text>severe</Text></Token><Token POSTag="NN" globalID="82" id="4" offset="-1:7"><Text>soreness</Text></Token><Token POSTag="WDT" globalID="83" id="5" offset="-1:3"><Text>that</Text></Token><Token POSTag="VBD" globalID="84" id="6" offset="-1:7"><Text>resulted</Text></Token><Token POSTag="IN" globalID="85" id="7" offset="-1:3"><Text>from</Text></Token><Token POSTag="DT" globalID="86" id="8" offset="-1:2"><Text>the</Text></Token><Token POSTag="NN" globalID="87" id="9" offset="-1:6"><Text>surgery</Text></Token><Token POSTag="." globalID="88" id="10" offset="-1:0"><Text>.</Text></Token></Tokens><ParseTree>(S1 (S (S (NP (NN Achartley)) (VP (VBZ is) (NP (NP (DT a) (JJ female) (NN patient)) (PP (IN of) (NP (NP (NN age) (CD 28)) (, ,) (NP (NN weight) (NN 115lbs)) (, ,) (NP (NN height)) (CC 5'4) (NP (NN ''))))) (, ,) (ADJP (JJ located) (PP (IN in) (NP (NP (NNP Michigan)) (SBAR (WHNP (WP who)) (S (VP (VBZ suffers) (ADVP (RB primarily)) (PP (IN from) (NP (JJ Atrial) (NN Tachycardia))))))))))) (. .)))</ParseTree></Sentence></Sentences></Paragraph><Paragraph id="1"><Sentences Count="1"><Sentence id="0" offset="503:618"><Text>//fictional write up by Amber based on the information found on https://www.patientslikeme.com/patients/view/284208</Text><Tokens Count="14"><Token POSTag="NNP" globalID="89" id="0" offset="-1:10"><Text>//fictional</Text></Token><Token POSTag="VB" globalID="90" id="1" offset="-1:4"><Text>write</Text></Token><Token POSTag="RP" globalID="91" id="2" offset="-1:1"><Text>up</Text></Token><Token POSTag="IN" globalID="92" id="3" offset="-1:1"><Text>by</Text></Token><Token POSTag="NN" globalID="93" id="4" offset="-1:4"><Text>Amber</Text></Token><Token POSTag="VBN" globalID="94" id="5" offset="-1:4"><Text>based</Text></Token><Token POSTag="IN" globalID="95" id="6" offset="-1:1"><Text>on</Text></Token><Token POSTag="DT" globalID="96" id="7" offset="-1:2"><Text>the</Text></Token><Token POSTag="NN" globalID="97" id="8" offset="-1:10"><Text>information</Text></Token><Token POSTag="VBN" globalID="98" id="9" offset="-1:4"><Text>found</Text></Token><Token POSTag="IN" globalID="99" id="10" offset="-1:1"><Text>on</Text></Token><Token POSTag="NNS" globalID="100" id="11" offset="-1:4"><Text>https</Text></Token><Token POSTag=":" globalID="101" id="12" offset="-1:0"><Text>:</Text></Token><Token POSTag="CD" globalID="102" id="13" offset="-1:44"><Text>//www.patientslikeme.com/patients/view/284208</Text></Token></Tokens><ParseTree>(S1 (S (S (NP (NN Achartley)) (VP (VBZ is) (NP (NP (DT a) (JJ female) (NN patient)) (PP (IN of) (NP (NP (NN age) (CD 28)) (, ,) (NP (NN weight) (NN 115lbs)) (, ,) (NP (NN height)) (CC 5'4) (NP (NN ''))))) (, ,) (ADJP (JJ located) (PP (IN in) (NP (NP (NNP Michigan)) (SBAR (WHNP (WP who)) (S (VP (VBZ suffers) (ADVP (RB primarily)) (PP (IN from) (NP (JJ Atrial) (NN Tachycardia))))))))))) (. .)))</ParseTree></Sentence></Sentences></Paragraph></Paragraphs></StartOutput>