<StartOutput><Paragraphs Count="34"><Paragraph id="0"><Sentences Count="1"><Sentence id="0" offset="0:54"><Text>01/19/98, 21:44 MEDICAL SERVICE STUDENT ADMISSION NOTE</Text><Tokens Count="8"><Token POSTag="NN" globalID="0" id="0" offset="0:8"><Text>01/19/98</Text></Token><Token POSTag="," globalID="1" id="1" offset="8:9"><Text>,</Text></Token><Token POSTag="NN" globalID="2" id="2" offset="10:15"><Text>21:44</Text></Token><Token POSTag="JJ" globalID="3" id="3" offset="16:23"><Text>MEDICAL</Text></Token><Token POSTag="NN" globalID="4" id="4" offset="24:31"><Text>SERVICE</Text></Token><Token POSTag="NN" globalID="5" id="5" offset="32:39"><Text>STUDENT</Text></Token><Token POSTag="NN" globalID="6" id="6" offset="40:49"><Text>ADMISSION</Text></Token><Token POSTag="NN" globalID="7" id="7" offset="50:54"><Text>NOTE</Text></Token></Tokens><ParseTree>(S1 (S (NP (NP (QP (CD 01/19/98) (, ,) (CD 21:44)) (JJ MEDICAL) (NN SERVICE) (NN STUDENT) (NN ADMISSION) (NN NOTE) (NN Location)) (: :) (NP (NNP A-GM) (NNP Mr.) (NNP S))) (VP (VBZ is) (NP (NP (DT a) (ADJP (CD 65) (NN year) (JJ old)) (NN man)) (PP (IN with) (NP (NP (DT a) (NN history)) (PP (IN of) (NP (JJ Atrial) (NN Fibrillation))))) (, ,) (ADJP (NN S/P) (JJ Distant) (JJ stroke)) (, ,) (SBAR (WHNP (WP who)) (S (VP (VBZ has) (VP (VBN been) (RP off) (NP (NP (NN anticoagulation)) (PP (IN for) (NP (CD 4) (NN mos))) (PP (IN during) (NP (NP (NN evaluation)) (PP (IN of) (NP (JJ slow) (JJ GI) (JJ Bleed)))))))))))) (. .)))</ParseTree></Sentence></Sentences></Paragraph><Paragraph id="1"><Sentences Count="1"><Sentence id="0" offset="55:69"><Text>Location: A-GM</Text><Tokens Count="3"><Token POSTag="NN" globalID="8" id="0" offset="55:63"><Text>Location</Text></Token><Token POSTag=":" globalID="9" id="1" offset="63:64"><Text>:</Text></Token><Token POSTag="NN" globalID="10" id="2" offset="65:69"><Text>A-GM</Text></Token></Tokens><ParseTree>(S1 (S (NP (NP (QP (CD 01/19/98) (, ,) (CD 21:44)) (JJ MEDICAL) (NN SERVICE) (NN STUDENT) (NN ADMISSION) (NN NOTE) (NN Location)) (: :) (NP (NNP A-GM) (NNP Mr.) (NNP S))) (VP (VBZ is) (NP (NP (DT a) (ADJP (CD 65) (NN year) (JJ old)) (NN man)) (PP (IN with) (NP (NP (DT a) (NN history)) (PP (IN of) (NP (JJ Atrial) (NN Fibrillation))))) (, ,) (ADJP (NN S/P) (JJ Distant) (JJ stroke)) (, ,) (SBAR (WHNP (WP who)) (S (VP (VBZ has) (VP (VBN been) (RP off) (NP (NP (NN anticoagulation)) (PP (IN for) (NP (CD 4) (NN mos))) (PP (IN during) (NP (NP (NN evaluation)) (PP (IN of) (NP (JJ slow) (JJ GI) (JJ Bleed)))))))))))) (. .)))</ParseTree></Sentence></Sentences></Paragraph><Paragraph id="2"><Sentences Count="2"><Sentence id="0" offset="70:234"><Text>Mr. S is a 65 year old man with a history of Atrial Fibrillation, S/P Distant stroke, who has been off anticoagulation for 4 mos during evaluation of slow GI Bleed.</Text><Tokens Count="34"><Token POSTag="NNP" globalID="11" id="0" offset="70:73"><Text>Mr.</Text></Token><Token POSTag="NNP" globalID="12" id="1" offset="74:75"><Text>S</Text></Token><Token POSTag="VBZ" globalID="13" id="2" offset="76:78"><Text>is</Text></Token><Token POSTag="DT" globalID="14" id="3" offset="79:80"><Text>a</Text></Token><Token POSTag="CD" globalID="15" id="4" offset="81:83"><Text>65</Text></Token><Token POSTag="NN" globalID="16" id="5" offset="84:88"><Text>year</Text></Token><Token POSTag="JJ" globalID="17" id="6" offset="89:92"><Text>old</Text></Token><Token POSTag="NN" globalID="18" id="7" offset="93:96"><Text>man</Text></Token><Token POSTag="IN" globalID="19" id="8" offset="97:101"><Text>with</Text></Token><Token POSTag="DT" globalID="20" id="9" offset="102:103"><Text>a</Text></Token><Token POSTag="NN" globalID="21" id="10" offset="104:111"><Text>history</Text></Token><Token POSTag="IN" globalID="22" id="11" offset="112:114"><Text>of</Text></Token><Token POSTag="JJ" globalID="23" id="12" offset="115:121"><Text>Atrial</Text></Token><Token POSTag="NN" globalID="24" id="13" offset="122:134"><Text>Fibrillation</Text></Token><Token POSTag="," globalID="25" id="14" offset="134:135"><Text>,</Text></Token><Token POSTag="NNP" globalID="26" id="15" offset="136:139"><Text>S/P</Text></Token><Token POSTag="JJ" globalID="27" id="16" offset="140:147"><Text>Distant</Text></Token><Token POSTag="NN" globalID="28" id="17" offset="148:154"><Text>stroke</Text><METAMAP>[dsyn]</METAMAP></Token><Token POSTag="," globalID="29" id="18" offset="154:155"><Text>,</Text></Token><Token POSTag="WP" globalID="30" id="19" offset="156:159"><Text>who</Text></Token><Token POSTag="VBZ" globalID="31" id="20" offset="160:163"><Text>has</Text></Token><Token POSTag="VBN" globalID="32" id="21" offset="164:168"><Text>been</Text></Token><Token POSTag="RP" globalID="33" id="22" offset="169:172"><Text>off</Text></Token><Token POSTag="NN" globalID="34" id="23" offset="173:188"><Text>anticoagulation</Text></Token><Token POSTag="IN" globalID="35" id="24" offset="189:192"><Text>for</Text></Token><Token POSTag="CD" globalID="36" id="25" offset="193:194"><Text>4</Text></Token><Token POSTag="NN" globalID="37" id="26" offset="195:198"><Text>mos</Text></Token><Token POSTag="IN" globalID="38" id="27" offset="199:205"><Text>during</Text></Token><Token POSTag="NN" globalID="39" id="28" offset="206:216"><Text>evaluation</Text></Token><Token POSTag="IN" globalID="40" id="29" offset="217:219"><Text>of</Text></Token><Token POSTag="JJ" globalID="41" id="30" offset="220:224"><Text>slow</Text></Token><Token POSTag="JJ" globalID="42" id="31" offset="225:227"><Text>GI</Text></Token><Token POSTag="JJ" globalID="43" id="32" offset="228:233"><Text>Bleed</Text></Token><Token POSTag="." globalID="44" id="33" offset="233:234"><Text>.</Text></Token></Tokens><ParseTree>(S1 (S (NP (NP (QP (CD 01/19/98) (, ,) (CD 21:44)) (JJ MEDICAL) (NN SERVICE) (NN STUDENT) (NN ADMISSION) (NN NOTE) (NN Location)) (: :) (NP (NNP A-GM) (NNP Mr.) (NNP S))) (VP (VBZ is) (NP (NP (DT a) (ADJP (CD 65) (NN year) (JJ old)) (NN man)) (PP (IN with) (NP (NP (DT a) (NN history)) (PP (IN of) (NP (JJ Atrial) (NN Fibrillation))))) (, ,) (ADJP (NN S/P) (JJ Distant) (JJ stroke)) (, ,) (SBAR (WHNP (WP who)) (S (VP (VBZ has) (VP (VBN been) (RP off) (NP (NP (NN anticoagulation)) (PP (IN for) (NP (CD 4) (NN mos))) (PP (IN during) (NP (NP (NN evaluation)) (PP (IN of) (NP (JJ slow) (JJ GI) (JJ Bleed)))))))))))) (. .)))</ParseTree></Sentence><Sentence id="1" offset="235:265"><Text>He presents with 2 complaints:</Text><Tokens Count="6"><Token POSTag="NN" globalID="45" id="0" offset="235:237"><Text>He</Text></Token><Token POSTag="VBZ" globalID="46" id="1" offset="238:246"><Text>presents</Text></Token><Token POSTag="IN" globalID="47" id="2" offset="247:251"><Text>with</Text></Token><Token POSTag="CD" globalID="48" id="3" offset="252:253"><Text>2</Text></Token><Token POSTag="NNS" globalID="49" id="4" offset="254:264"><Text>complaints</Text></Token><Token POSTag=":" globalID="50" id="5" offset="264:265"><Text>:</Text></Token></Tokens><ParseTree>(S1 (S (NP (NP (QP (CD 01/19/98) (, ,) (CD 21:44)) (JJ MEDICAL) (NN SERVICE) (NN STUDENT) (NN ADMISSION) (NN NOTE) (NN Location)) (: :) (NP (NNP A-GM) (NNP Mr.) (NNP S))) (VP (VBZ is) (NP (NP (DT a) (ADJP (CD 65) (NN year) (JJ old)) (NN man)) (PP (IN with) (NP (NP (DT a) (NN history)) (PP (IN of) (NP (JJ Atrial) (NN Fibrillation))))) (, ,) (ADJP (NN S/P) (JJ Distant) (JJ stroke)) (, ,) (SBAR (WHNP (WP who)) (S (VP (VBZ has) (VP (VBN been) (RP off) (NP (NP (NN anticoagulation)) (PP (IN for) (NP (CD 4) (NN mos))) (PP (IN during) (NP (NP (NN evaluation)) (PP (IN of) (NP (JJ slow) (JJ GI) (JJ Bleed)))))))))))) (. .)))</ParseTree></Sentence></Sentences></Paragraph><Paragraph id="3"><Sentences Count="2"><Sentence id="0" offset="267:269"><Text>1.</Text><Tokens Count="2"><Token POSTag="CD" globalID="51" id="0" offset="267:268"><Text>1</Text></Token><Token POSTag="." globalID="52" id="1" offset="268:269"><Text>.</Text></Token></Tokens><ParseTree>(S1 (S (NP (NP (QP (CD 01/19/98) (, ,) (CD 21:44)) (JJ MEDICAL) (NN SERVICE) (NN STUDENT) (NN ADMISSION) (NN NOTE) (NN Location)) (: :) (NP (NNP A-GM) (NNP Mr.) (NNP S))) (VP (VBZ is) (NP (NP (DT a) (ADJP (CD 65) (NN year) (JJ old)) (NN man)) (PP (IN with) (NP (NP (DT a) (NN history)) (PP (IN of) (NP (JJ Atrial) (NN Fibrillation))))) (, ,) (ADJP (NN S/P) (JJ Distant) (JJ stroke)) (, ,) (SBAR (WHNP (WP who)) (S (VP (VBZ has) (VP (VBN been) (RP off) (NP (NP (NN anticoagulation)) (PP (IN for) (NP (CD 4) (NN mos))) (PP (IN during) (NP (NP (NN evaluation)) (PP (IN of) (NP (JJ slow) (JJ GI) (JJ Bleed)))))))))))) (. .)))</ParseTree></Sentence><Sentence id="1" offset="270:308"><Text>Acute eye pain with difficulty seeing.</Text><Tokens Count="7"><Token POSTag="JJ" globalID="53" id="0" offset="270:275"><Text>Acute</Text><METAMAP>[sosy]</METAMAP></Token><Token POSTag="NN" globalID="54" id="1" offset="276:279"><Text>eye</Text><METAMAP>[sosy]</METAMAP><METAMAP>[sosy]</METAMAP></Token><Token POSTag="VBP" globalID="55" id="2" offset="280:284"><Text>pain</Text><METAMAP>[sosy]</METAMAP><METAMAP>[sosy]</METAMAP><METAMAP>[sosy]</METAMAP></Token><Token POSTag="IN" globalID="56" id="3" offset="285:289"><Text>with</Text><METAMAP>[sosy]</METAMAP></Token><Token POSTag="NN" globalID="57" id="4" offset="290:300"><Text>difficulty</Text><METAMAP>[sosy]</METAMAP></Token><Token POSTag="VBG" globalID="58" id="5" offset="301:307"><Text>seeing</Text></Token><Token POSTag="." globalID="59" id="6" offset="307:308"><Text>.</Text></Token></Tokens><ParseTree>(S1 (S (NP (NP (QP (CD 01/19/98) (, ,) (CD 21:44)) (JJ MEDICAL) (NN SERVICE) (NN STUDENT) (NN ADMISSION) (NN NOTE) (NN Location)) (: :) (NP (NNP A-GM) (NNP Mr.) (NNP S))) (VP (VBZ is) (NP (NP (DT a) (ADJP (CD 65) (NN year) (JJ old)) (NN man)) (PP (IN with) (NP (NP (DT a) (NN history)) (PP (IN of) (NP (JJ Atrial) (NN Fibrillation))))) (, ,) (ADJP (NN S/P) (JJ Distant) (JJ stroke)) (, ,) (SBAR (WHNP (WP who)) (S (VP (VBZ has) (VP (VBN been) (RP off) (NP (NP (NN anticoagulation)) (PP (IN for) (NP (CD 4) (NN mos))) (PP (IN during) (NP (NP (NN evaluation)) (PP (IN of) (NP (JJ slow) (JJ GI) (JJ Bleed)))))))))))) (. .)))</ParseTree></Sentence></Sentences></Paragraph><Paragraph id="4"><Sentences Count="2"><Sentence id="0" offset="310:312"><Text>2.</Text><Tokens Count="2"><Token POSTag="CD" globalID="60" id="0" offset="310:311"><Text>2</Text></Token><Token POSTag="." globalID="61" id="1" offset="311:312"><Text>.</Text></Token></Tokens><ParseTree>(S1 (S (NP (NP (QP (CD 01/19/98) (, ,) (CD 21:44)) (JJ MEDICAL) (NN SERVICE) (NN STUDENT) (NN ADMISSION) (NN NOTE) (NN Location)) (: :) (NP (NNP A-GM) (NNP Mr.) (NNP S))) (VP (VBZ is) (NP (NP (DT a) (ADJP (CD 65) (NN year) (JJ old)) (NN man)) (PP (IN with) (NP (NP (DT a) (NN history)) (PP (IN of) (NP (JJ Atrial) (NN Fibrillation))))) (, ,) (ADJP (NN S/P) (JJ Distant) (JJ stroke)) (, ,) (SBAR (WHNP (WP who)) (S (VP (VBZ has) (VP (VBN been) (RP off) (NP (NP (NN anticoagulation)) (PP (IN for) (NP (CD 4) (NN mos))) (PP (IN during) (NP (NP (NN evaluation)) (PP (IN of) (NP (JJ slow) (JJ GI) (JJ Bleed)))))))))))) (. .)))</ParseTree></Sentence><Sentence id="1" offset="313:344"><Text>Several day history of a cough.</Text><Tokens Count="7"><Token POSTag="JJ" globalID="62" id="0" offset="313:320"><Text>Several</Text></Token><Token POSTag="NN" globalID="63" id="1" offset="321:324"><Text>day</Text></Token><Token POSTag="NN" globalID="64" id="2" offset="325:332"><Text>history</Text></Token><Token POSTag="IN" globalID="65" id="3" offset="333:335"><Text>of</Text></Token><Token POSTag="DT" globalID="66" id="4" offset="336:337"><Text>a</Text></Token><Token POSTag="NN" globalID="67" id="5" offset="338:343"><Text>cough</Text></Token><Token POSTag="." globalID="68" id="6" offset="343:344"><Text>.</Text></Token></Tokens><ParseTree>(S1 (S (NP (NP (QP (CD 01/19/98) (, ,) (CD 21:44)) (JJ MEDICAL) (NN SERVICE) (NN STUDENT) (NN ADMISSION) (NN NOTE) (NN Location)) (: :) (NP (NNP A-GM) (NNP Mr.) (NNP S))) (VP (VBZ is) (NP (NP (DT a) (ADJP (CD 65) (NN year) (JJ old)) (NN man)) (PP (IN with) (NP (NP (DT a) (NN history)) (PP (IN of) (NP (JJ Atrial) (NN Fibrillation))))) (, ,) (ADJP (NN S/P) (JJ Distant) (JJ stroke)) (, ,) (SBAR (WHNP (WP who)) (S (VP (VBZ has) (VP (VBN been) (RP off) (NP (NP (NN anticoagulation)) (PP (IN for) (NP (CD 4) (NN mos))) (PP (IN during) (NP (NP (NN evaluation)) (PP (IN of) (NP (JJ slow) (JJ GI) (JJ Bleed)))))))))))) (. .)))</ParseTree></Sentence></Sentences></Paragraph><Paragraph id="5"><Sentences Count="3"><Sentence id="0" offset="346:353"><Text>HPI: 1.</Text><Tokens Count="4"><Token POSTag="NN" globalID="69" id="0" offset="346:349"><Text>HPI</Text></Token><Token POSTag=":" globalID="70" id="1" offset="349:350"><Text>:</Text></Token><Token POSTag="CD" globalID="71" id="2" offset="351:352"><Text>1</Text></Token><Token POSTag="." globalID="72" id="3" offset="352:353"><Text>.</Text></Token></Tokens><ParseTree>(S1 (S (NP (NP (QP (CD 01/19/98) (, ,) (CD 21:44)) (JJ MEDICAL) (NN SERVICE) (NN STUDENT) (NN ADMISSION) (NN NOTE) (NN Location)) (: :) (NP (NNP A-GM) (NNP Mr.) (NNP S))) (VP (VBZ is) (NP (NP (DT a) (ADJP (CD 65) (NN year) (JJ old)) (NN man)) (PP (IN with) (NP (NP (DT a) (NN history)) (PP (IN of) (NP (JJ Atrial) (NN Fibrillation))))) (, ,) (ADJP (NN S/P) (JJ Distant) (JJ stroke)) (, ,) (SBAR (WHNP (WP who)) (S (VP (VBZ has) (VP (VBN been) (RP off) (NP (NP (NN anticoagulation)) (PP (IN for) (NP (CD 4) (NN mos))) (PP (IN during) (NP (NP (NN evaluation)) (PP (IN of) (NP (JJ slow) (JJ GI) (JJ Bleed)))))))))))) (. .)))</ParseTree></Sentence><Sentence id="1" offset="354:678"><Text>Visual changes: Patient has a known history of atherosclerotic and hypertensive cerebrovascular disease: workup for dizziness/?TIA's in 94/95 revealed critical carotid stenosis and old R basal ganglia and L occipital infarcts on CT. A cerebral angiogram was complicated by a CVA manifested as R arm weakness with resolution.</Text><Tokens Count="54"><Token POSTag="JJ" globalID="73" id="0" offset="354:360"><Text>Visual</Text></Token><Token POSTag="NNS" globalID="74" id="1" offset="361:368"><Text>changes</Text></Token><Token POSTag=":" globalID="75" id="2" offset="368:369"><Text>:</Text></Token><Token POSTag="NN" globalID="76" id="3" offset="370:377"><Text>Patient</Text></Token><Token POSTag="VBZ" globalID="77" id="4" offset="378:381"><Text>has</Text></Token><Token POSTag="DT" globalID="78" id="5" offset="379:380"><Text>a</Text></Token><Token POSTag="JJ" globalID="79" id="6" offset="384:389"><Text>known</Text></Token><Token POSTag="NN" globalID="80" id="7" offset="390:397"><Text>history</Text></Token><Token POSTag="IN" globalID="81" id="8" offset="398:400"><Text>of</Text></Token><Token POSTag="JJ" globalID="82" id="9" offset="401:416"><Text>atherosclerotic</Text></Token><Token POSTag="CC" globalID="83" id="10" offset="417:420"><Text>and</Text></Token><Token POSTag="JJ" globalID="84" id="11" offset="421:433"><Text>hypertensive</Text><METAMAP>[dsyn]</METAMAP></Token><Token POSTag="JJ" globalID="85" id="12" offset="434:449"><Text>cerebrovascular</Text><METAMAP>[dsyn]</METAMAP></Token><Token POSTag="NN" globalID="86" id="13" offset="450:457"><Text>disease</Text><METAMAP>[dsyn]</METAMAP></Token><Token POSTag=":" globalID="87" id="14" offset="457:458"><Text>:</Text><METAMAP>[dsyn]</METAMAP></Token><Token POSTag="NN" globalID="88" id="15" offset="459:465"><Text>workup</Text></Token><Token POSTag="IN" globalID="89" id="16" offset="466:469"><Text>for</Text></Token><Token POSTag="NN" globalID="90" id="17" offset="470:480"><Text>dizziness/</Text><METAMAP>[sosy]</METAMAP><METAMAP>[sosy]</METAMAP></Token><Token POSTag="." globalID="91" id="18" offset="480:481"><Text>?</Text></Token><Token POSTag="NN" globalID="92" id="19" offset="481:484"><Text>TIA</Text><METAMAP>[dsyn]</METAMAP><METAMAP>[dsyn]</METAMAP></Token><Token POSTag="POS" globalID="93" id="20" offset="484:486"><Text>'s</Text></Token><Token POSTag="IN" globalID="94" id="21" offset="487:489"><Text>in</Text></Token><Token POSTag="NN" globalID="95" id="22" offset="490:495"><Text>94/95</Text></Token><Token POSTag="VBD" globalID="96" id="23" offset="496:504"><Text>revealed</Text></Token><Token POSTag="JJ" globalID="97" id="24" offset="505:513"><Text>critical</Text></Token><Token POSTag="NN" globalID="98" id="25" offset="514:521"><Text>carotid</Text></Token><Token POSTag="NNS" globalID="99" id="26" offset="522:530"><Text>stenosis</Text></Token><Token POSTag="CC" globalID="100" id="27" offset="531:534"><Text>and</Text></Token><Token POSTag="JJ" globalID="101" id="28" offset="535:538"><Text>old</Text></Token><Token POSTag="NN" globalID="102" id="29" offset="539:540"><Text>R</Text></Token><Token POSTag="JJ" globalID="103" id="30" offset="541:546"><Text>basal</Text></Token><Token POSTag="NN" globalID="104" id="31" offset="547:554"><Text>ganglia</Text></Token><Token POSTag="CC" globalID="105" id="32" offset="555:558"><Text>and</Text></Token><Token POSTag="NN" globalID="106" id="33" offset="559:560"><Text>L</Text></Token><Token POSTag="JJ" globalID="107" id="34" offset="561:570"><Text>occipital</Text></Token><Token POSTag="NNS" globalID="108" id="35" offset="571:579"><Text>infarcts</Text></Token><Token POSTag="IN" globalID="109" id="36" offset="580:582"><Text>on</Text></Token><Token POSTag="NN" globalID="110" id="37" offset="583:586"><Text>CT.</Text></Token><Token POSTag="DT" globalID="111" id="38" offset="587:588"><Text>A</Text></Token><Token POSTag="JJ" globalID="112" id="39" offset="589:597"><Text>cerebral</Text></Token><Token POSTag="NN" globalID="113" id="40" offset="598:607"><Text>angiogram</Text></Token><Token POSTag="VBD" globalID="114" id="41" offset="608:611"><Text>was</Text></Token><Token POSTag="VBN" globalID="115" id="42" offset="612:623"><Text>complicated</Text></Token><Token POSTag="IN" globalID="116" id="43" offset="624:626"><Text>by</Text></Token><Token POSTag="DT" globalID="117" id="44" offset="627:628"><Text>a</Text></Token><Token POSTag="NN" globalID="118" id="45" offset="629:632"><Text>CVA</Text></Token><Token POSTag="VBN" globalID="119" id="46" offset="633:643"><Text>manifested</Text></Token><Token POSTag="IN" globalID="120" id="47" offset="644:646"><Text>as</Text></Token><Token POSTag="NN" globalID="121" id="48" offset="647:648"><Text>R</Text></Token><Token POSTag="NN" globalID="122" id="49" offset="649:652"><Text>arm</Text></Token><Token POSTag="NN" globalID="123" id="50" offset="653:661"><Text>weakness</Text></Token><Token POSTag="IN" globalID="124" id="51" offset="662:666"><Text>with</Text></Token><Token POSTag="NN" globalID="125" id="52" offset="667:677"><Text>resolution</Text></Token><Token POSTag="." globalID="126" id="53" offset="677:678"><Text>.</Text></Token></Tokens><ParseTree>(S1 (S (NP (NP (QP (CD 01/19/98) (, ,) (CD 21:44)) (JJ MEDICAL) (NN SERVICE) (NN STUDENT) (NN ADMISSION) (NN NOTE) (NN Location)) (: :) (NP (NNP A-GM) (NNP Mr.) (NNP S))) (VP (VBZ is) (NP (NP (DT a) (ADJP (CD 65) (NN year) (JJ old)) (NN man)) (PP (IN with) (NP (NP (DT a) (NN history)) (PP (IN of) (NP (JJ Atrial) (NN Fibrillation))))) (, ,) (ADJP (NN S/P) (JJ Distant) (JJ stroke)) (, ,) (SBAR (WHNP (WP who)) (S (VP (VBZ has) (VP (VBN been) (RP off) (NP (NP (NN anticoagulation)) (PP (IN for) (NP (CD 4) (NN mos))) (PP (IN during) (NP (NP (NN evaluation)) (PP (IN of) (NP (JJ slow) (JJ GI) (JJ Bleed)))))))))))) (. .)))</ParseTree></Sentence><Sentence id="2" offset="679:736"><Text>He subsequently had a R CEA in 1995 and no further TIA's.</Text><Tokens Count="14"><Token POSTag="NN" globalID="127" id="0" offset="679:681"><Text>He</Text></Token><Token POSTag="RB" globalID="128" id="1" offset="682:694"><Text>subsequently</Text></Token><Token POSTag="VBD" globalID="129" id="2" offset="695:698"><Text>had</Text></Token><Token POSTag="DT" globalID="130" id="3" offset="696:697"><Text>a</Text></Token><Token POSTag="NN" globalID="131" id="4" offset="701:702"><Text>R</Text></Token><Token POSTag="NN" globalID="132" id="5" offset="703:706"><Text>CEA</Text></Token><Token POSTag="IN" globalID="133" id="6" offset="707:709"><Text>in</Text></Token><Token POSTag="CD" globalID="134" id="7" offset="710:714"><Text>1995</Text></Token><Token POSTag="CC" globalID="135" id="8" offset="715:718"><Text>and</Text></Token><Token POSTag="DT" globalID="136" id="9" offset="719:721"><Text>no</Text></Token><Token POSTag="JJ" globalID="137" id="10" offset="722:729"><Text>further</Text></Token><Token POSTag="NN" globalID="138" id="11" offset="730:733"><Text>TIA</Text></Token><Token POSTag="POS" globalID="139" id="12" offset="733:735"><Text>'s</Text></Token><Token POSTag="." globalID="140" id="13" offset="735:736"><Text>.</Text></Token></Tokens><ParseTree>(S1 (S (NP (NP (QP (CD 01/19/98) (, ,) (CD 21:44)) (JJ MEDICAL) (NN SERVICE) (NN STUDENT) (NN ADMISSION) (NN NOTE) (NN Location)) (: :) (NP (NNP A-GM) (NNP Mr.) (NNP S))) (VP (VBZ is) (NP (NP (DT a) (ADJP (CD 65) (NN year) (JJ old)) (NN man)) (PP (IN with) (NP (NP (DT a) (NN history)) (PP (IN of) (NP (JJ Atrial) (NN Fibrillation))))) (, ,) (ADJP (NN S/P) (JJ Distant) (JJ stroke)) (, ,) (SBAR (WHNP (WP who)) (S (VP (VBZ has) (VP (VBN been) (RP off) (NP (NP (NN anticoagulation)) (PP (IN for) (NP (CD 4) (NN mos))) (PP (IN during) (NP (NP (NN evaluation)) (PP (IN of) (NP (JJ slow) (JJ GI) (JJ Bleed)))))))))))) (. .)))</ParseTree></Sentence></Sentences></Paragraph><Paragraph id="6"><Sentences Count="5"><Sentence id="0" offset="738:776"><Text>Patient has had PAF for past 2+ years.</Text><Tokens Count="9"><Token POSTag="NN" globalID="141" id="0" offset="738:745"><Text>Patient</Text></Token><Token POSTag="VBZ" globalID="142" id="1" offset="746:749"><Text>has</Text></Token><Token POSTag="VBD" globalID="143" id="2" offset="750:753"><Text>had</Text></Token><Token POSTag="NN" globalID="144" id="3" offset="754:757"><Text>PAF</Text></Token><Token POSTag="IN" globalID="145" id="4" offset="758:761"><Text>for</Text></Token><Token POSTag="JJ" globalID="146" id="5" offset="762:766"><Text>past</Text></Token><Token POSTag="NN" globalID="147" id="6" offset="767:769"><Text>2+</Text></Token><Token POSTag="NNS" globalID="148" id="7" offset="770:775"><Text>years</Text></Token><Token POSTag="." globalID="149" id="8" offset="775:776"><Text>.</Text></Token></Tokens><ParseTree>(S1 (S (NP (NP (QP (CD 01/19/98) (, ,) (CD 21:44)) (JJ MEDICAL) (NN SERVICE) (NN STUDENT) (NN ADMISSION) (NN NOTE) (NN Location)) (: :) (NP (NNP A-GM) (NNP Mr.) (NNP S))) (VP (VBZ is) (NP (NP (DT a) (ADJP (CD 65) (NN year) (JJ old)) (NN man)) (PP (IN with) (NP (NP (DT a) (NN history)) (PP (IN of) (NP (JJ Atrial) (NN Fibrillation))))) (, ,) (ADJP (NN S/P) (JJ Distant) (JJ stroke)) (, ,) (SBAR (WHNP (WP who)) (S (VP (VBZ has) (VP (VBN been) (RP off) (NP (NP (NN anticoagulation)) (PP (IN for) (NP (CD 4) (NN mos))) (PP (IN during) (NP (NP (NN evaluation)) (PP (IN of) (NP (JJ slow) (JJ GI) (JJ Bleed)))))))))))) (. .)))</ParseTree></Sentence><Sentence id="1" offset="777:911"><Text>ECHO in 1996 showed nl EF and marked LA enlargement (6cm) with mild-mod MR. Hehad been anticoagulated with coumadin until last summer.</Text><Tokens Count="25"><Token POSTag="NN" globalID="150" id="0" offset="777:781"><Text>ECHO</Text></Token><Token POSTag="IN" globalID="151" id="1" offset="782:784"><Text>in</Text></Token><Token POSTag="CD" globalID="152" id="2" offset="785:789"><Text>1996</Text></Token><Token POSTag="VBD" globalID="153" id="3" offset="790:796"><Text>showed</Text></Token><Token POSTag="NN" globalID="154" id="4" offset="797:799"><Text>nl</Text></Token><Token POSTag="NN" globalID="155" id="5" offset="800:802"><Text>EF</Text></Token><Token POSTag="CC" globalID="156" id="6" offset="803:806"><Text>and</Text></Token><Token POSTag="JJ" globalID="157" id="7" offset="807:813"><Text>marked</Text></Token><Token POSTag="NN" globalID="158" id="8" offset="814:816"><Text>LA</Text></Token><Token POSTag="NN" globalID="159" id="9" offset="817:828"><Text>enlargement</Text></Token><Token POSTag="-LRB-" globalID="160" id="10" offset="829:830"><Text>(</Text></Token><Token POSTag="NN" globalID="161" id="11" offset="830:833"><Text>6cm</Text></Token><Token POSTag="-RRB-" globalID="162" id="12" offset="833:834"><Text>)</Text></Token><Token POSTag="IN" globalID="163" id="13" offset="835:839"><Text>with</Text></Token><Token POSTag="JJ" globalID="164" id="14" offset="840:848"><Text>mild-mod</Text></Token><Token POSTag="NNP" globalID="165" id="15" offset="849:852"><Text>MR.</Text></Token><Token POSTag="NNP" globalID="166" id="16" offset="853:858"><Text>Hehad</Text></Token><Token POSTag="VBN" globalID="167" id="17" offset="859:863"><Text>been</Text></Token><Token POSTag="JJ" globalID="168" id="18" offset="864:878"><Text>anticoagulated</Text></Token><Token POSTag="IN" globalID="169" id="19" offset="879:883"><Text>with</Text></Token><Token POSTag="NN" globalID="170" id="20" offset="884:892"><Text>coumadin</Text></Token><Token POSTag="IN" globalID="171" id="21" offset="893:898"><Text>until</Text></Token><Token POSTag="JJ" globalID="172" id="22" offset="899:903"><Text>last</Text></Token><Token POSTag="NN" globalID="173" id="23" offset="904:910"><Text>summer</Text></Token><Token POSTag="." globalID="174" id="24" offset="910:911"><Text>.</Text></Token></Tokens><ParseTree>(S1 (S (NP (NP (QP (CD 01/19/98) (, ,) (CD 21:44)) (JJ MEDICAL) (NN SERVICE) (NN STUDENT) (NN ADMISSION) (NN NOTE) (NN Location)) (: :) (NP (NNP A-GM) (NNP Mr.) (NNP S))) (VP (VBZ is) (NP (NP (DT a) (ADJP (CD 65) (NN year) (JJ old)) (NN man)) (PP (IN with) (NP (NP (DT a) (NN history)) (PP (IN of) (NP (JJ Atrial) (NN Fibrillation))))) (, ,) (ADJP (NN S/P) (JJ Distant) (JJ stroke)) (, ,) (SBAR (WHNP (WP who)) (S (VP (VBZ has) (VP (VBN been) (RP off) (NP (NP (NN anticoagulation)) (PP (IN for) (NP (CD 4) (NN mos))) (PP (IN during) (NP (NP (NN evaluation)) (PP (IN of) (NP (JJ slow) (JJ GI) (JJ Bleed)))))))))))) (. .)))</ParseTree></Sentence><Sentence id="2" offset="912:947"><Text>Developed GIB and chronic iron def.</Text><Tokens Count="7"><Token POSTag="VBN" globalID="175" id="0" offset="912:921"><Text>Developed</Text></Token><Token POSTag="NN" globalID="176" id="1" offset="922:925"><Text>GIB</Text></Token><Token POSTag="CC" globalID="177" id="2" offset="926:929"><Text>and</Text></Token><Token POSTag="JJ" globalID="178" id="3" offset="930:937"><Text>chronic</Text></Token><Token POSTag="NN" globalID="179" id="4" offset="938:942"><Text>iron</Text></Token><Token POSTag="NN" globalID="180" id="5" offset="943:946"><Text>def</Text></Token><Token POSTag="." globalID="181" id="6" offset="946:947"><Text>.</Text></Token></Tokens><ParseTree>(S1 (S (NP (NP (QP (CD 01/19/98) (, ,) (CD 21:44)) (JJ MEDICAL) (NN SERVICE) (NN STUDENT) (NN ADMISSION) (NN NOTE) (NN Location)) (: :) (NP (NNP A-GM) (NNP Mr.) (NNP S))) (VP (VBZ is) (NP (NP (DT a) (ADJP (CD 65) (NN year) (JJ old)) (NN man)) (PP (IN with) (NP (NP (DT a) (NN history)) (PP (IN of) (NP (JJ Atrial) (NN Fibrillation))))) (, ,) (ADJP (NN S/P) (JJ Distant) (JJ stroke)) (, ,) (SBAR (WHNP (WP who)) (S (VP (VBZ has) (VP (VBN been) (RP off) (NP (NP (NN anticoagulation)) (PP (IN for) (NP (CD 4) (NN mos))) (PP (IN during) (NP (NP (NN evaluation)) (PP (IN of) (NP (JJ slow) (JJ GI) (JJ Bleed)))))))))))) (. .)))</ParseTree></Sentence><Sentence id="3" offset="948:955"><Text>anemia.</Text><Tokens Count="2"><Token POSTag="NN" globalID="182" id="0" offset="948:954"><Text>anemia</Text></Token><Token POSTag="." globalID="183" id="1" offset="954:955"><Text>.</Text></Token></Tokens><ParseTree>(S1 (S (NP (NP (QP (CD 01/19/98) (, ,) (CD 21:44)) (JJ MEDICAL) (NN SERVICE) (NN STUDENT) (NN ADMISSION) (NN NOTE) (NN Location)) (: :) (NP (NNP A-GM) (NNP Mr.) (NNP S))) (VP (VBZ is) (NP (NP (DT a) (ADJP (CD 65) (NN year) (JJ old)) (NN man)) (PP (IN with) (NP (NP (DT a) (NN history)) (PP (IN of) (NP (JJ Atrial) (NN Fibrillation))))) (, ,) (ADJP (NN S/P) (JJ Distant) (JJ stroke)) (, ,) (SBAR (WHNP (WP who)) (S (VP (VBZ has) (VP (VBN been) (RP off) (NP (NP (NN anticoagulation)) (PP (IN for) (NP (CD 4) (NN mos))) (PP (IN during) (NP (NP (NN evaluation)) (PP (IN of) (NP (JJ slow) (JJ GI) (JJ Bleed)))))))))))) (. .)))</ParseTree></Sentence><Sentence id="4" offset="956:1027"><Text>Coumadin d/c'd prior to colonscopy in Sept. and has not been restarted.</Text><Tokens Count="14"><Token POSTag="NN" globalID="184" id="0" offset="956:964"><Text>Coumadin</Text></Token><Token POSTag="VBZ" globalID="185" id="1" offset="965:968"><Text>d/c</Text></Token><Token POSTag="NN" globalID="186" id="2" offset="968:970"><Text>'d</Text></Token><Token POSTag="JJ" globalID="187" id="3" offset="971:976"><Text>prior</Text></Token><Token POSTag="TO" globalID="188" id="4" offset="977:979"><Text>to</Text></Token><Token POSTag="NN" globalID="189" id="5" offset="980:990"><Text>colonscopy</Text></Token><Token POSTag="IN" globalID="190" id="6" offset="991:993"><Text>in</Text></Token><Token POSTag="NNP" globalID="191" id="7" offset="994:999"><Text>Sept.</Text></Token><Token POSTag="CC" globalID="192" id="8" offset="1000:1003"><Text>and</Text></Token><Token POSTag="VBZ" globalID="193" id="9" offset="1004:1007"><Text>has</Text></Token><Token POSTag="RB" globalID="194" id="10" offset="1008:1011"><Text>not</Text></Token><Token POSTag="VBN" globalID="195" id="11" offset="1012:1016"><Text>been</Text></Token><Token POSTag="VBN" globalID="196" id="12" offset="1017:1026"><Text>restarted</Text></Token><Token POSTag="." globalID="197" id="13" offset="1026:1027"><Text>.</Text></Token></Tokens><ParseTree>(S1 (S (NP (NP (QP (CD 01/19/98) (, ,) (CD 21:44)) (JJ MEDICAL) (NN SERVICE) (NN STUDENT) (NN ADMISSION) (NN NOTE) (NN Location)) (: :) (NP (NNP A-GM) (NNP Mr.) (NNP S))) (VP (VBZ is) (NP (NP (DT a) (ADJP (CD 65) (NN year) (JJ old)) (NN man)) (PP (IN with) (NP (NP (DT a) (NN history)) (PP (IN of) (NP (JJ Atrial) (NN Fibrillation))))) (, ,) (ADJP (NN S/P) (JJ Distant) (JJ stroke)) (, ,) (SBAR (WHNP (WP who)) (S (VP (VBZ has) (VP (VBN been) (RP off) (NP (NP (NN anticoagulation)) (PP (IN for) (NP (CD 4) (NN mos))) (PP (IN during) (NP (NP (NN evaluation)) (PP (IN of) (NP (JJ slow) (JJ GI) (JJ Bleed)))))))))))) (. .)))</ParseTree></Sentence></Sentences></Paragraph><Paragraph id="7"><Sentences Count="11"><Sentence id="0" offset="1029:1150"><Text>Yesterday morning while eating lunch patient had the sudden onset of sharp, R eye pain accompanied by decrease in vision.</Text><Tokens Count="22"><Token POSTag="NN" globalID="198" id="0" offset="1029:1038"><Text>Yesterday</Text></Token><Token POSTag="NN" globalID="199" id="1" offset="1039:1046"><Text>morning</Text></Token><Token POSTag="IN" globalID="200" id="2" offset="1047:1052"><Text>while</Text></Token><Token POSTag="JJ" globalID="201" id="3" offset="1053:1059"><Text>eating</Text></Token><Token POSTag="JJ" globalID="202" id="4" offset="1060:1065"><Text>lunch</Text></Token><Token POSTag="NN" globalID="203" id="5" offset="1066:1073"><Text>patient</Text></Token><Token POSTag="VBD" globalID="204" id="6" offset="1074:1077"><Text>had</Text></Token><Token POSTag="DT" globalID="205" id="7" offset="1078:1081"><Text>the</Text></Token><Token POSTag="JJ" globalID="206" id="8" offset="1082:1088"><Text>sudden</Text></Token><Token POSTag="NN" globalID="207" id="9" offset="1089:1094"><Text>onset</Text></Token><Token POSTag="IN" globalID="208" id="10" offset="1095:1097"><Text>of</Text></Token><Token POSTag="JJ" globalID="209" id="11" offset="1098:1103"><Text>sharp</Text></Token><Token POSTag="," globalID="210" id="12" offset="1103:1104"><Text>,</Text></Token><Token POSTag="NN" globalID="211" id="13" offset="1105:1106"><Text>R</Text></Token><Token POSTag="JJ" globalID="212" id="14" offset="1107:1110"><Text>eye</Text></Token><Token POSTag="NN" globalID="213" id="15" offset="1111:1115"><Text>pain</Text></Token><Token POSTag="VBN" globalID="214" id="16" offset="1116:1127"><Text>accompanied</Text></Token><Token POSTag="IN" globalID="215" id="17" offset="1128:1130"><Text>by</Text></Token><Token POSTag="NN" globalID="216" id="18" offset="1131:1139"><Text>decrease</Text></Token><Token POSTag="IN" globalID="217" id="19" offset="1140:1142"><Text>in</Text></Token><Token POSTag="NN" globalID="218" id="20" offset="1143:1149"><Text>vision</Text></Token><Token POSTag="." globalID="219" id="21" offset="1149:1150"><Text>.</Text></Token></Tokens><ParseTree>(S1 (S (NP (NP (QP (CD 01/19/98) (, ,) (CD 21:44)) (JJ MEDICAL) (NN SERVICE) (NN STUDENT) (NN ADMISSION) (NN NOTE) (NN Location)) (: :) (NP (NNP A-GM) (NNP Mr.) (NNP S))) (VP (VBZ is) (NP (NP (DT a) (ADJP (CD 65) (NN year) (JJ old)) (NN man)) (PP (IN with) (NP (NP (DT a) (NN history)) (PP (IN of) (NP (JJ Atrial) (NN Fibrillation))))) (, ,) (ADJP (NN S/P) (JJ Distant) (JJ stroke)) (, ,) (SBAR (WHNP (WP who)) (S (VP (VBZ has) (VP (VBN been) (RP off) (NP (NP (NN anticoagulation)) (PP (IN for) (NP (CD 4) (NN mos))) (PP (IN during) (NP (NP (NN evaluation)) (PP (IN of) (NP (JJ slow) (JJ GI) (JJ Bleed)))))))))))) (. .)))</ParseTree></Sentence><Sentence id="1" offset="1151:1247"><Text>Pain was worse with coughing, unchanged by position, unrelieved by tylenol, aspirin or percocet.</Text><Tokens Count="18"><Token POSTag="NN" globalID="220" id="0" offset="1151:1155"><Text>Pain</Text></Token><Token POSTag="VBD" globalID="221" id="1" offset="1156:1159"><Text>was</Text></Token><Token POSTag="JJ" globalID="222" id="2" offset="1160:1165"><Text>worse</Text></Token><Token POSTag="IN" globalID="223" id="3" offset="1166:1170"><Text>with</Text></Token><Token POSTag="NN" globalID="224" id="4" offset="1171:1179"><Text>coughing</Text></Token><Token POSTag="," globalID="225" id="5" offset="1179:1180"><Text>,</Text></Token><Token POSTag="JJ" globalID="226" id="6" offset="1181:1190"><Text>unchanged</Text></Token><Token POSTag="IN" globalID="227" id="7" offset="1191:1193"><Text>by</Text></Token><Token POSTag="NN" globalID="228" id="8" offset="1194:1202"><Text>position</Text></Token><Token POSTag="," globalID="229" id="9" offset="1202:1203"><Text>,</Text></Token><Token POSTag="JJ" globalID="230" id="10" offset="1204:1214"><Text>unrelieved</Text></Token><Token POSTag="IN" globalID="231" id="11" offset="1215:1217"><Text>by</Text></Token><Token POSTag="NN" globalID="232" id="12" offset="1218:1225"><Text>tylenol</Text></Token><Token POSTag="," globalID="233" id="13" offset="1225:1226"><Text>,</Text></Token><Token POSTag="NN" globalID="234" id="14" offset="1227:1234"><Text>aspirin</Text></Token><Token POSTag="CC" globalID="235" id="15" offset="1235:1237"><Text>or</Text></Token><Token POSTag="NN" globalID="236" id="16" offset="1238:1246"><Text>percocet</Text></Token><Token POSTag="." globalID="237" id="17" offset="1246:1247"><Text>.</Text></Token></Tokens><ParseTree>(S1 (S (NP (NP (QP (CD 01/19/98) (, ,) (CD 21:44)) (JJ MEDICAL) (NN SERVICE) (NN STUDENT) (NN ADMISSION) (NN NOTE) (NN Location)) (: :) (NP (NNP A-GM) (NNP Mr.) (NNP S))) (VP (VBZ is) (NP (NP (DT a) (ADJP (CD 65) (NN year) (JJ old)) (NN man)) (PP (IN with) (NP (NP (DT a) (NN history)) (PP (IN of) (NP (JJ Atrial) (NN Fibrillation))))) (, ,) (ADJP (NN S/P) (JJ Distant) (JJ stroke)) (, ,) (SBAR (WHNP (WP who)) (S (VP (VBZ has) (VP (VBN been) (RP off) (NP (NP (NN anticoagulation)) (PP (IN for) (NP (CD 4) (NN mos))) (PP (IN during) (NP (NP (NN evaluation)) (PP (IN of) (NP (JJ slow) (JJ GI) (JJ Bleed)))))))))))) (. .)))</ParseTree></Sentence><Sentence id="2" offset="1248:1299"><Text>When the pain started, he "couldn't see the clock."</Text><Tokens Count="14"><Token POSTag="WRB" globalID="238" id="0" offset="1248:1252"><Text>When</Text></Token><Token POSTag="DT" globalID="239" id="1" offset="1253:1256"><Text>the</Text></Token><Token POSTag="NN" globalID="240" id="2" offset="1257:1261"><Text>pain</Text></Token><Token POSTag="VBD" globalID="241" id="3" offset="1262:1269"><Text>started</Text></Token><Token POSTag="," globalID="242" id="4" offset="1269:1270"><Text>,</Text></Token><Token POSTag="NN" globalID="243" id="5" offset="1271:1273"><Text>he</Text></Token><Token POSTag="``" globalID="244" id="6" offset="-1:1"><Text>``</Text></Token><Token POSTag="MD" globalID="245" id="7" offset="-1:4"><Text>could</Text></Token><Token POSTag="RB" globalID="246" id="8" offset="-1:2"><Text>n't</Text></Token><Token POSTag="VB" globalID="247" id="9" offset="-1:2"><Text>see</Text></Token><Token POSTag="DT" globalID="248" id="10" offset="-1:2"><Text>the</Text></Token><Token POSTag="NN" globalID="249" id="11" offset="-1:4"><Text>clock</Text></Token><Token POSTag="." globalID="250" id="12" offset="2959:2960"><Text>.</Text></Token><Token POSTag="NN" globalID="251" id="13" offset="-1:1"><Text>''</Text></Token></Tokens><ParseTree>(S1 (S (NP (NP (QP (CD 01/19/98) (, ,) (CD 21:44)) (JJ MEDICAL) (NN SERVICE) (NN STUDENT) (NN ADMISSION) (NN NOTE) (NN Location)) (: :) (NP (NNP A-GM) (NNP Mr.) (NNP S))) (VP (VBZ is) (NP (NP (DT a) (ADJP (CD 65) (NN year) (JJ old)) (NN man)) (PP (IN with) (NP (NP (DT a) (NN history)) (PP (IN of) (NP (JJ Atrial) (NN Fibrillation))))) (, ,) (ADJP (NN S/P) (JJ Distant) (JJ stroke)) (, ,) (SBAR (WHNP (WP who)) (S (VP (VBZ has) (VP (VBN been) (RP off) (NP (NP (NN anticoagulation)) (PP (IN for) (NP (CD 4) (NN mos))) (PP (IN during) (NP (NP (NN evaluation)) (PP (IN of) (NP (JJ slow) (JJ GI) (JJ Bleed)))))))))))) (. .)))</ParseTree></Sentence><Sentence id="3" offset="1300:1364"><Text>He also had difficulty determining the numbers on the telephone.</Text><Tokens Count="11"><Token POSTag="NN" globalID="252" id="0" offset="-1:1"><Text>He</Text></Token><Token POSTag="RB" globalID="253" id="1" offset="-1:3"><Text>also</Text></Token><Token POSTag="VBD" globalID="254" id="2" offset="-1:2"><Text>had</Text></Token><Token POSTag="NN" globalID="255" id="3" offset="-1:9"><Text>difficulty</Text></Token><Token POSTag="VBG" globalID="256" id="4" offset="-1:10"><Text>determining</Text></Token><Token POSTag="DT" globalID="257" id="5" offset="-1:2"><Text>the</Text></Token><Token POSTag="NNS" globalID="258" id="6" offset="-1:6"><Text>numbers</Text></Token><Token POSTag="IN" globalID="259" id="7" offset="-1:1"><Text>on</Text></Token><Token POSTag="DT" globalID="260" id="8" offset="-1:2"><Text>the</Text></Token><Token POSTag="NN" globalID="261" id="9" offset="-1:8"><Text>telephone</Text></Token><Token POSTag="." globalID="262" id="10" offset="2959:2960"><Text>.</Text></Token></Tokens><ParseTree>(S1 (S (NP (NP (QP (CD 01/19/98) (, ,) (CD 21:44)) (JJ MEDICAL) (NN SERVICE) (NN STUDENT) (NN ADMISSION) (NN NOTE) (NN Location)) (: :) (NP (NNP A-GM) (NNP Mr.) (NNP S))) (VP (VBZ is) (NP (NP (DT a) (ADJP (CD 65) (NN year) (JJ old)) (NN man)) (PP (IN with) (NP (NP (DT a) (NN history)) (PP (IN of) (NP (JJ Atrial) (NN Fibrillation))))) (, ,) (ADJP (NN S/P) (JJ Distant) (JJ stroke)) (, ,) (SBAR (WHNP (WP who)) (S (VP (VBZ has) (VP (VBN been) (RP off) (NP (NP (NN anticoagulation)) (PP (IN for) (NP (CD 4) (NN mos))) (PP (IN during) (NP (NP (NN evaluation)) (PP (IN of) (NP (JJ slow) (JJ GI) (JJ Bleed)))))))))))) (. .)))</ParseTree></Sentence><Sentence id="4" offset="1365:1395"><Text>No blurred vision or diplopia.</Text><Tokens Count="6"><Token POSTag="NN" globalID="263" id="0" offset="-1:1"><Text>No</Text></Token><Token POSTag="VBN" globalID="264" id="1" offset="-1:6"><Text>blurred</Text></Token><Token POSTag="NN" globalID="265" id="2" offset="-1:5"><Text>vision</Text></Token><Token POSTag="CC" globalID="266" id="3" offset="-1:1"><Text>or</Text></Token><Token POSTag="NN" globalID="267" id="4" offset="-1:7"><Text>diplopia</Text></Token><Token POSTag="." globalID="268" id="5" offset="2959:2960"><Text>.</Text></Token></Tokens><ParseTree>(S1 (S (NP (NP (QP (CD 01/19/98) (, ,) (CD 21:44)) (JJ MEDICAL) (NN SERVICE) (NN STUDENT) (NN ADMISSION) (NN NOTE) (NN Location)) (: :) (NP (NNP A-GM) (NNP Mr.) (NNP S))) (VP (VBZ is) (NP (NP (DT a) (ADJP (CD 65) (NN year) (JJ old)) (NN man)) (PP (IN with) (NP (NP (DT a) (NN history)) (PP (IN of) (NP (JJ Atrial) (NN Fibrillation))))) (, ,) (ADJP (NN S/P) (JJ Distant) (JJ stroke)) (, ,) (SBAR (WHNP (WP who)) (S (VP (VBZ has) (VP (VBN been) (RP off) (NP (NP (NN anticoagulation)) (PP (IN for) (NP (CD 4) (NN mos))) (PP (IN during) (NP (NP (NN evaluation)) (PP (IN of) (NP (JJ slow) (JJ GI) (JJ Bleed)))))))))))) (. .)))</ParseTree></Sentence><Sentence id="5" offset="1396:1451"><Text>Vision is the same whether he covers right or left eye.</Text><Tokens Count="12"><Token POSTag="NN" globalID="269" id="0" offset="-1:5"><Text>Vision</Text></Token><Token POSTag="VBZ" globalID="270" id="1" offset="-1:1"><Text>is</Text></Token><Token POSTag="DT" globalID="271" id="2" offset="-1:2"><Text>the</Text></Token><Token POSTag="JJ" globalID="272" id="3" offset="-1:3"><Text>same</Text></Token><Token POSTag="IN" globalID="273" id="4" offset="-1:6"><Text>whether</Text></Token><Token POSTag="NN" globalID="274" id="5" offset="-1:1"><Text>he</Text></Token><Token POSTag="VBZ" globalID="275" id="6" offset="-1:5"><Text>covers</Text></Token><Token POSTag="JJ" globalID="276" id="7" offset="-1:4"><Text>right</Text></Token><Token POSTag="CC" globalID="277" id="8" offset="-1:1"><Text>or</Text></Token><Token POSTag="JJ" globalID="278" id="9" offset="-1:3"><Text>left</Text></Token><Token POSTag="NN" globalID="279" id="10" offset="-1:2"><Text>eye</Text></Token><Token POSTag="." globalID="280" id="11" offset="2959:2960"><Text>.</Text></Token></Tokens><ParseTree>(S1 (S (NP (NP (QP (CD 01/19/98) (, ,) (CD 21:44)) (JJ MEDICAL) (NN SERVICE) (NN STUDENT) (NN ADMISSION) (NN NOTE) (NN Location)) (: :) (NP (NNP A-GM) (NNP Mr.) (NNP S))) (VP (VBZ is) (NP (NP (DT a) (ADJP (CD 65) (NN year) (JJ old)) (NN man)) (PP (IN with) (NP (NP (DT a) (NN history)) (PP (IN of) (NP (JJ Atrial) (NN Fibrillation))))) (, ,) (ADJP (NN S/P) (JJ Distant) (JJ stroke)) (, ,) (SBAR (WHNP (WP who)) (S (VP (VBZ has) (VP (VBN been) (RP off) (NP (NP (NN anticoagulation)) (PP (IN for) (NP (CD 4) (NN mos))) (PP (IN during) (NP (NP (NN evaluation)) (PP (IN of) (NP (JJ slow) (JJ GI) (JJ Bleed)))))))))))) (. .)))</ParseTree></Sentence><Sentence id="6" offset="1452:1514"><Text>He had nausea and vomiting x2--NB/NB at the onset of the pain.</Text><Tokens Count="15"><Token POSTag="NN" globalID="281" id="0" offset="-1:1"><Text>He</Text></Token><Token POSTag="VBD" globalID="282" id="1" offset="-1:2"><Text>had</Text></Token><Token POSTag="NN" globalID="283" id="2" offset="-1:5"><Text>nausea</Text></Token><Token POSTag="CC" globalID="284" id="3" offset="-1:2"><Text>and</Text></Token><Token POSTag="NN" globalID="285" id="4" offset="-1:7"><Text>vomiting</Text></Token><Token POSTag="NN" globalID="286" id="5" offset="-1:1"><Text>x2</Text></Token><Token POSTag=":" globalID="287" id="6" offset="-1:1"><Text>--</Text></Token><Token POSTag="NN" globalID="288" id="7" offset="-1:4"><Text>NB/NB</Text></Token><Token POSTag="IN" globalID="289" id="8" offset="-1:1"><Text>at</Text></Token><Token POSTag="DT" globalID="290" id="9" offset="-1:2"><Text>the</Text></Token><Token POSTag="NN" globalID="291" id="10" offset="-1:4"><Text>onset</Text></Token><Token POSTag="IN" globalID="292" id="11" offset="-1:1"><Text>of</Text></Token><Token POSTag="DT" globalID="293" id="12" offset="-1:2"><Text>the</Text></Token><Token POSTag="NN" globalID="294" id="13" offset="-1:3"><Text>pain</Text></Token><Token POSTag="." globalID="295" id="14" offset="2959:2960"><Text>.</Text></Token></Tokens><ParseTree>(S1 (S (NP (NP (QP (CD 01/19/98) (, ,) (CD 21:44)) (JJ MEDICAL) (NN SERVICE) (NN STUDENT) (NN ADMISSION) (NN NOTE) (NN Location)) (: :) (NP (NNP A-GM) (NNP Mr.) (NNP S))) (VP (VBZ is) (NP (NP (DT a) (ADJP (CD 65) (NN year) (JJ old)) (NN man)) (PP (IN with) (NP (NP (DT a) (NN history)) (PP (IN of) (NP (JJ Atrial) (NN Fibrillation))))) (, ,) (ADJP (NN S/P) (JJ Distant) (JJ stroke)) (, ,) (SBAR (WHNP (WP who)) (S (VP (VBZ has) (VP (VBN been) (RP off) (NP (NP (NN anticoagulation)) (PP (IN for) (NP (CD 4) (NN mos))) (PP (IN during) (NP (NP (NN evaluation)) (PP (IN of) (NP (JJ slow) (JJ GI) (JJ Bleed)))))))))))) (. .)))</ParseTree></Sentence><Sentence id="7" offset="1515:1617"><Text>Was unable to give niece directions to hospital--unable to decide whether to make right or left turns.</Text><Tokens Count="20"><Token POSTag="VBD" globalID="296" id="0" offset="-1:2"><Text>Was</Text></Token><Token POSTag="JJ" globalID="297" id="1" offset="-1:5"><Text>unable</Text></Token><Token POSTag="TO" globalID="298" id="2" offset="-1:1"><Text>to</Text></Token><Token POSTag="VBP" globalID="299" id="3" offset="-1:3"><Text>give</Text></Token><Token POSTag="NN" globalID="300" id="4" offset="-1:4"><Text>niece</Text></Token><Token POSTag="NNS" globalID="301" id="5" offset="-1:9"><Text>directions</Text></Token><Token POSTag="TO" globalID="302" id="6" offset="-1:1"><Text>to</Text></Token><Token POSTag="NN" globalID="303" id="7" offset="-1:7"><Text>hospital</Text></Token><Token POSTag=":" globalID="304" id="8" offset="-1:1"><Text>--</Text></Token><Token POSTag="JJ" globalID="305" id="9" offset="-1:5"><Text>unable</Text></Token><Token POSTag="TO" globalID="306" id="10" offset="-1:1"><Text>to</Text></Token><Token POSTag="VB" globalID="307" id="11" offset="-1:5"><Text>decide</Text></Token><Token POSTag="IN" globalID="308" id="12" offset="-1:6"><Text>whether</Text></Token><Token POSTag="TO" globalID="309" id="13" offset="-1:1"><Text>to</Text></Token><Token POSTag="VB" globalID="310" id="14" offset="-1:3"><Text>make</Text></Token><Token POSTag="JJ" globalID="311" id="15" offset="-1:4"><Text>right</Text></Token><Token POSTag="CC" globalID="312" id="16" offset="-1:1"><Text>or</Text></Token><Token POSTag="JJ" globalID="313" id="17" offset="-1:3"><Text>left</Text></Token><Token POSTag="NNS" globalID="314" id="18" offset="-1:4"><Text>turns</Text></Token><Token POSTag="." globalID="315" id="19" offset="2959:2960"><Text>.</Text></Token></Tokens><ParseTree>(S1 (S (NP (NP (QP (CD 01/19/98) (, ,) (CD 21:44)) (JJ MEDICAL) (NN SERVICE) (NN STUDENT) (NN ADMISSION) (NN NOTE) (NN Location)) (: :) (NP (NNP A-GM) (NNP Mr.) (NNP S))) (VP (VBZ is) (NP (NP (DT a) (ADJP (CD 65) (NN year) (JJ old)) (NN man)) (PP (IN with) (NP (NP (DT a) (NN history)) (PP (IN of) (NP (JJ Atrial) (NN Fibrillation))))) (, ,) (ADJP (NN S/P) (JJ Distant) (JJ stroke)) (, ,) (SBAR (WHNP (WP who)) (S (VP (VBZ has) (VP (VBN been) (RP off) (NP (NP (NN anticoagulation)) (PP (IN for) (NP (CD 4) (NN mos))) (PP (IN during) (NP (NP (NN evaluation)) (PP (IN of) (NP (JJ slow) (JJ GI) (JJ Bleed)))))))))))) (. .)))</ParseTree></Sentence><Sentence id="8" offset="1618:1670"><Text>Pain and visual changes persisted through the night.</Text><Tokens Count="9"><Token POSTag="JJ" globalID="316" id="0" offset="-1:3"><Text>Pain</Text></Token><Token POSTag="CC" globalID="317" id="1" offset="-1:2"><Text>and</Text></Token><Token POSTag="JJ" globalID="318" id="2" offset="-1:5"><Text>visual</Text></Token><Token POSTag="NNS" globalID="319" id="3" offset="-1:6"><Text>changes</Text></Token><Token POSTag="VBD" globalID="320" id="4" offset="-1:8"><Text>persisted</Text></Token><Token POSTag="IN" globalID="321" id="5" offset="-1:6"><Text>through</Text></Token><Token POSTag="DT" globalID="322" id="6" offset="-1:2"><Text>the</Text></Token><Token POSTag="NN" globalID="323" id="7" offset="-1:4"><Text>night</Text></Token><Token POSTag="." globalID="324" id="8" offset="2959:2960"><Text>.</Text></Token></Tokens><ParseTree>(S1 (S (NP (NP (QP (CD 01/19/98) (, ,) (CD 21:44)) (JJ MEDICAL) (NN SERVICE) (NN STUDENT) (NN ADMISSION) (NN NOTE) (NN Location)) (: :) (NP (NNP A-GM) (NNP Mr.) (NNP S))) (VP (VBZ is) (NP (NP (DT a) (ADJP (CD 65) (NN year) (JJ old)) (NN man)) (PP (IN with) (NP (NP (DT a) (NN history)) (PP (IN of) (NP (JJ Atrial) (NN Fibrillation))))) (, ,) (ADJP (NN S/P) (JJ Distant) (JJ stroke)) (, ,) (SBAR (WHNP (WP who)) (S (VP (VBZ has) (VP (VBN been) (RP off) (NP (NP (NN anticoagulation)) (PP (IN for) (NP (CD 4) (NN mos))) (PP (IN during) (NP (NP (NN evaluation)) (PP (IN of) (NP (JJ slow) (JJ GI) (JJ Bleed)))))))))))) (. .)))</ParseTree></Sentence><Sentence id="9" offset="1671:1686"><Text>No photophobia.</Text><Tokens Count="3"><Token POSTag="DT" globalID="325" id="0" offset="-1:1"><Text>No</Text></Token><Token POSTag="NN" globalID="326" id="1" offset="-1:10"><Text>photophobia</Text></Token><Token POSTag="." globalID="327" id="2" offset="2959:2960"><Text>.</Text></Token></Tokens><ParseTree>(S1 (S (NP (NP (QP (CD 01/19/98) (, ,) (CD 21:44)) (JJ MEDICAL) (NN SERVICE) (NN STUDENT) (NN ADMISSION) (NN NOTE) (NN Location)) (: :) (NP (NNP A-GM) (NNP Mr.) (NNP S))) (VP (VBZ is) (NP (NP (DT a) (ADJP (CD 65) (NN year) (JJ old)) (NN man)) (PP (IN with) (NP (NP (DT a) (NN history)) (PP (IN of) (NP (JJ Atrial) (NN Fibrillation))))) (, ,) (ADJP (NN S/P) (JJ Distant) (JJ stroke)) (, ,) (SBAR (WHNP (WP who)) (S (VP (VBZ has) (VP (VBN been) (RP off) (NP (NP (NN anticoagulation)) (PP (IN for) (NP (CD 4) (NN mos))) (PP (IN during) (NP (NP (NN evaluation)) (PP (IN of) (NP (JJ slow) (JJ GI) (JJ Bleed)))))))))))) (. .)))</ParseTree></Sentence><Sentence id="10" offset="1687:1740"><Text>No dizziness, weakness, dysarthria, CP, palpitations.</Text><Tokens Count="11"><Token POSTag="NN" globalID="328" id="0" offset="-1:1"><Text>No</Text></Token><Token POSTag="NN" globalID="329" id="1" offset="-1:8"><Text>dizziness</Text></Token><Token POSTag="," globalID="330" id="2" offset="-1:0"><Text>,</Text></Token><Token POSTag="NN" globalID="331" id="3" offset="-1:7"><Text>weakness</Text></Token><Token POSTag="," globalID="332" id="4" offset="-1:0"><Text>,</Text></Token><Token POSTag="NN" globalID="333" id="5" offset="-1:9"><Text>dysarthria</Text></Token><Token POSTag="," globalID="334" id="6" offset="-1:0"><Text>,</Text></Token><Token POSTag="NN" globalID="335" id="7" offset="-1:1"><Text>CP</Text></Token><Token POSTag="," globalID="336" id="8" offset="-1:0"><Text>,</Text></Token><Token POSTag="NNS" globalID="337" id="9" offset="-1:11"><Text>palpitations</Text></Token><Token POSTag="." globalID="338" id="10" offset="2959:2960"><Text>.</Text></Token></Tokens><ParseTree>(S1 (S (NP (NP (QP (CD 01/19/98) (, ,) (CD 21:44)) (JJ MEDICAL) (NN SERVICE) (NN STUDENT) (NN ADMISSION) (NN NOTE) (NN Location)) (: :) (NP (NNP A-GM) (NNP Mr.) (NNP S))) (VP (VBZ is) (NP (NP (DT a) (ADJP (CD 65) (NN year) (JJ old)) (NN man)) (PP (IN with) (NP (NP (DT a) (NN history)) (PP (IN of) (NP (JJ Atrial) (NN Fibrillation))))) (, ,) (ADJP (NN S/P) (JJ Distant) (JJ stroke)) (, ,) (SBAR (WHNP (WP who)) (S (VP (VBZ has) (VP (VBN been) (RP off) (NP (NP (NN anticoagulation)) (PP (IN for) (NP (CD 4) (NN mos))) (PP (IN during) (NP (NP (NN evaluation)) (PP (IN of) (NP (JJ slow) (JJ GI) (JJ Bleed)))))))))))) (. .)))</ParseTree></Sentence></Sentences></Paragraph><Paragraph id="8"><Sentences Count="5"><Sentence id="0" offset="1742:1744"><Text>2.</Text><Tokens Count="2"><Token POSTag="CD" globalID="339" id="0" offset="-1:0"><Text>2</Text></Token><Token POSTag="." globalID="340" id="1" offset="2959:2960"><Text>.</Text></Token></Tokens><ParseTree>(S1 (S (NP (NP (QP (CD 01/19/98) (, ,) (CD 21:44)) (JJ MEDICAL) (NN SERVICE) (NN STUDENT) (NN ADMISSION) (NN NOTE) (NN Location)) (: :) (NP (NNP A-GM) (NNP Mr.) (NNP S))) (VP (VBZ is) (NP (NP (DT a) (ADJP (CD 65) (NN year) (JJ old)) (NN man)) (PP (IN with) (NP (NP (DT a) (NN history)) (PP (IN of) (NP (JJ Atrial) (NN Fibrillation))))) (, ,) (ADJP (NN S/P) (JJ Distant) (JJ stroke)) (, ,) (SBAR (WHNP (WP who)) (S (VP (VBZ has) (VP (VBN been) (RP off) (NP (NP (NN anticoagulation)) (PP (IN for) (NP (CD 4) (NN mos))) (PP (IN during) (NP (NP (NN evaluation)) (PP (IN of) (NP (JJ slow) (JJ GI) (JJ Bleed)))))))))))) (. .)))</ParseTree></Sentence><Sentence id="1" offset="1745:1859"><Text>Cough: Patient has history of COPD with 60+ pack year smoking history and most recent PFT's showing mild deficits.</Text><Tokens Count="22"><Token POSTag="NN" globalID="341" id="0" offset="-1:4"><Text>Cough</Text></Token><Token POSTag=":" globalID="342" id="1" offset="-1:0"><Text>:</Text></Token><Token POSTag="NN" globalID="343" id="2" offset="-1:6"><Text>Patient</Text></Token><Token POSTag="VBZ" globalID="344" id="3" offset="-1:2"><Text>has</Text></Token><Token POSTag="NN" globalID="345" id="4" offset="-1:6"><Text>history</Text></Token><Token POSTag="IN" globalID="346" id="5" offset="-1:1"><Text>of</Text></Token><Token POSTag="NN" globalID="347" id="6" offset="-1:3"><Text>COPD</Text></Token><Token POSTag="IN" globalID="348" id="7" offset="-1:3"><Text>with</Text></Token><Token POSTag="JJ" globalID="349" id="8" offset="-1:2"><Text>60+</Text></Token><Token POSTag="NN" globalID="350" id="9" offset="-1:3"><Text>pack</Text></Token><Token POSTag="NN" globalID="351" id="10" offset="-1:3"><Text>year</Text></Token><Token POSTag="NN" globalID="352" id="11" offset="-1:6"><Text>smoking</Text></Token><Token POSTag="NN" globalID="353" id="12" offset="-1:6"><Text>history</Text></Token><Token POSTag="CC" globalID="354" id="13" offset="-1:2"><Text>and</Text></Token><Token POSTag="RBS" globalID="355" id="14" offset="-1:3"><Text>most</Text></Token><Token POSTag="JJ" globalID="356" id="15" offset="-1:5"><Text>recent</Text></Token><Token POSTag="NN" globalID="357" id="16" offset="-1:2"><Text>PFT</Text></Token><Token POSTag="NNS" globalID="358" id="17" offset="-1:1"><Text>'s</Text></Token><Token POSTag="VBG" globalID="359" id="18" offset="-1:6"><Text>showing</Text></Token><Token POSTag="JJ" globalID="360" id="19" offset="-1:3"><Text>mild</Text></Token><Token POSTag="NNS" globalID="361" id="20" offset="-1:7"><Text>deficits</Text></Token><Token POSTag="." globalID="362" id="21" offset="2959:2960"><Text>.</Text></Token></Tokens><ParseTree>(S1 (S (NP (NP (QP (CD 01/19/98) (, ,) (CD 21:44)) (JJ MEDICAL) (NN SERVICE) (NN STUDENT) (NN ADMISSION) (NN NOTE) (NN Location)) (: :) (NP (NNP A-GM) (NNP Mr.) (NNP S))) (VP (VBZ is) (NP (NP (DT a) (ADJP (CD 65) (NN year) (JJ old)) (NN man)) (PP (IN with) (NP (NP (DT a) (NN history)) (PP (IN of) (NP (JJ Atrial) (NN Fibrillation))))) (, ,) (ADJP (NN S/P) (JJ Distant) (JJ stroke)) (, ,) (SBAR (WHNP (WP who)) (S (VP (VBZ has) (VP (VBN been) (RP off) (NP (NP (NN anticoagulation)) (PP (IN for) (NP (CD 4) (NN mos))) (PP (IN during) (NP (NP (NN evaluation)) (PP (IN of) (NP (JJ slow) (JJ GI) (JJ Bleed)))))))))))) (. .)))</ParseTree></Sentence><Sentence id="2" offset="1860:1947"><Text>Over the past few days he has noted increased dyspnea, wheezing, and sputum production.</Text><Tokens Count="17"><Token POSTag="IN" globalID="363" id="0" offset="-1:3"><Text>Over</Text></Token><Token POSTag="DT" globalID="364" id="1" offset="-1:2"><Text>the</Text></Token><Token POSTag="JJ" globalID="365" id="2" offset="-1:3"><Text>past</Text></Token><Token POSTag="JJ" globalID="366" id="3" offset="-1:2"><Text>few</Text></Token><Token POSTag="NNS" globalID="367" id="4" offset="-1:3"><Text>days</Text></Token><Token POSTag="NN" globalID="368" id="5" offset="-1:1"><Text>he</Text></Token><Token POSTag="VBZ" globalID="369" id="6" offset="-1:2"><Text>has</Text></Token><Token POSTag="VBN" globalID="370" id="7" offset="-1:4"><Text>noted</Text></Token><Token POSTag="VBN" globalID="371" id="8" offset="-1:8"><Text>increased</Text></Token><Token POSTag="NN" globalID="372" id="9" offset="-1:6"><Text>dyspnea</Text></Token><Token POSTag="," globalID="373" id="10" offset="-1:0"><Text>,</Text></Token><Token POSTag="NN" globalID="374" id="11" offset="-1:7"><Text>wheezing</Text></Token><Token POSTag="," globalID="375" id="12" offset="-1:0"><Text>,</Text></Token><Token POSTag="CC" globalID="376" id="13" offset="-1:2"><Text>and</Text></Token><Token POSTag="NN" globalID="377" id="14" offset="-1:5"><Text>sputum</Text></Token><Token POSTag="NN" globalID="378" id="15" offset="-1:9"><Text>production</Text></Token><Token POSTag="." globalID="379" id="16" offset="2959:2960"><Text>.</Text></Token></Tokens><ParseTree>(S1 (S (NP (NP (QP (CD 01/19/98) (, ,) (CD 21:44)) (JJ MEDICAL) (NN SERVICE) (NN STUDENT) (NN ADMISSION) (NN NOTE) (NN Location)) (: :) (NP (NNP A-GM) (NNP Mr.) (NNP S))) (VP (VBZ is) (NP (NP (DT a) (ADJP (CD 65) (NN year) (JJ old)) (NN man)) (PP (IN with) (NP (NP (DT a) (NN history)) (PP (IN of) (NP (JJ Atrial) (NN Fibrillation))))) (, ,) (ADJP (NN S/P) (JJ Distant) (JJ stroke)) (, ,) (SBAR (WHNP (WP who)) (S (VP (VBZ has) (VP (VBN been) (RP off) (NP (NP (NN anticoagulation)) (PP (IN for) (NP (CD 4) (NN mos))) (PP (IN during) (NP (NP (NN evaluation)) (PP (IN of) (NP (JJ slow) (JJ GI) (JJ Bleed)))))))))))) (. .)))</ParseTree></Sentence><Sentence id="3" offset="1948:2002"><Text>Sputum still clear, no hemoptysis and no fevers noted.</Text><Tokens Count="11"><Token POSTag="NN" globalID="380" id="0" offset="-1:5"><Text>Sputum</Text></Token><Token POSTag="RB" globalID="381" id="1" offset="-1:4"><Text>still</Text></Token><Token POSTag="JJ" globalID="382" id="2" offset="-1:4"><Text>clear</Text></Token><Token POSTag="," globalID="383" id="3" offset="-1:0"><Text>,</Text></Token><Token POSTag="DT" globalID="384" id="4" offset="-1:1"><Text>no</Text></Token><Token POSTag="NN" globalID="385" id="5" offset="-1:9"><Text>hemoptysis</Text></Token><Token POSTag="CC" globalID="386" id="6" offset="-1:2"><Text>and</Text></Token><Token POSTag="DT" globalID="387" id="7" offset="-1:1"><Text>no</Text></Token><Token POSTag="NNS" globalID="388" id="8" offset="-1:5"><Text>fevers</Text></Token><Token POSTag="VBN" globalID="389" id="9" offset="-1:4"><Text>noted</Text></Token><Token POSTag="." globalID="390" id="10" offset="2959:2960"><Text>.</Text></Token></Tokens><ParseTree>(S1 (S (NP (NP (QP (CD 01/19/98) (, ,) (CD 21:44)) (JJ MEDICAL) (NN SERVICE) (NN STUDENT) (NN ADMISSION) (NN NOTE) (NN Location)) (: :) (NP (NNP A-GM) (NNP Mr.) (NNP S))) (VP (VBZ is) (NP (NP (DT a) (ADJP (CD 65) (NN year) (JJ old)) (NN man)) (PP (IN with) (NP (NP (DT a) (NN history)) (PP (IN of) (NP (JJ Atrial) (NN Fibrillation))))) (, ,) (ADJP (NN S/P) (JJ Distant) (JJ stroke)) (, ,) (SBAR (WHNP (WP who)) (S (VP (VBZ has) (VP (VBN been) (RP off) (NP (NP (NN anticoagulation)) (PP (IN for) (NP (CD 4) (NN mos))) (PP (IN during) (NP (NP (NN evaluation)) (PP (IN of) (NP (JJ slow) (JJ GI) (JJ Bleed)))))))))))) (. .)))</ParseTree></Sentence><Sentence id="4" offset="2003:2023"><Text>No orthopnea or PND.</Text><Tokens Count="5"><Token POSTag="NN" globalID="391" id="0" offset="-1:1"><Text>No</Text></Token><Token POSTag="NN" globalID="392" id="1" offset="-1:8"><Text>orthopnea</Text></Token><Token POSTag="CC" globalID="393" id="2" offset="-1:1"><Text>or</Text></Token><Token POSTag="NN" globalID="394" id="3" offset="-1:2"><Text>PND</Text></Token><Token POSTag="." globalID="395" id="4" offset="2959:2960"><Text>.</Text></Token></Tokens><ParseTree>(S1 (S (NP (NP (QP (CD 01/19/98) (, ,) (CD 21:44)) (JJ MEDICAL) (NN SERVICE) (NN STUDENT) (NN ADMISSION) (NN NOTE) (NN Location)) (: :) (NP (NNP A-GM) (NNP Mr.) (NNP S))) (VP (VBZ is) (NP (NP (DT a) (ADJP (CD 65) (NN year) (JJ old)) (NN man)) (PP (IN with) (NP (NP (DT a) (NN history)) (PP (IN of) (NP (JJ Atrial) (NN Fibrillation))))) (, ,) (ADJP (NN S/P) (JJ Distant) (JJ stroke)) (, ,) (SBAR (WHNP (WP who)) (S (VP (VBZ has) (VP (VBN been) (RP off) (NP (NP (NN anticoagulation)) (PP (IN for) (NP (CD 4) (NN mos))) (PP (IN during) (NP (NP (NN evaluation)) (PP (IN of) (NP (JJ slow) (JJ GI) (JJ Bleed)))))))))))) (. .)))</ParseTree></Sentence></Sentences></Paragraph><Paragraph id="9"><Sentences Count="1"><Sentence id="0" offset="2025:2033"><Text>PMH:	PAF</Text><Tokens Count="3"><Token POSTag="NN" globalID="396" id="0" offset="-1:2"><Text>PMH</Text></Token><Token POSTag=":" globalID="397" id="1" offset="-1:0"><Text>:</Text></Token><Token POSTag="NN" globalID="398" id="2" offset="-1:2"><Text>PAF</Text></Token></Tokens><ParseTree>(S1 (S (NP (NP (QP (CD 01/19/98) (, ,) (CD 21:44)) (JJ MEDICAL) (NN SERVICE) (NN STUDENT) (NN ADMISSION) (NN NOTE) (NN Location)) (: :) (NP (NNP A-GM) (NNP Mr.) (NNP S))) (VP (VBZ is) (NP (NP (DT a) (ADJP (CD 65) (NN year) (JJ old)) (NN man)) (PP (IN with) (NP (NP (DT a) (NN history)) (PP (IN of) (NP (JJ Atrial) (NN Fibrillation))))) (, ,) (ADJP (NN S/P) (JJ Distant) (JJ stroke)) (, ,) (SBAR (WHNP (WP who)) (S (VP (VBZ has) (VP (VBN been) (RP off) (NP (NP (NN anticoagulation)) (PP (IN for) (NP (CD 4) (NN mos))) (PP (IN during) (NP (NP (NN evaluation)) (PP (IN of) (NP (JJ slow) (JJ GI) (JJ Bleed)))))))))))) (. .)))</ParseTree></Sentence></Sentences></Paragraph><Paragraph id="10"><Sentences Count="2"><Sentence id="0" offset="2034:2035"><Text>?</Text><Tokens Count="1"><Token POSTag="." globalID="399" id="0" offset="-1:0"><Text>?</Text></Token></Tokens><ParseTree>(S1 (S (NP (NP (QP (CD 01/19/98) (, ,) (CD 21:44)) (JJ MEDICAL) (NN SERVICE) (NN STUDENT) (NN ADMISSION) (NN NOTE) (NN Location)) (: :) (NP (NNP A-GM) (NNP Mr.) (NNP S))) (VP (VBZ is) (NP (NP (DT a) (ADJP (CD 65) (NN year) (JJ old)) (NN man)) (PP (IN with) (NP (NP (DT a) (NN history)) (PP (IN of) (NP (JJ Atrial) (NN Fibrillation))))) (, ,) (ADJP (NN S/P) (JJ Distant) (JJ stroke)) (, ,) (SBAR (WHNP (WP who)) (S (VP (VBZ has) (VP (VBN been) (RP off) (NP (NP (NN anticoagulation)) (PP (IN for) (NP (CD 4) (NN mos))) (PP (IN during) (NP (NP (NN evaluation)) (PP (IN of) (NP (JJ slow) (JJ GI) (JJ Bleed)))))))))))) (. .)))</ParseTree></Sentence><Sentence id="1" offset="2036:2164"><Text>CAD: ETT 7/96 6 min Bruce HR 134 showed 1mm upsloping ST seg depressions and MIBI with lg fixed anteroapical and anterinf defect</Text><Tokens Count="24"><Token POSTag="NN" globalID="400" id="0" offset="-1:2"><Text>CAD</Text></Token><Token POSTag=":" globalID="401" id="1" offset="-1:0"><Text>:</Text></Token><Token POSTag="NN" globalID="402" id="2" offset="-1:2"><Text>ETT</Text></Token><Token POSTag="NN" globalID="403" id="3" offset="-1:3"><Text>7/96</Text></Token><Token POSTag="CD" globalID="404" id="4" offset="-1:0"><Text>6</Text></Token><Token POSTag="NN" globalID="405" id="5" offset="-1:2"><Text>min</Text></Token><Token POSTag="NN" globalID="406" id="6" offset="-1:4"><Text>Bruce</Text></Token><Token POSTag="NN" globalID="407" id="7" offset="-1:1"><Text>HR</Text></Token><Token POSTag="NN" globalID="408" id="8" offset="-1:2"><Text>134</Text></Token><Token POSTag="VBD" globalID="409" id="9" offset="-1:5"><Text>showed</Text></Token><Token POSTag="NN" globalID="410" id="10" offset="-1:2"><Text>1mm</Text></Token><Token POSTag="JJ" globalID="411" id="11" offset="-1:8"><Text>upsloping</Text></Token><Token POSTag="JJ" globalID="412" id="12" offset="-1:1"><Text>ST</Text></Token><Token POSTag="NN" globalID="413" id="13" offset="-1:2"><Text>seg</Text></Token><Token POSTag="NNS" globalID="414" id="14" offset="-1:10"><Text>depressions</Text></Token><Token POSTag="CC" globalID="415" id="15" offset="-1:2"><Text>and</Text></Token><Token POSTag="NNS" globalID="416" id="16" offset="-1:3"><Text>MIBI</Text></Token><Token POSTag="IN" globalID="417" id="17" offset="-1:3"><Text>with</Text></Token><Token POSTag="JJ" globalID="418" id="18" offset="-1:1"><Text>lg</Text></Token><Token POSTag="JJ" globalID="419" id="19" offset="-1:4"><Text>fixed</Text></Token><Token POSTag="NN" globalID="420" id="20" offset="-1:11"><Text>anteroapical</Text></Token><Token POSTag="CC" globalID="421" id="21" offset="-1:2"><Text>and</Text></Token><Token POSTag="NN" globalID="422" id="22" offset="-1:7"><Text>anterinf</Text></Token><Token POSTag="NN" globalID="423" id="23" offset="-1:5"><Text>defect</Text></Token></Tokens><ParseTree>(S1 (S (NP (NP (QP (CD 01/19/98) (, ,) (CD 21:44)) (JJ MEDICAL) (NN SERVICE) (NN STUDENT) (NN ADMISSION) (NN NOTE) (NN Location)) (: :) (NP (NNP A-GM) (NNP Mr.) (NNP S))) (VP (VBZ is) (NP (NP (DT a) (ADJP (CD 65) (NN year) (JJ old)) (NN man)) (PP (IN with) (NP (NP (DT a) (NN history)) (PP (IN of) (NP (JJ Atrial) (NN Fibrillation))))) (, ,) (ADJP (NN S/P) (JJ Distant) (JJ stroke)) (, ,) (SBAR (WHNP (WP who)) (S (VP (VBZ has) (VP (VBN been) (RP off) (NP (NP (NN anticoagulation)) (PP (IN for) (NP (CD 4) (NN mos))) (PP (IN during) (NP (NP (NN evaluation)) (PP (IN of) (NP (JJ slow) (JJ GI) (JJ Bleed)))))))))))) (. .)))</ParseTree></Sentence></Sentences></Paragraph><Paragraph id="11"><Sentences Count="1"><Sentence id="0" offset="2165:2181"><Text>Carotid stenosis</Text><Tokens Count="2"><Token POSTag="NN" globalID="424" id="0" offset="-1:6"><Text>Carotid</Text></Token><Token POSTag="NNS" globalID="425" id="1" offset="-1:7"><Text>stenosis</Text></Token></Tokens><ParseTree>(S1 (S (NP (NP (QP (CD 01/19/98) (, ,) (CD 21:44)) (JJ MEDICAL) (NN SERVICE) (NN STUDENT) (NN ADMISSION) (NN NOTE) (NN Location)) (: :) (NP (NNP A-GM) (NNP Mr.) (NNP S))) (VP (VBZ is) (NP (NP (DT a) (ADJP (CD 65) (NN year) (JJ old)) (NN man)) (PP (IN with) (NP (NP (DT a) (NN history)) (PP (IN of) (NP (JJ Atrial) (NN Fibrillation))))) (, ,) (ADJP (NN S/P) (JJ Distant) (JJ stroke)) (, ,) (SBAR (WHNP (WP who)) (S (VP (VBZ has) (VP (VBN been) (RP off) (NP (NP (NN anticoagulation)) (PP (IN for) (NP (CD 4) (NN mos))) (PP (IN during) (NP (NP (NN evaluation)) (PP (IN of) (NP (JJ slow) (JJ GI) (JJ Bleed)))))))))))) (. .)))</ParseTree></Sentence></Sentences></Paragraph><Paragraph id="12"><Sentences Count="1"><Sentence id="0" offset="2182:2185"><Text>CVA</Text><Tokens Count="1"><Token POSTag="NN" globalID="426" id="0" offset="-1:2"><Text>CVA</Text></Token></Tokens><ParseTree>(S1 (S (NP (NP (QP (CD 01/19/98) (, ,) (CD 21:44)) (JJ MEDICAL) (NN SERVICE) (NN STUDENT) (NN ADMISSION) (NN NOTE) (NN Location)) (: :) (NP (NNP A-GM) (NNP Mr.) (NNP S))) (VP (VBZ is) (NP (NP (DT a) (ADJP (CD 65) (NN year) (JJ old)) (NN man)) (PP (IN with) (NP (NP (DT a) (NN history)) (PP (IN of) (NP (JJ Atrial) (NN Fibrillation))))) (, ,) (ADJP (NN S/P) (JJ Distant) (JJ stroke)) (, ,) (SBAR (WHNP (WP who)) (S (VP (VBZ has) (VP (VBN been) (RP off) (NP (NP (NN anticoagulation)) (PP (IN for) (NP (CD 4) (NN mos))) (PP (IN during) (NP (NP (NN evaluation)) (PP (IN of) (NP (JJ slow) (JJ GI) (JJ Bleed)))))))))))) (. .)))</ParseTree></Sentence></Sentences></Paragraph><Paragraph id="13"><Sentences Count="1"><Sentence id="0" offset="2186:2271"><Text>Seizure disorder - though patient does not recall last event or details of evaluation</Text><Tokens Count="14"><Token POSTag="NN" globalID="427" id="0" offset="-1:6"><Text>Seizure</Text></Token><Token POSTag="NN" globalID="428" id="1" offset="-1:7"><Text>disorder</Text></Token><Token POSTag="CC" globalID="429" id="2" offset="-1:0"><Text>-</Text></Token><Token POSTag="IN" globalID="430" id="3" offset="-1:5"><Text>though</Text></Token><Token POSTag="NN" globalID="431" id="4" offset="-1:6"><Text>patient</Text></Token><Token POSTag="VBZ" globalID="432" id="5" offset="-1:3"><Text>does</Text></Token><Token POSTag="RB" globalID="433" id="6" offset="-1:2"><Text>not</Text></Token><Token POSTag="NN" globalID="434" id="7" offset="-1:5"><Text>recall</Text></Token><Token POSTag="JJ" globalID="435" id="8" offset="-1:3"><Text>last</Text></Token><Token POSTag="NN" globalID="436" id="9" offset="-1:4"><Text>event</Text></Token><Token POSTag="CC" globalID="437" id="10" offset="-1:1"><Text>or</Text></Token><Token POSTag="NNS" globalID="438" id="11" offset="-1:6"><Text>details</Text></Token><Token POSTag="IN" globalID="439" id="12" offset="-1:1"><Text>of</Text></Token><Token POSTag="NN" globalID="440" id="13" offset="-1:9"><Text>evaluation</Text></Token></Tokens><ParseTree>(S1 (S (NP (NP (QP (CD 01/19/98) (, ,) (CD 21:44)) (JJ MEDICAL) (NN SERVICE) (NN STUDENT) (NN ADMISSION) (NN NOTE) (NN Location)) (: :) (NP (NNP A-GM) (NNP Mr.) (NNP S))) (VP (VBZ is) (NP (NP (DT a) (ADJP (CD 65) (NN year) (JJ old)) (NN man)) (PP (IN with) (NP (NP (DT a) (NN history)) (PP (IN of) (NP (JJ Atrial) (NN Fibrillation))))) (, ,) (ADJP (NN S/P) (JJ Distant) (JJ stroke)) (, ,) (SBAR (WHNP (WP who)) (S (VP (VBZ has) (VP (VBN been) (RP off) (NP (NP (NN anticoagulation)) (PP (IN for) (NP (CD 4) (NN mos))) (PP (IN during) (NP (NP (NN evaluation)) (PP (IN of) (NP (JJ slow) (JJ GI) (JJ Bleed)))))))))))) (. .)))</ParseTree></Sentence></Sentences></Paragraph><Paragraph id="14"><Sentences Count="4"><Sentence id="0" offset="2272:2309"><Text>GI Bleed: Intermittent heme + stools.</Text><Tokens Count="8"><Token POSTag="JJ" globalID="441" id="0" offset="-1:1"><Text>GI</Text></Token><Token POSTag="JJ" globalID="442" id="1" offset="-1:4"><Text>Bleed</Text></Token><Token POSTag=":" globalID="443" id="2" offset="-1:0"><Text>:</Text></Token><Token POSTag="JJ" globalID="444" id="3" offset="-1:11"><Text>Intermittent</Text></Token><Token POSTag="NN" globalID="445" id="4" offset="-1:3"><Text>heme</Text></Token><Token POSTag="CC" globalID="446" id="5" offset="-1:0"><Text>+</Text></Token><Token POSTag="NNS" globalID="447" id="6" offset="-1:5"><Text>stools</Text></Token><Token POSTag="." globalID="448" id="7" offset="2959:2960"><Text>.</Text></Token></Tokens><ParseTree>(S1 (S (NP (NP (QP (CD 01/19/98) (, ,) (CD 21:44)) (JJ MEDICAL) (NN SERVICE) (NN STUDENT) (NN ADMISSION) (NN NOTE) (NN Location)) (: :) (NP (NNP A-GM) (NNP Mr.) (NNP S))) (VP (VBZ is) (NP (NP (DT a) (ADJP (CD 65) (NN year) (JJ old)) (NN man)) (PP (IN with) (NP (NP (DT a) (NN history)) (PP (IN of) (NP (JJ Atrial) (NN Fibrillation))))) (, ,) (ADJP (NN S/P) (JJ Distant) (JJ stroke)) (, ,) (SBAR (WHNP (WP who)) (S (VP (VBZ has) (VP (VBN been) (RP off) (NP (NP (NN anticoagulation)) (PP (IN for) (NP (CD 4) (NN mos))) (PP (IN during) (NP (NP (NN evaluation)) (PP (IN of) (NP (JJ slow) (JJ GI) (JJ Bleed)))))))))))) (. .)))</ParseTree></Sentence><Sentence id="1" offset="2310:2347"><Text>Colonscopy on 9/97 showed 2 cm polyp.</Text><Tokens Count="8"><Token POSTag="NN" globalID="449" id="0" offset="-1:9"><Text>Colonscopy</Text></Token><Token POSTag="IN" globalID="450" id="1" offset="-1:1"><Text>on</Text></Token><Token POSTag="NN" globalID="451" id="2" offset="-1:3"><Text>9/97</Text></Token><Token POSTag="VBD" globalID="452" id="3" offset="-1:5"><Text>showed</Text></Token><Token POSTag="CD" globalID="453" id="4" offset="-1:0"><Text>2</Text></Token><Token POSTag="NN" globalID="454" id="5" offset="-1:1"><Text>cm</Text></Token><Token POSTag="CD" globalID="455" id="6" offset="-1:4"><Text>polyp</Text></Token><Token POSTag="." globalID="456" id="7" offset="2959:2960"><Text>.</Text></Token></Tokens><ParseTree>(S1 (S (NP (NP (QP (CD 01/19/98) (, ,) (CD 21:44)) (JJ MEDICAL) (NN SERVICE) (NN STUDENT) (NN ADMISSION) (NN NOTE) (NN Location)) (: :) (NP (NNP A-GM) (NNP Mr.) (NNP S))) (VP (VBZ is) (NP (NP (DT a) (ADJP (CD 65) (NN year) (JJ old)) (NN man)) (PP (IN with) (NP (NP (DT a) (NN history)) (PP (IN of) (NP (JJ Atrial) (NN Fibrillation))))) (, ,) (ADJP (NN S/P) (JJ Distant) (JJ stroke)) (, ,) (SBAR (WHNP (WP who)) (S (VP (VBZ has) (VP (VBN been) (RP off) (NP (NP (NN anticoagulation)) (PP (IN for) (NP (CD 4) (NN mos))) (PP (IN during) (NP (NP (NN evaluation)) (PP (IN of) (NP (JJ slow) (JJ GI) (JJ Bleed)))))))))))) (. .)))</ParseTree></Sentence><Sentence id="2" offset="2348:2370"><Text>Biopsy showed adenoma.</Text><Tokens Count="4"><Token POSTag="NN" globalID="457" id="0" offset="-1:5"><Text>Biopsy</Text></Token><Token POSTag="VBD" globalID="458" id="1" offset="-1:5"><Text>showed</Text></Token><Token POSTag="NN" globalID="459" id="2" offset="-1:6"><Text>adenoma</Text></Token><Token POSTag="." globalID="460" id="3" offset="2959:2960"><Text>.</Text></Token></Tokens><ParseTree>(S1 (S (NP (NP (QP (CD 01/19/98) (, ,) (CD 21:44)) (JJ MEDICAL) (NN SERVICE) (NN STUDENT) (NN ADMISSION) (NN NOTE) (NN Location)) (: :) (NP (NNP A-GM) (NNP Mr.) (NNP S))) (VP (VBZ is) (NP (NP (DT a) (ADJP (CD 65) (NN year) (JJ old)) (NN man)) (PP (IN with) (NP (NP (DT a) (NN history)) (PP (IN of) (NP (JJ Atrial) (NN Fibrillation))))) (, ,) (ADJP (NN S/P) (JJ Distant) (JJ stroke)) (, ,) (SBAR (WHNP (WP who)) (S (VP (VBZ has) (VP (VBN been) (RP off) (NP (NP (NN anticoagulation)) (PP (IN for) (NP (CD 4) (NN mos))) (PP (IN during) (NP (NP (NN evaluation)) (PP (IN of) (NP (JJ slow) (JJ GI) (JJ Bleed)))))))))))) (. .)))</ParseTree></Sentence><Sentence id="3" offset="2371:2400"><Text>Patient declined polypectomy.</Text><Tokens Count="4"><Token POSTag="NN" globalID="461" id="0" offset="-1:6"><Text>Patient</Text></Token><Token POSTag="VBD" globalID="462" id="1" offset="-1:7"><Text>declined</Text></Token><Token POSTag="NN" globalID="463" id="2" offset="-1:10"><Text>polypectomy</Text></Token><Token POSTag="." globalID="464" id="3" offset="2959:2960"><Text>.</Text></Token></Tokens><ParseTree>(S1 (S (NP (NP (QP (CD 01/19/98) (, ,) (CD 21:44)) (JJ MEDICAL) (NN SERVICE) (NN STUDENT) (NN ADMISSION) (NN NOTE) (NN Location)) (: :) (NP (NNP A-GM) (NNP Mr.) (NNP S))) (VP (VBZ is) (NP (NP (DT a) (ADJP (CD 65) (NN year) (JJ old)) (NN man)) (PP (IN with) (NP (NP (DT a) (NN history)) (PP (IN of) (NP (JJ Atrial) (NN Fibrillation))))) (, ,) (ADJP (NN S/P) (JJ Distant) (JJ stroke)) (, ,) (SBAR (WHNP (WP who)) (S (VP (VBZ has) (VP (VBN been) (RP off) (NP (NP (NN anticoagulation)) (PP (IN for) (NP (CD 4) (NN mos))) (PP (IN during) (NP (NP (NN evaluation)) (PP (IN of) (NP (JJ slow) (JJ GI) (JJ Bleed)))))))))))) (. .)))</ParseTree></Sentence></Sentences></Paragraph><Paragraph id="15"><Sentences Count="1"><Sentence id="0" offset="2401:2405"><Text>COPD</Text><Tokens Count="1"><Token POSTag="NN" globalID="465" id="0" offset="-1:3"><Text>COPD</Text></Token></Tokens><ParseTree>(S1 (S (NP (NP (QP (CD 01/19/98) (, ,) (CD 21:44)) (JJ MEDICAL) (NN SERVICE) (NN STUDENT) (NN ADMISSION) (NN NOTE) (NN Location)) (: :) (NP (NNP A-GM) (NNP Mr.) (NNP S))) (VP (VBZ is) (NP (NP (DT a) (ADJP (CD 65) (NN year) (JJ old)) (NN man)) (PP (IN with) (NP (NP (DT a) (NN history)) (PP (IN of) (NP (JJ Atrial) (NN Fibrillation))))) (, ,) (ADJP (NN S/P) (JJ Distant) (JJ stroke)) (, ,) (SBAR (WHNP (WP who)) (S (VP (VBZ has) (VP (VBN been) (RP off) (NP (NP (NN anticoagulation)) (PP (IN for) (NP (CD 4) (NN mos))) (PP (IN during) (NP (NP (NN evaluation)) (PP (IN of) (NP (JJ slow) (JJ GI) (JJ Bleed)))))))))))) (. .)))</ParseTree></Sentence></Sentences></Paragraph><Paragraph id="16"><Sentences Count="1"><Sentence id="0" offset="2406:2409"><Text>HTN</Text><Tokens Count="1"><Token POSTag="NN" globalID="466" id="0" offset="-1:2"><Text>HTN</Text></Token></Tokens><ParseTree>(S1 (S (NP (NP (QP (CD 01/19/98) (, ,) (CD 21:44)) (JJ MEDICAL) (NN SERVICE) (NN STUDENT) (NN ADMISSION) (NN NOTE) (NN Location)) (: :) (NP (NNP A-GM) (NNP Mr.) (NNP S))) (VP (VBZ is) (NP (NP (DT a) (ADJP (CD 65) (NN year) (JJ old)) (NN man)) (PP (IN with) (NP (NP (DT a) (NN history)) (PP (IN of) (NP (JJ Atrial) (NN Fibrillation))))) (, ,) (ADJP (NN S/P) (JJ Distant) (JJ stroke)) (, ,) (SBAR (WHNP (WP who)) (S (VP (VBZ has) (VP (VBN been) (RP off) (NP (NP (NN anticoagulation)) (PP (IN for) (NP (CD 4) (NN mos))) (PP (IN during) (NP (NP (NN evaluation)) (PP (IN of) (NP (JJ slow) (JJ GI) (JJ Bleed)))))))))))) (. .)))</ParseTree></Sentence></Sentences></Paragraph><Paragraph id="17"><Sentences Count="1"><Sentence id="0" offset="2410:2414"><Text>GERD</Text><Tokens Count="1"><Token POSTag="NN" globalID="467" id="0" offset="-1:3"><Text>GERD</Text></Token></Tokens><ParseTree>(S1 (S (NP (NP (QP (CD 01/19/98) (, ,) (CD 21:44)) (JJ MEDICAL) (NN SERVICE) (NN STUDENT) (NN ADMISSION) (NN NOTE) (NN Location)) (: :) (NP (NNP A-GM) (NNP Mr.) (NNP S))) (VP (VBZ is) (NP (NP (DT a) (ADJP (CD 65) (NN year) (JJ old)) (NN man)) (PP (IN with) (NP (NP (DT a) (NN history)) (PP (IN of) (NP (JJ Atrial) (NN Fibrillation))))) (, ,) (ADJP (NN S/P) (JJ Distant) (JJ stroke)) (, ,) (SBAR (WHNP (WP who)) (S (VP (VBZ has) (VP (VBN been) (RP off) (NP (NP (NN anticoagulation)) (PP (IN for) (NP (CD 4) (NN mos))) (PP (IN during) (NP (NP (NN evaluation)) (PP (IN of) (NP (JJ slow) (JJ GI) (JJ Bleed)))))))))))) (. .)))</ParseTree></Sentence></Sentences></Paragraph><Paragraph id="18"><Sentences Count="1"><Sentence id="0" offset="2415:2508"><Text>Anemia: Extensive workup consistently shows iron deficinecy anemia with last HCT 12/97 at 30.</Text><Tokens Count="16"><Token POSTag="NN" globalID="468" id="0" offset="-1:5"><Text>Anemia</Text></Token><Token POSTag=":" globalID="469" id="1" offset="-1:0"><Text>:</Text></Token><Token POSTag="JJ" globalID="470" id="2" offset="-1:8"><Text>Extensive</Text></Token><Token POSTag="NN" globalID="471" id="3" offset="-1:5"><Text>workup</Text></Token><Token POSTag="RB" globalID="472" id="4" offset="-1:11"><Text>consistently</Text></Token><Token POSTag="VBZ" globalID="473" id="5" offset="-1:4"><Text>shows</Text></Token><Token POSTag="NN" globalID="474" id="6" offset="-1:3"><Text>iron</Text></Token><Token POSTag="NN" globalID="475" id="7" offset="-1:9"><Text>deficinecy</Text></Token><Token POSTag="NN" globalID="476" id="8" offset="-1:5"><Text>anemia</Text></Token><Token POSTag="IN" globalID="477" id="9" offset="-1:3"><Text>with</Text></Token><Token POSTag="JJ" globalID="478" id="10" offset="-1:3"><Text>last</Text></Token><Token POSTag="NN" globalID="479" id="11" offset="-1:2"><Text>HCT</Text></Token><Token POSTag="NN" globalID="480" id="12" offset="-1:4"><Text>12/97</Text></Token><Token POSTag="IN" globalID="481" id="13" offset="-1:1"><Text>at</Text></Token><Token POSTag="CD" globalID="482" id="14" offset="-1:1"><Text>30</Text></Token><Token POSTag="." globalID="483" id="15" offset="2959:2960"><Text>.</Text></Token></Tokens><ParseTree>(S1 (S (NP (NP (QP (CD 01/19/98) (, ,) (CD 21:44)) (JJ MEDICAL) (NN SERVICE) (NN STUDENT) (NN ADMISSION) (NN NOTE) (NN Location)) (: :) (NP (NNP A-GM) (NNP Mr.) (NNP S))) (VP (VBZ is) (NP (NP (DT a) (ADJP (CD 65) (NN year) (JJ old)) (NN man)) (PP (IN with) (NP (NP (DT a) (NN history)) (PP (IN of) (NP (JJ Atrial) (NN Fibrillation))))) (, ,) (ADJP (NN S/P) (JJ Distant) (JJ stroke)) (, ,) (SBAR (WHNP (WP who)) (S (VP (VBZ has) (VP (VBN been) (RP off) (NP (NP (NN anticoagulation)) (PP (IN for) (NP (CD 4) (NN mos))) (PP (IN during) (NP (NP (NN evaluation)) (PP (IN of) (NP (JJ slow) (JJ GI) (JJ Bleed)))))))))))) (. .)))</ParseTree></Sentence></Sentences></Paragraph><Paragraph id="19"><Sentences Count="1"><Sentence id="0" offset="2509:2530"><Text>H/O asbestos exposure</Text><Tokens Count="3"><Token POSTag="NN" globalID="484" id="0" offset="-1:2"><Text>H/O</Text></Token><Token POSTag="NN" globalID="485" id="1" offset="-1:7"><Text>asbestos</Text></Token><Token POSTag="NN" globalID="486" id="2" offset="-1:7"><Text>exposure</Text></Token></Tokens><ParseTree>(S1 (S (NP (NP (QP (CD 01/19/98) (, ,) (CD 21:44)) (JJ MEDICAL) (NN SERVICE) (NN STUDENT) (NN ADMISSION) (NN NOTE) (NN Location)) (: :) (NP (NNP A-GM) (NNP Mr.) (NNP S))) (VP (VBZ is) (NP (NP (DT a) (ADJP (CD 65) (NN year) (JJ old)) (NN man)) (PP (IN with) (NP (NP (DT a) (NN history)) (PP (IN of) (NP (JJ Atrial) (NN Fibrillation))))) (, ,) (ADJP (NN S/P) (JJ Distant) (JJ stroke)) (, ,) (SBAR (WHNP (WP who)) (S (VP (VBZ has) (VP (VBN been) (RP off) (NP (NP (NN anticoagulation)) (PP (IN for) (NP (CD 4) (NN mos))) (PP (IN during) (NP (NP (NN evaluation)) (PP (IN of) (NP (JJ slow) (JJ GI) (JJ Bleed)))))))))))) (. .)))</ParseTree></Sentence></Sentences></Paragraph><Paragraph id="20"><Sentences Count="1"><Sentence id="0" offset="2531:2559"><Text>Bilateral shoulder bursitis.</Text><Tokens Count="4"><Token POSTag="JJ" globalID="487" id="0" offset="-1:8"><Text>Bilateral</Text></Token><Token POSTag="NN" globalID="488" id="1" offset="-1:7"><Text>shoulder</Text></Token><Token POSTag="NN" globalID="489" id="2" offset="-1:7"><Text>bursitis</Text></Token><Token POSTag="." globalID="490" id="3" offset="2959:2960"><Text>.</Text></Token></Tokens><ParseTree>(S1 (S (NP (NP (QP (CD 01/19/98) (, ,) (CD 21:44)) (JJ MEDICAL) (NN SERVICE) (NN STUDENT) (NN ADMISSION) (NN NOTE) (NN Location)) (: :) (NP (NNP A-GM) (NNP Mr.) (NNP S))) (VP (VBZ is) (NP (NP (DT a) (ADJP (CD 65) (NN year) (JJ old)) (NN man)) (PP (IN with) (NP (NP (DT a) (NN history)) (PP (IN of) (NP (JJ Atrial) (NN Fibrillation))))) (, ,) (ADJP (NN S/P) (JJ Distant) (JJ stroke)) (, ,) (SBAR (WHNP (WP who)) (S (VP (VBZ has) (VP (VBN been) (RP off) (NP (NP (NN anticoagulation)) (PP (IN for) (NP (CD 4) (NN mos))) (PP (IN during) (NP (NP (NN evaluation)) (PP (IN of) (NP (JJ slow) (JJ GI) (JJ Bleed)))))))))))) (. .)))</ParseTree></Sentence></Sentences></Paragraph><Paragraph id="21"><Sentences Count="1"><Sentence id="0" offset="2560:2570"><Text>PSH:	R CEA</Text><Tokens Count="4"><Token POSTag="NN" globalID="491" id="0" offset="-1:2"><Text>PSH</Text></Token><Token POSTag=":" globalID="492" id="1" offset="-1:0"><Text>:</Text></Token><Token POSTag="NN" globalID="493" id="2" offset="-1:0"><Text>R</Text></Token><Token POSTag="NN" globalID="494" id="3" offset="-1:2"><Text>CEA</Text></Token></Tokens><ParseTree>(S1 (S (NP (NP (QP (CD 01/19/98) (, ,) (CD 21:44)) (JJ MEDICAL) (NN SERVICE) (NN STUDENT) (NN ADMISSION) (NN NOTE) (NN Location)) (: :) (NP (NNP A-GM) (NNP Mr.) (NNP S))) (VP (VBZ is) (NP (NP (DT a) (ADJP (CD 65) (NN year) (JJ old)) (NN man)) (PP (IN with) (NP (NP (DT a) (NN history)) (PP (IN of) (NP (JJ Atrial) (NN Fibrillation))))) (, ,) (ADJP (NN S/P) (JJ Distant) (JJ stroke)) (, ,) (SBAR (WHNP (WP who)) (S (VP (VBZ has) (VP (VBN been) (RP off) (NP (NP (NN anticoagulation)) (PP (IN for) (NP (CD 4) (NN mos))) (PP (IN during) (NP (NP (NN evaluation)) (PP (IN of) (NP (JJ slow) (JJ GI) (JJ Bleed)))))))))))) (. .)))</ParseTree></Sentence></Sentences></Paragraph><Paragraph id="22"><Sentences Count="1"><Sentence id="0" offset="2571:2614"><Text>R orchiectomy at age 5 for traumatic injury</Text><Tokens Count="8"><Token POSTag="NN" globalID="495" id="0" offset="-1:0"><Text>R</Text></Token><Token POSTag="NN" globalID="496" id="1" offset="-1:10"><Text>orchiectomy</Text></Token><Token POSTag="IN" globalID="497" id="2" offset="-1:1"><Text>at</Text></Token><Token POSTag="NN" globalID="498" id="3" offset="-1:2"><Text>age</Text></Token><Token POSTag="CD" globalID="499" id="4" offset="-1:0"><Text>5</Text></Token><Token POSTag="IN" globalID="500" id="5" offset="-1:2"><Text>for</Text></Token><Token POSTag="JJ" globalID="501" id="6" offset="-1:8"><Text>traumatic</Text></Token><Token POSTag="NN" globalID="502" id="7" offset="-1:5"><Text>injury</Text></Token></Tokens><ParseTree>(S1 (S (NP (NP (QP (CD 01/19/98) (, ,) (CD 21:44)) (JJ MEDICAL) (NN SERVICE) (NN STUDENT) (NN ADMISSION) (NN NOTE) (NN Location)) (: :) (NP (NNP A-GM) (NNP Mr.) (NNP S))) (VP (VBZ is) (NP (NP (DT a) (ADJP (CD 65) (NN year) (JJ old)) (NN man)) (PP (IN with) (NP (NP (DT a) (NN history)) (PP (IN of) (NP (JJ Atrial) (NN Fibrillation))))) (, ,) (ADJP (NN S/P) (JJ Distant) (JJ stroke)) (, ,) (SBAR (WHNP (WP who)) (S (VP (VBZ has) (VP (VBN been) (RP off) (NP (NP (NN anticoagulation)) (PP (IN for) (NP (CD 4) (NN mos))) (PP (IN during) (NP (NP (NN evaluation)) (PP (IN of) (NP (JJ slow) (JJ GI) (JJ Bleed)))))))))))) (. .)))</ParseTree></Sentence></Sentences></Paragraph><Paragraph id="23"><Sentences Count="1"><Sentence id="0" offset="2615:2666"><Text>Cataract s/p removal and implant placement on right</Text><Tokens Count="8"><Token POSTag="VB" globalID="503" id="0" offset="-1:7"><Text>Cataract</Text></Token><Token POSTag="NN" globalID="504" id="1" offset="-1:2"><Text>s/p</Text></Token><Token POSTag="NN" globalID="505" id="2" offset="-1:6"><Text>removal</Text></Token><Token POSTag="CC" globalID="506" id="3" offset="-1:2"><Text>and</Text></Token><Token POSTag="VB" globalID="507" id="4" offset="-1:6"><Text>implant</Text></Token><Token POSTag="NN" globalID="508" id="5" offset="-1:8"><Text>placement</Text></Token><Token POSTag="IN" globalID="509" id="6" offset="-1:1"><Text>on</Text></Token><Token POSTag="JJ" globalID="510" id="7" offset="-1:4"><Text>right</Text></Token></Tokens><ParseTree>(S1 (S (NP (NP (QP (CD 01/19/98) (, ,) (CD 21:44)) (JJ MEDICAL) (NN SERVICE) (NN STUDENT) (NN ADMISSION) (NN NOTE) (NN Location)) (: :) (NP (NNP A-GM) (NNP Mr.) (NNP S))) (VP (VBZ is) (NP (NP (DT a) (ADJP (CD 65) (NN year) (JJ old)) (NN man)) (PP (IN with) (NP (NP (DT a) (NN history)) (PP (IN of) (NP (JJ Atrial) (NN Fibrillation))))) (, ,) (ADJP (NN S/P) (JJ Distant) (JJ stroke)) (, ,) (SBAR (WHNP (WP who)) (S (VP (VBZ has) (VP (VBN been) (RP off) (NP (NP (NN anticoagulation)) (PP (IN for) (NP (CD 4) (NN mos))) (PP (IN during) (NP (NP (NN evaluation)) (PP (IN of) (NP (JJ slow) (JJ GI) (JJ Bleed)))))))))))) (. .)))</ParseTree></Sentence></Sentences></Paragraph><Paragraph id="24"><Sentences Count="1"><Sentence id="0" offset="2667:2693"><Text>MEDS:	Ecotrin 325 mg po qd</Text><Tokens Count="7"><Token POSTag="NN" globalID="511" id="0" offset="-1:3"><Text>MEDS</Text></Token><Token POSTag=":" globalID="512" id="1" offset="-1:0"><Text>:</Text></Token><Token POSTag="NN" globalID="513" id="2" offset="-1:6"><Text>Ecotrin</Text></Token><Token POSTag="NN" globalID="514" id="3" offset="-1:2"><Text>325</Text></Token><Token POSTag="NN" globalID="515" id="4" offset="-1:1"><Text>mg</Text></Token><Token POSTag="NN" globalID="516" id="5" offset="-1:1"><Text>po</Text></Token><Token POSTag="NN" globalID="517" id="6" offset="-1:1"><Text>qd</Text></Token></Tokens><ParseTree>(S1 (S (NP (NP (QP (CD 01/19/98) (, ,) (CD 21:44)) (JJ MEDICAL) (NN SERVICE) (NN STUDENT) (NN ADMISSION) (NN NOTE) (NN Location)) (: :) (NP (NNP A-GM) (NNP Mr.) (NNP S))) (VP (VBZ is) (NP (NP (DT a) (ADJP (CD 65) (NN year) (JJ old)) (NN man)) (PP (IN with) (NP (NP (DT a) (NN history)) (PP (IN of) (NP (JJ Atrial) (NN Fibrillation))))) (, ,) (ADJP (NN S/P) (JJ Distant) (JJ stroke)) (, ,) (SBAR (WHNP (WP who)) (S (VP (VBZ has) (VP (VBN been) (RP off) (NP (NP (NN anticoagulation)) (PP (IN for) (NP (CD 4) (NN mos))) (PP (IN during) (NP (NP (NN evaluation)) (PP (IN of) (NP (JJ slow) (JJ GI) (JJ Bleed)))))))))))) (. .)))</ParseTree></Sentence></Sentences></Paragraph><Paragraph id="25"><Sentences Count="1"><Sentence id="0" offset="2694:2716"><Text>Verapamil SA 180 po qd</Text><Tokens Count="5"><Token POSTag="NN" globalID="518" id="0" offset="-1:8"><Text>Verapamil</Text></Token><Token POSTag="NN" globalID="519" id="1" offset="-1:1"><Text>SA</Text></Token><Token POSTag="CD" globalID="520" id="2" offset="-1:2"><Text>180</Text></Token><Token POSTag="NN" globalID="521" id="3" offset="-1:1"><Text>po</Text></Token><Token POSTag="NN" globalID="522" id="4" offset="-1:1"><Text>qd</Text></Token></Tokens><ParseTree>(S1 (S (NP (NP (QP (CD 01/19/98) (, ,) (CD 21:44)) (JJ MEDICAL) (NN SERVICE) (NN STUDENT) (NN ADMISSION) (NN NOTE) (NN Location)) (: :) (NP (NNP A-GM) (NNP Mr.) (NNP S))) (VP (VBZ is) (NP (NP (DT a) (ADJP (CD 65) (NN year) (JJ old)) (NN man)) (PP (IN with) (NP (NP (DT a) (NN history)) (PP (IN of) (NP (JJ Atrial) (NN Fibrillation))))) (, ,) (ADJP (NN S/P) (JJ Distant) (JJ stroke)) (, ,) (SBAR (WHNP (WP who)) (S (VP (VBZ has) (VP (VBN been) (RP off) (NP (NP (NN anticoagulation)) (PP (IN for) (NP (CD 4) (NN mos))) (PP (IN during) (NP (NP (NN evaluation)) (PP (IN of) (NP (JJ slow) (JJ GI) (JJ Bleed)))))))))))) (. .)))</ParseTree></Sentence></Sentences></Paragraph><Paragraph id="26"><Sentences Count="1"><Sentence id="0" offset="2717:2738"><Text>Lansoprazole 15 po qd</Text><Tokens Count="4"><Token POSTag="NN" globalID="523" id="0" offset="-1:11"><Text>Lansoprazole</Text></Token><Token POSTag="CD" globalID="524" id="1" offset="-1:1"><Text>15</Text></Token><Token POSTag="NN" globalID="525" id="2" offset="-1:1"><Text>po</Text></Token><Token POSTag="NN" globalID="526" id="3" offset="-1:1"><Text>qd</Text></Token></Tokens><ParseTree>(S1 (S (NP (NP (QP (CD 01/19/98) (, ,) (CD 21:44)) (JJ MEDICAL) (NN SERVICE) (NN STUDENT) (NN ADMISSION) (NN NOTE) (NN Location)) (: :) (NP (NNP A-GM) (NNP Mr.) (NNP S))) (VP (VBZ is) (NP (NP (DT a) (ADJP (CD 65) (NN year) (JJ old)) (NN man)) (PP (IN with) (NP (NP (DT a) (NN history)) (PP (IN of) (NP (JJ Atrial) (NN Fibrillation))))) (, ,) (ADJP (NN S/P) (JJ Distant) (JJ stroke)) (, ,) (SBAR (WHNP (WP who)) (S (VP (VBZ has) (VP (VBN been) (RP off) (NP (NP (NN anticoagulation)) (PP (IN for) (NP (CD 4) (NN mos))) (PP (IN during) (NP (NP (NN evaluation)) (PP (IN of) (NP (JJ slow) (JJ GI) (JJ Bleed)))))))))))) (. .)))</ParseTree></Sentence></Sentences></Paragraph><Paragraph id="27"><Sentences Count="1"><Sentence id="0" offset="2739:2758"><Text>Dilantin 300 po qhs</Text><Tokens Count="4"><Token POSTag="NN" globalID="527" id="0" offset="-1:7"><Text>Dilantin</Text></Token><Token POSTag="CD" globalID="528" id="1" offset="-1:2"><Text>300</Text></Token><Token POSTag="NN" globalID="529" id="2" offset="-1:1"><Text>po</Text></Token><Token POSTag="NNS" globalID="530" id="3" offset="-1:2"><Text>qhs</Text></Token></Tokens><ParseTree>(S1 (S (NP (NP (QP (CD 01/19/98) (, ,) (CD 21:44)) (JJ MEDICAL) (NN SERVICE) (NN STUDENT) (NN ADMISSION) (NN NOTE) (NN Location)) (: :) (NP (NNP A-GM) (NNP Mr.) (NNP S))) (VP (VBZ is) (NP (NP (DT a) (ADJP (CD 65) (NN year) (JJ old)) (NN man)) (PP (IN with) (NP (NP (DT a) (NN history)) (PP (IN of) (NP (JJ Atrial) (NN Fibrillation))))) (, ,) (ADJP (NN S/P) (JJ Distant) (JJ stroke)) (, ,) (SBAR (WHNP (WP who)) (S (VP (VBZ has) (VP (VBN been) (RP off) (NP (NP (NN anticoagulation)) (PP (IN for) (NP (CD 4) (NN mos))) (PP (IN during) (NP (NP (NN evaluation)) (PP (IN of) (NP (JJ slow) (JJ GI) (JJ Bleed)))))))))))) (. .)))</ParseTree></Sentence></Sentences></Paragraph><Paragraph id="28"><Sentences Count="1"><Sentence id="0" offset="2759:2779"><Text>Atrovent 4 puffs QID</Text><Tokens Count="4"><Token POSTag="NN" globalID="531" id="0" offset="-1:7"><Text>Atrovent</Text></Token><Token POSTag="CD" globalID="532" id="1" offset="-1:0"><Text>4</Text></Token><Token POSTag="NNS" globalID="533" id="2" offset="-1:4"><Text>puffs</Text></Token><Token POSTag="JJ" globalID="534" id="3" offset="-1:2"><Text>QID</Text></Token></Tokens><ParseTree>(S1 (S (NP (NP (QP (CD 01/19/98) (, ,) (CD 21:44)) (JJ MEDICAL) (NN SERVICE) (NN STUDENT) (NN ADMISSION) (NN NOTE) (NN Location)) (: :) (NP (NNP A-GM) (NNP Mr.) (NNP S))) (VP (VBZ is) (NP (NP (DT a) (ADJP (CD 65) (NN year) (JJ old)) (NN man)) (PP (IN with) (NP (NP (DT a) (NN history)) (PP (IN of) (NP (JJ Atrial) (NN Fibrillation))))) (, ,) (ADJP (NN S/P) (JJ Distant) (JJ stroke)) (, ,) (SBAR (WHNP (WP who)) (S (VP (VBZ has) (VP (VBN been) (RP off) (NP (NP (NN anticoagulation)) (PP (IN for) (NP (CD 4) (NN mos))) (PP (IN during) (NP (NP (NN evaluation)) (PP (IN of) (NP (JJ slow) (JJ GI) (JJ Bleed)))))))))))) (. .)))</ParseTree></Sentence></Sentences></Paragraph><Paragraph id="29"><Sentences Count="1"><Sentence id="0" offset="2780:2800"><Text>Vanceril 4 puffs BID</Text><Tokens Count="4"><Token POSTag="NN" globalID="535" id="0" offset="-1:7"><Text>Vanceril</Text></Token><Token POSTag="CD" globalID="536" id="1" offset="-1:0"><Text>4</Text></Token><Token POSTag="NN" globalID="537" id="2" offset="-1:4"><Text>puffs</Text></Token><Token POSTag="NN" globalID="538" id="3" offset="-1:2"><Text>BID</Text></Token></Tokens><ParseTree>(S1 (S (NP (NP (QP (CD 01/19/98) (, ,) (CD 21:44)) (JJ MEDICAL) (NN SERVICE) (NN STUDENT) (NN ADMISSION) (NN NOTE) (NN Location)) (: :) (NP (NNP A-GM) (NNP Mr.) (NNP S))) (VP (VBZ is) (NP (NP (DT a) (ADJP (CD 65) (NN year) (JJ old)) (NN man)) (PP (IN with) (NP (NP (DT a) (NN history)) (PP (IN of) (NP (JJ Atrial) (NN Fibrillation))))) (, ,) (ADJP (NN S/P) (JJ Distant) (JJ stroke)) (, ,) (SBAR (WHNP (WP who)) (S (VP (VBZ has) (VP (VBN been) (RP off) (NP (NP (NN anticoagulation)) (PP (IN for) (NP (CD 4) (NN mos))) (PP (IN during) (NP (NP (NN evaluation)) (PP (IN of) (NP (JJ slow) (JJ GI) (JJ Bleed)))))))))))) (. .)))</ParseTree></Sentence></Sentences></Paragraph><Paragraph id="30"><Sentences Count="1"><Sentence id="0" offset="2801:2821"><Text>Colace 100 mg po BID</Text><Tokens Count="5"><Token POSTag="NN" globalID="539" id="0" offset="-1:5"><Text>Colace</Text></Token><Token POSTag="CD" globalID="540" id="1" offset="-1:2"><Text>100</Text></Token><Token POSTag="NN" globalID="541" id="2" offset="-1:1"><Text>mg</Text></Token><Token POSTag="NN" globalID="542" id="3" offset="-1:1"><Text>po</Text></Token><Token POSTag="NN" globalID="543" id="4" offset="-1:2"><Text>BID</Text></Token></Tokens><ParseTree>(S1 (S (NP (NP (QP (CD 01/19/98) (, ,) (CD 21:44)) (JJ MEDICAL) (NN SERVICE) (NN STUDENT) (NN ADMISSION) (NN NOTE) (NN Location)) (: :) (NP (NNP A-GM) (NNP Mr.) (NNP S))) (VP (VBZ is) (NP (NP (DT a) (ADJP (CD 65) (NN year) (JJ old)) (NN man)) (PP (IN with) (NP (NP (DT a) (NN history)) (PP (IN of) (NP (JJ Atrial) (NN Fibrillation))))) (, ,) (ADJP (NN S/P) (JJ Distant) (JJ stroke)) (, ,) (SBAR (WHNP (WP who)) (S (VP (VBZ has) (VP (VBN been) (RP off) (NP (NP (NN anticoagulation)) (PP (IN for) (NP (CD 4) (NN mos))) (PP (IN during) (NP (NP (NN evaluation)) (PP (IN of) (NP (JJ slow) (JJ GI) (JJ Bleed)))))))))))) (. .)))</ParseTree></Sentence></Sentences></Paragraph><Paragraph id="31"><Sentences Count="1"><Sentence id="0" offset="2822:2856"><Text>ALLERGIES:	No Known Drug Allergies</Text><Tokens Count="6"><Token POSTag="NNS" globalID="544" id="0" offset="-1:8"><Text>ALLERGIES</Text></Token><Token POSTag=":" globalID="545" id="1" offset="-1:0"><Text>:</Text></Token><Token POSTag="DT" globalID="546" id="2" offset="-1:1"><Text>No</Text></Token><Token POSTag="JJ" globalID="547" id="3" offset="-1:4"><Text>Known</Text></Token><Token POSTag="NN" globalID="548" id="4" offset="-1:3"><Text>Drug</Text></Token><Token POSTag="NNS" globalID="549" id="5" offset="-1:8"><Text>Allergies</Text></Token></Tokens><ParseTree>(S1 (S (NP (NP (QP (CD 01/19/98) (, ,) (CD 21:44)) (JJ MEDICAL) (NN SERVICE) (NN STUDENT) (NN ADMISSION) (NN NOTE) (NN Location)) (: :) (NP (NNP A-GM) (NNP Mr.) (NNP S))) (VP (VBZ is) (NP (NP (DT a) (ADJP (CD 65) (NN year) (JJ old)) (NN man)) (PP (IN with) (NP (NP (DT a) (NN history)) (PP (IN of) (NP (JJ Atrial) (NN Fibrillation))))) (, ,) (ADJP (NN S/P) (JJ Distant) (JJ stroke)) (, ,) (SBAR (WHNP (WP who)) (S (VP (VBZ has) (VP (VBN been) (RP off) (NP (NP (NN anticoagulation)) (PP (IN for) (NP (CD 4) (NN mos))) (PP (IN during) (NP (NP (NN evaluation)) (PP (IN of) (NP (JJ slow) (JJ GI) (JJ Bleed)))))))))))) (. .)))</ParseTree></Sentence></Sentences></Paragraph><Paragraph id="32"><Sentences Count="1"><Sentence id="0" offset="2857:2901"><Text>SMOKING	60 pack year hx, now 1 pack per day.</Text><Tokens Count="12"><Token POSTag="NN" globalID="550" id="0" offset="-1:6"><Text>SMOKING</Text></Token><Token POSTag="CD" globalID="551" id="1" offset="-1:1"><Text>60</Text></Token><Token POSTag="NN" globalID="552" id="2" offset="-1:3"><Text>pack</Text></Token><Token POSTag="NN" globalID="553" id="3" offset="-1:3"><Text>year</Text></Token><Token POSTag="NN" globalID="554" id="4" offset="-1:1"><Text>hx</Text></Token><Token POSTag="," globalID="555" id="5" offset="-1:0"><Text>,</Text></Token><Token POSTag="RB" globalID="556" id="6" offset="-1:2"><Text>now</Text></Token><Token POSTag="CD" globalID="557" id="7" offset="-1:0"><Text>1</Text></Token><Token POSTag="NN" globalID="558" id="8" offset="-1:3"><Text>pack</Text></Token><Token POSTag="IN" globalID="559" id="9" offset="-1:2"><Text>per</Text></Token><Token POSTag="NN" globalID="560" id="10" offset="-1:2"><Text>day</Text></Token><Token POSTag="." globalID="561" id="11" offset="2959:2960"><Text>.</Text></Token></Tokens><ParseTree>(S1 (S (NP (NP (QP (CD 01/19/98) (, ,) (CD 21:44)) (JJ MEDICAL) (NN SERVICE) (NN STUDENT) (NN ADMISSION) (NN NOTE) (NN Location)) (: :) (NP (NNP A-GM) (NNP Mr.) (NNP S))) (VP (VBZ is) (NP (NP (DT a) (ADJP (CD 65) (NN year) (JJ old)) (NN man)) (PP (IN with) (NP (NP (DT a) (NN history)) (PP (IN of) (NP (JJ Atrial) (NN Fibrillation))))) (, ,) (ADJP (NN S/P) (JJ Distant) (JJ stroke)) (, ,) (SBAR (WHNP (WP who)) (S (VP (VBZ has) (VP (VBN been) (RP off) (NP (NP (NN anticoagulation)) (PP (IN for) (NP (CD 4) (NN mos))) (PP (IN during) (NP (NP (NN evaluation)) (PP (IN of) (NP (JJ slow) (JJ GI) (JJ Bleed)))))))))))) (. .)))</ParseTree></Sentence></Sentences></Paragraph><Paragraph id="33"><Sentences Count="2"><Sentence id="0" offset="2902:2946"><Text>ALCOHOL	Heavy use in past, quit 5 years ago.</Text><Tokens Count="11"><Token POSTag="NN" globalID="562" id="0" offset="-1:6"><Text>ALCOHOL</Text></Token><Token POSTag="JJ" globalID="563" id="1" offset="-1:4"><Text>Heavy</Text></Token><Token POSTag="NN" globalID="564" id="2" offset="-1:2"><Text>use</Text></Token><Token POSTag="IN" globalID="565" id="3" offset="-1:1"><Text>in</Text></Token><Token POSTag="JJ" globalID="566" id="4" offset="-1:3"><Text>past</Text></Token><Token POSTag="," globalID="567" id="5" offset="-1:0"><Text>,</Text></Token><Token POSTag="VB" globalID="568" id="6" offset="-1:3"><Text>quit</Text></Token><Token POSTag="CD" globalID="569" id="7" offset="-1:0"><Text>5</Text></Token><Token POSTag="NNS" globalID="570" id="8" offset="-1:4"><Text>years</Text></Token><Token POSTag="RB" globalID="571" id="9" offset="-1:2"><Text>ago</Text></Token><Token POSTag="." globalID="572" id="10" offset="2959:2960"><Text>.</Text></Token></Tokens><ParseTree>(S1 (S (NP (NP (QP (CD 01/19/98) (, ,) (CD 21:44)) (JJ MEDICAL) (NN SERVICE) (NN STUDENT) (NN ADMISSION) (NN NOTE) (NN Location)) (: :) (NP (NNP A-GM) (NNP Mr.) (NNP S))) (VP (VBZ is) (NP (NP (DT a) (ADJP (CD 65) (NN year) (JJ old)) (NN man)) (PP (IN with) (NP (NP (DT a) (NN history)) (PP (IN of) (NP (JJ Atrial) (NN Fibrillation))))) (, ,) (ADJP (NN S/P) (JJ Distant) (JJ stroke)) (, ,) (SBAR (WHNP (WP who)) (S (VP (VBZ has) (VP (VBN been) (RP off) (NP (NP (NN anticoagulation)) (PP (IN for) (NP (CD 4) (NN mos))) (PP (IN during) (NP (NP (NN evaluation)) (PP (IN of) (NP (JJ slow) (JJ GI) (JJ Bleed)))))))))))) (. .)))</ParseTree></Sentence><Sentence id="1" offset="2947:2960"><Text>None current.</Text><Tokens Count="3"><Token POSTag="NN" globalID="573" id="0" offset="-1:3"><Text>None</Text></Token><Token POSTag="JJ" globalID="574" id="1" offset="-1:6"><Text>current</Text></Token><Token POSTag="." globalID="575" id="2" offset="2959:2960"><Text>.</Text></Token></Tokens><ParseTree>(S1 (S (NP (NP (QP (CD 01/19/98) (, ,) (CD 21:44)) (JJ MEDICAL) (NN SERVICE) (NN STUDENT) (NN ADMISSION) (NN NOTE) (NN Location)) (: :) (NP (NNP A-GM) (NNP Mr.) (NNP S))) (VP (VBZ is) (NP (NP (DT a) (ADJP (CD 65) (NN year) (JJ old)) (NN man)) (PP (IN with) (NP (NP (DT a) (NN history)) (PP (IN of) (NP (JJ Atrial) (NN Fibrillation))))) (, ,) (ADJP (NN S/P) (JJ Distant) (JJ stroke)) (, ,) (SBAR (WHNP (WP who)) (S (VP (VBZ has) (VP (VBN been) (RP off) (NP (NP (NN anticoagulation)) (PP (IN for) (NP (CD 4) (NN mos))) (PP (IN during) (NP (NP (NN evaluation)) (PP (IN of) (NP (JJ slow) (JJ GI) (JJ Bleed)))))))))))) (. .)))</ParseTree></Sentence></Sentences></Paragraph></Paragraphs></StartOutput>